rel_cont_area,rel_hull_area,num_defects,sum_angles,thumb,index,middle,ring,pinky
0.5287613924996265,0.6630061258030778,16,39.37884835182955,1,0,0,0,0
0.5287613924996265,0.6630061258030778,16,39.37884835182955,1,0,0,0,0
0.5624910624910625,0.6754351754351754,21,53.0651827673136,1,0,0,0,0
0.5723348217866788,0.6845035963528436,21,54.00987142792958,1,0,0,0,0
0.579220867208672,0.6833468834688347,17,43.778422628516964,1,0,0,0,0
0.579220867208672,0.6833468834688347,17,43.778422628516964,1,0,0,0,0
0.5914369981513625,0.6947137434204027,24,59.715707131336856,1,0,0,0,0
0.521171458998935,0.6990788072417465,20,47.82396694354939,1,0,0,0,0
0.5295247001870392,0.6933215975354825,18,43.30557902458541,1,0,0,0,0
0.5500698620982929,0.7048721219852986,18,42.738906324424256,1,0,0,0,0
0.5500698620982929,0.7048721219852986,18,42.738906324424256,1,0,0,0,0
0.5677283556229358,0.7140749363798798,18,44.661871037892965,1,0,0,0,0
0.5677283556229358,0.7140749363798798,18,44.661871037892965,1,0,0,0,0
0.5741254386957998,0.7120032831427601,20,49.04180147921349,1,0,0,0,0
0.5780685522953564,0.7139028401915,18,43.95388712378328,1,0,0,0,0
0.5835083713850837,0.7131506849315068,22,53.50950671358391,1,0,0,0,0
0.5876567398119122,0.7138401253918495,24,57.50600392196242,1,0,0,0,0
0.5919925754664757,0.7148311569898076,20,48.32901966200793,1,0,0,0,0
0.5899647887323943,0.7079896042924212,24,57.76338151877587,1,0,0,0,0
0.5902636216010779,0.7078395466952285,19,46.96518825619094,1,0,0,0,0
0.583909457799614,0.7123793648008423,19,46.6523022399623,1,0,0,0,0
0.578977994075328,0.7111369727747214,22,52.78420447254108,1,0,0,0,0
0.5739674005803038,0.6589541730670763,22,54.30113085955028,1,0,0,0,0
0.5804801941579266,0.6627697841726619,22,54.22584323205574,1,0,0,0,0
0.5789546933881466,0.6616992120589242,24,60.363337421922076,1,0,0,0,0
0.5785124841303427,0.6654358865848498,18,45.09665311559377,1,0,0,0,0
0.5882535094962841,0.672233691164327,19,46.27780026359455,1,0,0,0,0
0.5882535094962841,0.672233691164327,19,46.27780026359455,1,0,0,0,0
0.5886938775510204,0.6748775510204081,18,44.3367653534343,1,0,0,0,0
0.5886938775510204,0.6748775510204081,18,44.3367653534343,1,0,0,0,0
0.580752840909091,0.6679281655844156,20,49.86914068128207,1,0,0,0,0
0.5752482181848144,0.6706422774275944,20,49.433353941495795,1,0,0,0,0
0.5778642936596218,0.6694372347876241,18,43.75921148747779,1,0,0,0,0
0.5820010314595152,0.6731820526044353,18,44.71521438747743,1,0,0,0,0
0.5866214291698082,0.681222250146603,17,41.107036797992045,1,0,0,0,0
0.5688098747236551,0.672623434045689,20,47.9118102310547,1,0,0,0,0
0.5725248330890734,0.6770578895945286,15,36.45129030298571,1,0,0,0,0
0.5809047677112548,0.6803540218672519,18,45.124035999414275,1,0,0,0,0
0.5773643256185156,0.6754588986432561,17,42.181022507108366,1,0,0,0,0
0.5843795678901104,0.6780000400472558,16,39.519618293405216,1,0,0,0,0
0.5808134920634921,0.6794146825396825,14,34.78909528185336,1,0,0,0,0
0.5853571428571429,0.6808829365079365,16,39.15254204704753,1,0,0,0,0
0.5790487800082578,0.6768938872613594,20,48.43307626863489,1,0,0,0,0
0.5807201726844584,0.6773842229199372,18,43.97858720399746,1,0,0,0,0
0.585678561123401,0.6760123112436279,17,42.60608255861369,1,0,0,0,0
0.5741141884573727,0.673796998298004,21,51.17740911779909,1,0,0,0,0
0.5906203725352661,0.6831404411191645,16,40.04052802087355,1,0,0,0,0
0.5891200997583976,0.6862286649520692,20,48.98183968491254,1,0,0,0,0
0.5891200997583976,0.6862286649520692,20,48.98183968491254,1,0,0,0,0
0.5901218604286665,0.6835743113514361,21,50.77333211821855,1,0,0,0,0
0.5884270737754524,0.6811490931807976,16,39.68258565369755,1,0,0,0,0
0.5876226933647428,0.6863957597173145,16,38.62000487066888,1,0,0,0,0
0.5876226933647428,0.6863957597173145,16,38.62000487066888,1,0,0,0,0
0.5880233728803522,0.6835679175632193,19,45.42540498960311,1,0,0,0,0
0.5903156255614781,0.6857120041524426,15,36.84564749925664,1,0,0,0,0
0.5888083687688407,0.6846140025154219,16,39.09371498953424,1,0,0,0,0
0.584164083937067,0.6783563969441538,22,53.170558274085664,1,0,0,0,0
0.5860364473736451,0.679983721761226,16,38.93247414599923,1,0,0,0,0
0.5833071052010387,0.6754170273034857,17,41.939755548515336,1,0,0,0,0
0.5887684414365855,0.6824679084066998,20,48.818558282513166,1,0,0,0,0
0.5870697599871779,0.6825940617862724,15,36.02570522443666,1,0,0,0,0
0.5870697599871779,0.6817526144969347,19,45.94662329193823,1,0,0,0,0
0.5887206874397687,0.6844482814005782,18,43.72678936200007,1,0,0,0,0
0.5887206874397687,0.6844482814005782,18,43.72678936200007,1,0,0,0,0
0.5903647416413373,0.6876595744680851,13,31.588972686268974,1,0,0,0,0
0.5926097930338213,0.6873498233215548,14,34.16974780502363,1,0,0,0,0
0.5889432641044005,0.6816065886846503,23,56.30824721718584,1,0,0,0,0
0.5893908649637941,0.6824719503461447,16,39.45160298478568,1,0,0,0,0
0.5969136172166657,0.6877982072627817,20,48.208483162880825,1,0,0,0,0
0.5969136172166657,0.6877982072627817,20,48.208483162880825,1,0,0,0,0
0.5941310064546976,0.6897163120567376,15,35.77302410351057,1,0,0,0,0
0.5926722861598595,0.6856900329668161,12,29.505409104927445,1,0,0,0,0
0.5854608897935446,0.6847920907240477,21,51.03151823818814,1,0,0,0,0
0.597237269772481,0.6935458907289893,16,39.540943593475504,1,0,0,0,0
0.576670655547661,0.6803130025055159,15,36.43651413033306,1,0,0,0,0
0.5939876718824088,0.6910384068278805,18,42.607998066958146,1,0,0,0,0
0.5964309256992184,0.6976833976833977,18,42.73005294226835,1,0,0,0,0
0.5943561460060742,0.6923084089511636,19,47.01190593397292,1,0,0,0,0
0.5975000934893983,0.6971784899592386,19,46.477152660083895,1,0,0,0,0
0.5975000934893983,0.6971784899592386,19,46.477152660083895,1,0,0,0,0
0.5929831714730521,0.6915727629920676,20,48.00655494243605,1,0,0,0,0
0.5989491140136765,0.6998080828783841,18,43.58690077431573,1,0,0,0,0
0.6013888888888889,0.6998123123123123,17,41.01724450600435,1,0,0,0,0
0.6024315312277547,0.6970889063729347,19,46.500258512319725,1,0,0,0,0
0.606314384540191,0.6978156252349801,17,41.78834569537015,1,0,0,0,0
0.6079009322911761,0.7019305019305019,21,52.239455812011705,1,0,0,0,0
0.6032838784609045,0.6994586190101533,17,42.08701113051362,1,0,0,0,0
0.6042376871645164,0.6999434975044732,19,45.15339256433908,1,0,0,0,0
0.6077298894106954,0.7007460990758976,18,43.26110617947803,1,0,0,0,0
0.6077298894106954,0.7007460990758976,18,43.26110617947803,1,0,0,0,0
0.6018039788692818,0.6928178037540744,19,46.94715791780325,1,0,0,0,0
0.5992937694353903,0.6892398186654678,19,46.12386296733455,1,0,0,0,0
0.6017852459630587,0.6908976808662096,19,46.37437681269985,1,0,0,0,0
0.6054308594631175,0.6967441160989548,14,33.66946790099748,1,0,0,0,0
0.6009124565274298,0.692504020044127,20,48.35059095328061,1,0,0,0,0
0.6009124565274298,0.692504020044127,20,48.35059095328061,1,0,0,0,0
0.5995101155528963,0.6925133689839572,18,44.048789656282466,1,0,0,0,0
0.6057067520482154,0.7004991053771542,16,38.90082324687559,1,0,0,0,0
0.6013637555730396,0.6967142482484733,16,38.1075699361777,1,0,0,0,0
0.6013637555730396,0.6967142482484733,16,38.1075699361777,1,0,0,0,0
0.6022254692593009,0.6990839608856918,18,43.453184645285035,1,0,0,0,0
0.6022254692593009,0.6990839608856918,18,43.453184645285035,1,0,0,0,0
0.6043217535153019,0.6974678547259192,18,43.29569410431442,1,0,0,0,0
0.6012968380256759,0.6948704093610837,14,34.50153806095795,1,0,0,0,0
0.5955876920803782,0.6926159869976359,16,39.29125183318069,1,0,0,0,0
0.5955876920803782,0.6926159869976359,16,39.29125183318069,1,0,0,0,0
0.6027125248211007,0.6997302461503878,18,43.70422716041349,1,0,0,0,0
0.6009703645423551,0.6987655014798996,17,40.8446087095101,1,0,0,0,0
0.5963933575505967,0.6926569797612869,15,36.62014936329984,1,0,0,0,0
0.5963933575505967,0.6926569797612869,15,36.62014936329984,1,0,0,0,0
0.600216139670946,0.694218263802195,20,48.05369291552335,1,0,0,0,0
0.5950496701015643,0.6907572837126548,17,41.07095778989885,1,0,0,0,0
0.6013637555730396,0.6973324341538346,12,29.117624403814407,1,0,0,0,0
0.5941584967320261,0.6887626262626263,17,41.62528897113442,1,0,0,0,0
0.5941584967320261,0.6887626262626263,17,41.62528897113442,1,0,0,0,0
0.5971044737185339,0.6876781754830535,17,41.49135657274158,1,0,0,0,0
0.5981042298902252,0.693894945861901,16,39.37619498606517,1,0,0,0,0
0.5936939964157706,0.691821609916368,18,43.35761011406069,1,0,0,0,0
0.5948919340463458,0.6922719845513963,19,46.169295142346584,1,0,0,0,0
0.5948919340463458,0.6922719845513963,19,46.169295142346584,1,0,0,0,0
0.5996490442054958,0.6954991786140979,15,36.79762394660059,1,0,0,0,0
0.6003465687827237,0.6918891725204495,16,38.716279120487194,1,0,0,0,0
0.6042133363201911,0.6946124551971327,19,46.89608426723496,1,0,0,0,0
0.5989119132501486,0.6954471182412358,17,41.91659016386162,1,0,0,0,0
0.5990691489361702,0.6944536790780141,20,47.951700400999464,1,0,0,0,0
0.5979702275413712,0.68998411643026,16,39.356843627048406,1,0,0,0,0
0.6053800776583035,0.6972259557945042,18,44.45028362904603,1,0,0,0,0
0.6053800776583035,0.6972259557945042,18,44.45028362904603,1,0,0,0,0
0.5995966175082804,0.6919860111392779,19,45.8946410956468,1,0,0,0,0
0.5995966175082804,0.6919860111392779,19,45.8946410956468,1,0,0,0,0
0.6021598392677754,0.695306395803103,23,55.47177213351217,1,0,0,0,0
0.6030620977043569,0.6962086542396845,21,50.60129139000241,1,0,0,0,0
0.6011864973262032,0.697842394533571,18,43.74181394713816,1,0,0,0,0
0.5973330378250591,0.6926436908983451,17,41.95807044789574,1,0,0,0,0
0.6058525405727702,0.6982243008067972,14,34.53906527818741,1,0,0,0,0
0.6015487667227948,0.692420850063838,18,44.49224210972538,1,0,0,0,0
0.6063788082437276,0.6958912037037037,16,38.81959390965218,1,0,0,0,0
0.6019942067736186,0.6950571895424836,18,44.255451752613695,1,0,0,0,0
0.6019942067736186,0.6950571895424836,18,44.255451752613695,1,0,0,0,0
0.6027554961378491,0.6937667112299465,22,53.75738104477646,1,0,0,0,0
0.6013721776589424,0.6943794563279857,21,50.85804494549539,1,0,0,0,0
0.6019489835845646,0.6963889768767818,19,46.714056965081475,1,0,0,0,0
0.6000074272133096,0.6956885026737968,16,38.78078580284576,1,0,0,0,0
0.6045306899641577,0.6980380077658304,20,49.11543760363846,1,0,0,0,0
0.6038679808841099,0.6994754330943848,17,41.41848885919501,1,0,0,0,0
0.5988475177304965,0.6909537529550828,18,44.0536691047622,1,0,0,0,0
0.5988198138297872,0.6942597517730497,17,41.7168529053189,1,0,0,0,0
0.5971114066193853,0.6925051713947991,22,53.60018176651456,1,0,0,0,0
0.5971114066193853,0.6925051713947991,22,53.60018176651456,1,0,0,0,0
0.6009822489601901,0.6967283125371361,18,43.71713972761596,1,0,0,0,0
0.6020220588235294,0.6948529411764706,18,44.275110068397574,1,0,0,0,0
0.6009636809269162,0.6957256387403447,14,34.94820033975124,1,0,0,0,0
0.6004809120617944,0.6931261140819964,18,44.06874856825958,1,0,0,0,0
0.5988013445626478,0.691655585106383,17,41.02489753427442,1,0,0,0,0
0.5988013445626478,0.691655585106383,17,41.02489753427442,1,0,0,0,0
0.6018827985739751,0.6929125816993464,15,36.93104730983177,1,0,0,0,0
0.6018827985739751,0.6929125816993464,15,36.93104730983177,1,0,0,0,0
0.6021798871063577,0.6924390968508616,20,48.663900076902095,1,0,0,0,0
0.6026812240047534,0.6951314616755794,17,42.32751912520853,1,0,0,0,0
0.6015114379084967,0.6957627748068924,17,42.09179992584372,1,0,0,0,0
0.6029411764705882,0.696310531788473,18,43.120957604271304,1,0,0,0,0
0.6034610814022578,0.6954564022578729,18,43.892383887590384,1,0,0,0,0
0.6009451128936423,0.6948065210932858,19,46.275497246924836,1,0,0,0,0
0.6023191473559121,0.6968304367201426,18,44.06914281860308,1,0,0,0,0
0.6009729649435532,0.6936831550802139,16,39.41505741075546,1,0,0,0,0
0.5952472810111699,0.687334656084656,16,39.274927617239385,1,0,0,0,0
0.6005559249408984,0.6935856235224587,18,43.591219669419495,1,0,0,0,0
0.5996089406182815,0.6941582029802061,16,40.39886908456032,1,0,0,0,0
0.6001680703309693,0.6936317966903073,18,43.80137311971271,1,0,0,0,0
0.6023241159463266,0.6943620728000593,17,40.50386373554501,1,0,0,0,0
0.6023241159463266,0.6943620728000593,17,40.50386373554501,1,0,0,0,0
0.5997248079196218,0.6925144060283688,20,48.756766573577856,1,0,0,0,0
0.6008889788706472,0.6917930501361996,15,36.70196625100829,1,0,0,0,0
0.59694518321513,0.6905289598108747,20,48.71787496910804,1,0,0,0,0
0.6003137997623291,0.6943423202614379,16,39.16806301343537,1,0,0,0,0
0.5997143817204301,0.6958258661887694,18,43.61299518337357,1,0,0,0,0
0.5948304521276596,0.6882757092198581,20,48.465317097366515,1,0,0,0,0
0.5960032505910166,0.6898917700945626,17,41.03801430259669,1,0,0,0,0
0.5960771276595744,0.6917664007092199,19,45.12392164590421,1,0,0,0,0
0.6028692502986858,0.6956671893667862,19,45.86777408961036,1,0,0,0,0
0.6028692502986858,0.6956671893667862,19,45.86777408961036,1,0,0,0,0
0.6067473723723724,0.7011448948948948,16,38.64298150038215,1,0,0,0,0
0.6015672705068187,0.6957515311881279,19,46.770914681783886,1,0,0,0,0
0.6019292186571599,0.6959670231729055,17,41.58308827547279,1,0,0,0,0
0.6011215092097445,0.6948343731431966,19,46.252435069525156,1,0,0,0,0
0.6007346002257462,0.6913846381585034,21,51.444352144547665,1,0,0,0,0
0.5987824510112318,0.6901263808448828,16,39.8171367540737,1,0,0,0,0
0.5960115585658544,0.6883144371641022,19,47.22319019806137,1,0,0,0,0
0.6014278817587642,0.6929497177658942,17,41.89947306438295,1,0,0,0,0
0.6010565210932858,0.6951036096256684,19,45.65141203009453,1,0,0,0,0
0.6010565210932858,0.6951036096256684,19,45.65141203009453,1,0,0,0,0
0.600109551396316,0.6963755199049316,17,41.260183634603415,1,0,0,0,0
0.5997289067142009,0.6933953505644682,18,43.95103279668379,1,0,0,0,0
0.601010101010101,0.6939431075460487,15,36.79785192286112,1,0,0,0,0
0.5970282949172577,0.6900118203309693,17,40.766061308835,1,0,0,0,0
0.5995525103980986,0.6946115567439097,16,38.79149520543814,1,0,0,0,0
0.59694518321513,0.6908152334515366,17,41.354593252085515,1,0,0,0,0
0.59694518321513,0.6908152334515366,17,41.354593252085515,1,0,0,0,0
0.5988747771836007,0.6952614379084967,14,33.474033206140206,1,0,0,0,0
0.5920912169623794,0.6904678642420673,20,48.26790320355552,1,0,0,0,0
0.6013164735591207,0.6964869281045751,16,39.27487994071609,1,0,0,0,0
0.5964830376595083,0.6852675710807199,18,44.79865498449557,1,0,0,0,0
0.5979476758023471,0.6919225206422438,17,41.83210178573012,1,0,0,0,0
0.5962931207472134,0.6925497564624113,15,36.553376986660794,1,0,0,0,0
0.5962931207472134,0.6925497564624113,15,36.553376986660794,1,0,0,0,0
0.6018577025148489,0.6925673845931649,19,46.90299069656516,1,0,0,0,0
0.6027245949926362,0.6927511764071985,21,51.125161772223045,1,0,0,0,0
0.6044128740256475,0.6956158626387442,19,46.379328537427476,1,0,0,0,0
0.6044128740256475,0.6956158626387442,19,46.379328537427476,1,0,0,0,0
0.6065856950067476,0.6976698155645524,18,44.43794318054132,1,0,0,0,0
0.6070175438596491,0.6994897959183674,15,36.044738352111025,1,0,0,0,0
0.6070175438596491,0.6994897959183674,15,36.044738352111025,1,0,0,0,0
0.6097582264118007,0.6960286287858951,24,58.684903158315315,1,0,0,0,0
0.6126615646258503,0.6995238095238095,22,53.22002194860294,1,0,0,0,0
0.6083162796693469,0.7022188562496978,20,46.583068888132374,1,0,0,0,0
0.4478774078726968,0.7323073701842546,9,21.474368452507616,1,0,0,0,0
0.38953105348266154,0.5802015332095586,17,41.59935714909023,0,1,0,0,0
0.387196451394632,0.5761672054732727,14,34.62012875234561,0,1,0,0,0
0.387196451394632,0.5761672054732727,14,34.62012875234561,0,1,0,0,0
0.3911948922488967,0.5784437131288008,13,31.963348817837716,0,1,0,0,0
0.3911948922488967,0.5784437131288008,13,31.963348817837716,0,1,0,0,0
0.3917151603321816,0.5800978965872583,13,31.728724143616546,0,1,0,0,0
0.38673607967406065,0.5753734721593481,14,34.68578530925516,0,1,0,0,0
0.3888206946717585,0.5736497545008183,14,34.77079518919533,0,1,0,0,0
0.38979176097781804,0.5787384940395353,13,32.472933562055076,0,1,0,0,0
0.38955786932246866,0.5754036517277803,17,40.17303832095952,0,1,0,0,0
0.3940413408498515,0.5823331514820876,11,26.902037445060923,0,1,0,0,0
0.3948270371100563,0.5800360939656349,12,28.751938776416143,0,1,0,0,0
0.3939246879691836,0.5827962207494806,11,26.635448014756474,0,1,0,0,0
0.3909203081738293,0.5795488744432407,18,43.092803884330195,0,1,0,0,0
0.3919467850563257,0.5824348403853704,13,30.939674130891326,0,1,0,0,0
0.3890845070422535,0.5743875647044661,14,34.25577451949189,0,1,0,0,0
0.3890845070422535,0.5743875647044661,14,34.25577451949189,0,1,0,0,0
0.4191628688996062,0.6093166969013171,16,38.73300496316027,0,1,0,0,0
0.4191628688996062,0.6093166969013171,16,38.73300496316027,0,1,0,0,0
0.4084309764309764,0.6037239057239058,16,38.245830606510786,0,1,0,0,0
0.4110416745096563,0.6178079785164828,18,44.279660079383525,0,1,0,0,0
0.41673629679144386,0.6244509167303285,17,40.86086406524071,0,1,0,0,0
0.42104426654108784,0.6256769484341889,16,38.929353390409545,0,1,0,0,0
0.42595445371929447,0.6314918974432463,17,41.748620391138125,0,1,0,0,0
0.42080718906561604,0.6240636704119851,18,42.88974959518376,0,1,0,0,0
0.4297989441761204,0.6308547680557116,23,56.19340706406861,0,1,0,0,0
0.4297989441761204,0.6308547680557116,23,56.19340706406861,0,1,0,0,0
0.4322037083437735,0.6263718366324229,22,53.95594844623043,0,1,0,0,0
0.4318990985531399,0.6219036436633588,16,39.52665135617073,0,1,0,0,0
0.4318990985531399,0.6219036436633588,16,39.52665135617073,0,1,0,0,0
0.4328333712092518,0.6311138045097594,16,38.47795675183886,0,1,0,0,0
0.42931845694959253,0.6231420120558613,19,46.98699566263707,0,1,0,0,0
0.42641099502001756,0.624676545259252,20,49.12251938826509,0,1,0,0,0
0.4272994363832594,0.632036215373546,18,43.79104112796736,0,1,0,0,0
0.42977076094307504,0.6378582589025442,21,51.17476072842741,0,1,0,0,0
0.42730592985799193,0.6340172859670614,20,49.13072923392635,0,1,0,0,0
0.42730592985799193,0.6340172859670614,20,49.13072923392635,0,1,0,0,0
0.43390621917267685,0.6436197031808317,20,49.411114153933774,0,1,0,0,0
0.42801224226804124,0.639014175257732,18,44.561478775288975,0,1,0,0,0
0.43067383833856265,0.6417792576465817,22,54.971311400487515,0,1,0,0,0
0.4320254417556496,0.6435942798171901,17,42.13565047907074,0,1,0,0,0
0.4326362451108214,0.6452255541069101,20,49.93827783651586,0,1,0,0,0
0.4332881355932203,0.640787483702738,19,47.19978087305656,0,1,0,0,0
0.4349441989991415,0.6463232060972801,16,40.02806333617619,0,1,0,0,0
0.4367950582927498,0.646854510572808,17,42.311274829763924,0,1,0,0,0
0.4344970800919191,0.6425010014125188,17,43.2178500989253,0,1,0,0,0
0.43611352877491666,0.6445857303585455,18,45.146510117227514,0,1,0,0,0
0.4392899408284024,0.6424152770306616,18,44.362383755692406,0,1,0,0,0
0.4432954041992198,0.6463351379388595,18,44.362927580660624,0,1,0,0,0
0.4470721085789002,0.6483612668979155,18,43.91075379822249,0,1,0,0,0
0.4475618864703372,0.64851152368758,20,49.552733149225425,0,1,0,0,0
0.4475618864703372,0.64851152368758,20,49.552733149225425,0,1,0,0,0
0.4565355851413544,0.6560650887573964,24,59.48798257771037,0,1,0,0,0
0.4921688867229803,0.6459010179770414,19,47.57730373264639,0,1,0,0,0
0.4921688867229803,0.6459010179770414,19,47.57730373264639,0,1,0,0,0
0.5018357487922706,0.6444168391994479,19,47.188671072762254,0,1,0,0,0
0.5075091365920512,0.6507680447693011,18,44.8830123376706,0,1,0,0,0
0.5157063802083334,0.6542154947916666,15,37.7162330043058,0,1,0,0,0
0.5244970193740686,0.6623742548435171,13,32.9621432049792,0,1,0,0,0
0.5244970193740686,0.6623742548435171,13,32.9621432049792,0,1,0,0,0
0.5330246039546235,0.6694207992537189,11,28.18545592404989,0,1,0,0,0
0.5330246039546235,0.6694207992537189,11,28.18545592404989,0,1,0,0,0
0.5321071368028479,0.6616968977792846,13,32.80726310171204,0,1,0,0,0
0.538375054896794,0.6682476943346508,13,33.55863570407103,0,1,0,0,0
0.5275024295432459,0.6580174927113702,17,42.3596130910995,0,1,0,0,0
0.526009364784875,0.6620549518508703,15,37.6753326379262,0,1,0,0,0
0.526009364784875,0.6620549518508703,15,37.6753326379262,0,1,0,0,0
0.5268266046642711,0.6597530472768266,15,38.26741720865277,0,1,0,0,0
0.5268266046642711,0.6597530472768266,15,38.26741720865277,0,1,0,0,0
0.5249238365374514,0.6583061946282873,14,35.94656245942312,0,1,0,0,0
0.5225128794207742,0.6551622110832637,14,35.83256305331188,0,1,0,0,0
0.5255669419179134,0.65705033082523,11,27.89721552951478,0,1,0,0,0
0.5255669419179134,0.65705033082523,11,27.89721552951478,0,1,0,0,0
0.5223604748021657,0.6524364847980009,13,33.39185094147648,0,1,0,0,0
0.5275205403147194,0.6605800027851274,12,30.610061576726945,0,1,0,0,0
0.5215493443754313,0.656935817805383,17,42.0101515870824,0,1,0,0,0
0.5215493443754313,0.656935817805383,17,42.0101515870824,0,1,0,0,0
0.5243530020703934,0.6610248447204969,16,39.92299606719555,0,1,0,0,0
0.5278265207817231,0.6622367877786953,12,30.83094081849835,0,1,0,0,0
0.5249134594069198,0.65758061490715,13,32.237094755213924,0,1,0,0,0
0.5284347662977679,0.6649131183602476,13,34.45893564089939,0,1,0,0,0
0.5278059499661933,0.6629141311697092,12,30.502737705570315,0,1,0,0,0
0.5242137002732058,0.6572349570200573,11,27.242909170569984,0,1,0,0,0
0.526204318936877,0.6588870431893687,16,40.00239854620703,0,1,0,0,0
0.524547803617571,0.6595275955741072,16,39.97170653193467,0,1,0,0,0
0.5294646873594242,0.6624181536462238,16,40.000726837741674,0,1,0,0,0
0.5294646873594242,0.6624181536462238,16,40.000726837741674,0,1,0,0,0
0.5263336085879439,0.6598596201486375,15,37.55434044516966,0,1,0,0,0
0.5259950454170107,0.66177539223782,17,42.55674767760954,0,1,0,0,0
0.5271098265895954,0.6596779521056978,15,37.74047315538695,0,1,0,0,0
0.5254668511016698,0.6572884761057867,16,40.04808093707932,0,1,0,0,0
0.5257142857142857,0.6623563218390804,15,37.948040206475056,0,1,0,0,0
0.5278117258464079,0.6632039636663914,13,32.84798501866299,0,1,0,0,0
0.5268199233716475,0.6611897042931526,15,38.14690879133172,0,1,0,0,0
0.5268199233716475,0.6611897042931526,15,38.14690879133172,0,1,0,0,0
0.5264580067920586,0.6592541797283177,14,35.75275720750516,0,1,0,0,0
0.5264580067920586,0.6592541797283177,14,35.75275720750516,0,1,0,0,0
0.5311249444197421,0.6636776839088978,14,35.317379122184015,0,1,0,0,0
0.5263123424042965,0.6597570160788552,17,42.65265422449523,0,1,0,0,0
0.5274503061859384,0.6593067426400759,17,42.663418722970555,0,1,0,0,0
0.5286535303776683,0.6582348111658457,15,37.950569579832816,0,1,0,0,0
0.5293021346469622,0.6596715927750411,14,35.484337649580475,0,1,0,0,0
0.5263860235124603,0.6611569571339686,15,37.76944846327149,0,1,0,0,0
0.529848657016287,0.6643611152281672,13,32.72126346317224,0,1,0,0,0
0.5259177859177859,0.6588766788766789,17,42.63163370467746,0,1,0,0,0
0.5259177859177859,0.6588766788766789,17,42.63163370467746,0,1,0,0,0
0.5302850649671459,0.6641223259720369,11,28.326829062744803,0,1,0,0,0
0.5270621081504702,0.6651727403343782,13,32.72467940537092,0,1,0,0,0
0.5265377226400964,0.6630034840936472,15,37.920341464400316,0,1,0,0,0
0.5265377226400964,0.6630034840936472,15,37.920341464400316,0,1,0,0,0
0.5349001910534291,0.670416364714408,18,44.411249952948666,0,1,0,0,0
0.5349001910534291,0.670416364714408,18,44.411249952948666,0,1,0,0,0
0.5329950072263828,0.669475101826304,17,42.15611241474952,0,1,0,0,0
0.5285732839794792,0.6664637314111306,14,35.3822475010957,0,1,0,0,0
0.5302617053055393,0.6648889538281707,17,42.03854625551505,0,1,0,0,0
0.5342167140197903,0.6677851801051566,18,45.571873866530794,0,1,0,0,0
0.5361026746350543,0.6688465432219719,14,35.488402871534646,0,1,0,0,0
0.5409111811851268,0.6755846800683222,17,41.573030863269906,0,1,0,0,0
0.5409111811851268,0.6755846800683222,17,41.573030863269906,0,1,0,0,0
0.542888200803742,0.6737103893537124,13,32.56589354409292,0,1,0,0,0
0.541340009223269,0.6758679754924567,15,37.78443926452764,0,1,0,0,0
0.5395972933911444,0.6735892129812114,13,32.648111224112625,0,1,0,0,0
0.5403035080804099,0.6734660360005256,12,29.690739967270318,0,1,0,0,0
0.5405416502430692,0.6732196820391538,14,34.58046638924536,0,1,0,0,0
0.5383478658437021,0.6696221547304138,15,37.31042088457493,0,1,0,0,0
0.5360498249613287,0.6715867459089799,16,39.07630300915016,0,1,0,0,0
0.536318488968493,0.6748269966620533,12,29.742338533147798,0,1,0,0,0
0.5371733289912888,0.6723683139298217,13,33.02318171753456,0,1,0,0,0
0.53701050232028,0.671383212570219,13,32.82851011806109,0,1,0,0,0
0.5374252963652395,0.6721041115574279,12,30.306125400106833,0,1,0,0,0
0.5369779369860783,0.6711552552308068,11,28.145270172691028,0,1,0,0,0
0.5373931449971505,0.6715053325734756,18,44.43892897848259,0,1,0,0,0
0.5387771717007246,0.6722543352601156,13,32.28447260031338,0,1,0,0,0
0.5380212925769896,0.6739247575193494,12,30.820179482724818,0,1,0,0,0
0.5367721498318148,0.6756311028379217,11,27.90991991545674,0,1,0,0,0
0.5374742823552464,0.6744227817510858,12,30.234759814267758,0,1,0,0,0
0.5384131804970446,0.6729123803925411,12,29.853843020883282,0,1,0,0,0
0.5362045102987869,0.6735406659610844,16,39.88469985962496,0,1,0,0,0
0.5378416772802979,0.67347571927762,15,37.661312829826386,0,1,0,0,0
0.5385519741353972,0.6736063485843049,13,32.653321680067464,0,1,0,0,0
0.538785313034275,0.6721566392575103,15,36.6684148298603,0,1,0,0,0
0.5403209957418932,0.6764002620373403,15,36.70844203846425,0,1,0,0,0
0.541756996452503,0.67798252529234,12,29.804043748959185,0,1,0,0,0
0.5436448937787028,0.6796180658803317,12,29.603075126388436,0,1,0,0,0
0.5412232295361976,0.6764058599395611,15,37.000772718311914,0,1,0,0,0
0.5401146367100249,0.676192353173039,12,30.12907655932054,0,1,0,0,0
0.5401146367100249,0.676192353173039,12,30.12907655932054,0,1,0,0,0
0.5393837866246223,0.6752315727236894,12,29.941458663913544,0,1,0,0,0
0.5390799500722638,0.6742625804756274,14,35.389665356078105,0,1,0,0,0
0.5407544683304505,0.6771353265793592,14,34.70954585403721,0,1,0,0,0
0.5429015098952654,0.6765784517791654,12,30.72032325417845,0,1,0,0,0
0.5417368751445468,0.6766610499884362,13,32.98682333211544,0,1,0,0,0
0.5391210090658258,0.6742461568782026,13,32.353937693586445,0,1,0,0,0
0.5406976744186046,0.6776302786744844,11,27.62197740653121,0,1,0,0,0
0.5406976744186046,0.6776302786744844,11,27.62197740653121,0,1,0,0,0
0.5397943765602418,0.6741229798975168,13,32.47774536330084,0,1,0,0,0
0.5382177112074629,0.6741722506897911,13,32.552135655158665,0,1,0,0,0
0.5410435470057317,0.6740233216944462,15,36.76508138806887,0,1,0,0,0
0.5405165030634429,0.6746903616839054,15,36.74302441989751,0,1,0,0,0
0.5397424072732064,0.6732492259042098,15,37.73411372464468,0,1,0,0,0
0.5402529810922986,0.674550365636735,13,31.830201822851073,0,1,0,0,0
0.5396465641834187,0.6746238996189725,11,27.347973393242583,0,1,0,0,0
0.5396465641834187,0.6746238996189725,11,27.347973393242583,0,1,0,0,0
0.5396958349756931,0.6741311916962291,13,32.35073466044036,0,1,0,0,0
0.5396547759821311,0.6735974247799238,12,29.978779748294148,0,1,0,0,0
0.5393837866246223,0.6745992642228353,14,34.91271232445629,0,1,0,0,0
0.5440418799595779,0.6782880241207362,11,28.06085922515336,0,1,0,0,0
0.5443069429948809,0.6800689163891788,11,27.783559022124706,0,1,0,0,0
0.5443069429948809,0.6800689163891788,11,27.783559022124706,0,1,0,0,0
0.5401967546971489,0.6754286558927868,14,34.36695176930824,0,1,0,0,0
0.540517014846932,0.6773666403889108,14,34.340074479084564,0,1,0,0,0
0.5402460254894232,0.6751740901327027,14,34.57385376282651,0,1,0,0,0
0.5401146367100249,0.6746895940086717,16,39.12043321349833,0,1,0,0,0
0.5388992905005913,0.6741147680988043,15,37.3718773880311,0,1,0,0,0
0.5407539564542241,0.6756781312981135,19,47.56875977836393,0,1,0,0,0
0.5395612359180446,0.6748880031622636,14,34.51512555963007,0,1,0,0,0
0.5350821331765782,0.6680301100551909,18,44.33552638403079,0,1,0,0,0
0.5350821331765782,0.6680301100551909,18,44.33552638403079,0,1,0,0,0
0.5379056628563921,0.6701402575220076,16,39.30969830136052,0,1,0,0,0
0.5408212003425785,0.673100994795441,13,32.43444074406978,0,1,0,0,0
0.5390799500722638,0.6739587439232689,10,25.78542035939722,0,1,0,0,0
0.5389239258967284,0.6708300486138484,13,32.20564155089839,0,1,0,0,0
0.5406647341722116,0.6733645167665854,16,39.50542851295095,0,1,0,0,0
0.5412164832992951,0.674360959219975,14,35.02975973067465,0,1,0,0,0
0.5403938378662462,0.6731868348443043,14,34.93150072031772,0,1,0,0,0
0.5396958349756931,0.6730718696623308,12,30.233610960529564,0,1,0,0,0
0.5403363552752595,0.6720618184207069,15,36.799095118724345,0,1,0,0,0
0.5403363552752595,0.6720618184207069,15,36.799095118724345,0,1,0,0,0
0.5394659046117461,0.672653067927999,14,35.36189131321876,0,1,0,0,0
0.5389075022993036,0.6736056365786361,15,37.07323098593541,0,1,0,0,0
0.5399996715280515,0.6725463145447379,12,30.497132718870454,0,1,0,0,0
0.540032518722901,0.6760609643936408,15,37.10680557703761,0,1,0,0,0
0.5412396531336224,0.6730636578636184,15,37.340305202406746,0,1,0,0,0
0.5403774142688215,0.6739423203258442,14,34.444259944386424,0,1,0,0,0
0.5397012319652151,0.6741550826800184,13,32.595941144077926,0,1,0,0,0
0.5381848640126133,0.6744268164498752,16,39.656939382619996,0,1,0,0,0
0.5381848640126133,0.6744268164498752,16,39.656939382619996,0,1,0,0,0
0.5397094670268133,0.6745915409447263,11,27.900669667487215,0,1,0,0,0
0.5342412070147937,0.6688302145586362,14,35.37368904173825,0,1,0,0,0
0.5342412070147937,0.6688302145586362,14,35.37368904173825,0,1,0,0,0
0.5391741880229264,0.6736692140457211,17,43.01483431641923,0,1,0,0,0
0.5391741880229264,0.6736692140457211,17,43.01483431641923,0,1,0,0,0
0.5384330324790829,0.6721210224652481,12,30.384846020232487,0,1,0,0,0
0.5369975039411455,0.6708404492905938,16,40.47490148130501,0,1,0,0,0
0.5404176823242638,0.6757362145068845,11,27.583816428790993,0,1,0,0,0
0.5404176823242638,0.6757362145068845,11,27.583816428790993,0,1,0,0,0
0.5397368939692551,0.6747224412035212,14,35.36827879273183,0,1,0,0,0
0.5371395447568662,0.6714183076973319,15,36.63394665403332,0,1,0,0,0
0.5363836196368965,0.6714483432386225,13,32.66095333659345,0,1,0,0,0
0.5372547423267932,0.670935439224945,11,28.090339009715766,0,1,0,0,0
0.5384684478703946,0.6737408544551868,17,42.1672107191964,0,1,0,0,0
0.5384684478703946,0.6737408544551868,17,42.1672107191964,0,1,0,0,0
0.5366720015678077,0.673936830415469,12,31.524974433142365,0,1,0,0,0
0.5366720015678077,0.673936830415469,12,31.524974433142365,0,1,0,0,0
0.5379220864538169,0.6752069373275522,14,35.80397747605468,0,1,0,0,0
0.5409522389543263,0.6786856186736908,11,27.87904119059869,0,1,0,0,0
0.5410267879330053,0.6736659874426387,12,30.144525822954265,0,1,0,0,0
0.540339280685188,0.6754303132713748,15,37.24828935976693,0,1,0,0,0
0.540339280685188,0.6754303132713748,15,37.24828935976693,0,1,0,0,0
0.5388459378200681,0.6731836653781346,13,32.75886971641386,0,1,0,0,0
0.5388459378200681,0.6731836653781346,13,32.75886971641386,0,1,0,0,0
0.5359872191843995,0.6733233414585941,19,47.07946939027578,0,1,0,0,0
0.5400468500797448,0.6772910021265285,16,38.98840044262207,0,1,0,0,0
0.5425772144522144,0.7867770250582751,13,30.084226747832794,0,1,1,0,0
0.5474788369525212,0.7945804195804196,12,27.29489663664394,0,1,1,0,0
0.5463285585236805,0.7921943845288792,9,21.011710559712945,0,1,1,0,0
0.5401235676568842,0.7871600991414921,15,35.41468563107948,0,1,1,0,0
0.5459104938271605,0.793476263962375,13,30.69412324573121,0,1,1,0,0
0.5459104938271605,0.793476263962375,13,30.69412324573121,0,1,1,0,0
0.5403069825215154,0.7888208677136013,13,30.932315027055527,0,1,1,0,0
0.5477941176470589,0.7972354382929643,13,30.41994057087305,0,1,1,0,0
0.5399527393663575,0.7893050936460704,12,28.45881424296501,0,1,1,0,0
0.5416034329373594,0.7907879358766375,16,38.68964638002764,0,1,1,0,0
0.5413971100130746,0.7934644185217259,14,33.45442911249654,0,1,1,0,0
0.5399669284828441,0.7998511781727987,15,35.77993891307655,0,1,1,0,0
0.5361377436880792,0.7985218919782678,16,38.374066681351906,0,1,1,0,0
0.5268523880642506,0.7973345728306257,16,37.91223094068076,0,1,1,0,0
0.5071957236842105,0.7833130104355717,17,38.922311567072626,0,1,1,0,0
0.5071957236842105,0.7833130104355717,17,38.922311567072626,0,1,1,0,0
0.4879983753259175,0.7719691311924322,19,44.48062203730606,0,1,1,0,0
0.46527345433647815,0.760775346008333,16,37.21981606580944,0,1,1,0,0
0.4497378593326521,0.7544097391922513,16,37.21403650491659,0,1,1,0,0
0.5431258396775638,0.7618823705030602,11,26.182952900189523,0,1,1,0,0
0.5518068720379147,0.7703050947867298,10,22.79816151626169,0,1,1,0,0
0.562722616349239,0.7714594801448295,17,40.73104269948619,0,1,1,0,0
0.564499484004128,0.7685021376971841,19,45.10598480092356,0,1,1,0,0
0.564499484004128,0.7685021376971841,19,45.10598480092356,0,1,1,0,0
0.5604029304029304,0.7623663003663004,16,38.00443399788372,0,1,1,0,0
0.5604029304029304,0.7623663003663004,16,38.00443399788372,0,1,1,0,0
0.558202250457942,0.7576687116564417,13,31.949921435990902,0,1,1,0,0
0.5534371059611287,0.7554821224111193,13,31.592155537337195,0,1,1,0,0
0.5477679021593512,0.751566573992711,17,40.47521643151449,0,1,1,0,0
0.5530991824286594,0.7526524534299337,12,28.790162101819885,0,1,1,0,0
0.5545239121068505,0.753008760591699,17,39.74981854560904,0,1,1,0,0
0.5590832481021046,0.759136547631052,15,35.657807164113045,0,1,1,0,0
0.5608885017421603,0.762434668989547,13,31.049515208605428,0,1,1,0,0
0.5558276552528847,0.7576167907921463,18,43.7398019124225,0,1,1,0,0
0.5571673461156168,0.7586899840101413,16,38.18227118596187,0,1,1,0,0
0.5571673461156168,0.7586899840101413,16,38.18227118596187,0,1,1,0,0
0.5570809144470534,0.7531151413878044,16,39.12004095236995,0,1,1,0,0
0.5608090474119182,0.7579817311874728,14,33.195908845587766,0,1,1,0,0
0.562594696969697,0.760613344988345,16,38.07616681587119,0,1,1,0,0
0.5597071190372626,0.7595983761055531,15,36.43458907139982,0,1,1,0,0
0.5582934609250398,0.7592214006089604,17,41.39332370992253,0,1,1,0,0
0.5627317810968426,0.7619217288870145,17,41.22030524206792,0,1,1,0,0
0.553982683982684,0.7580735930735931,16,38.44541750787055,0,1,1,0,0
0.5626966783216784,0.7622668997668998,16,38.1684295555967,0,1,1,0,0
0.5592073083009639,0.7612645662494605,17,41.50285748184337,0,1,1,0,0
0.5641945773524721,0.7663041902276352,14,34.23356710573562,0,1,1,0,0
0.5625161847216228,0.7648683642641346,14,32.96319085019498,0,1,1,0,0
0.5625161847216228,0.7648683642641346,14,32.96319085019498,0,1,1,0,0
0.5591414785011669,0.7608639624289457,16,38.93982829127433,0,1,1,0,0
0.5591414785011669,0.7608639624289457,16,38.93982829127433,0,1,1,0,0
0.5651136905708379,0.7659983521010711,15,36.577573330094914,0,1,1,0,0
0.5673470272770639,0.7666705214010032,16,38.41673885748251,0,1,1,0,0
0.5645068311523607,0.7668040583386176,16,38.9696108637441,0,1,1,0,0
0.5641064257028112,0.7639916810097533,14,33.97541031307444,0,1,1,0,0
0.5658275960986804,0.7645725760183592,14,33.53546448453635,0,1,1,0,0
0.5684988758863204,0.7676255260275552,14,33.48157855076973,0,1,1,0,0
0.5667406467977172,0.7683893468611287,14,33.990112981502534,0,1,1,0,0
0.5676774081973829,0.7692396379777483,13,30.97560055479877,0,1,1,0,0
0.5677951401436853,0.7686292082857514,13,31.04959183408633,0,1,1,0,0
0.5650338080851676,0.7658538339807222,15,35.34585154149631,0,1,1,0,0
0.5668177240684793,0.7666163141993958,17,39.97240751985944,0,1,1,0,0
0.5697755099090764,0.7685786148975845,19,45.402711096893746,0,1,1,0,0
0.5672738802098346,0.7688721392748026,17,40.33111093999017,0,1,1,0,0
0.568707845737015,0.7685046405718569,13,30.01039446020739,0,1,1,0,0
0.5664156626506024,0.7663726333907057,16,38.24661080083003,0,1,1,0,0
0.567151380642186,0.7703565458004266,14,33.77843767224913,0,1,1,0,0
0.5666551719183298,0.7685245053666107,14,33.553487618629305,0,1,1,0,0
0.5719648930650832,0.7725183028765781,16,38.026818301432506,0,1,1,0,0
0.5704460699942627,0.7692484222604704,19,44.8473685043043,0,1,1,0,0
0.5711524922051238,0.7662255556992399,15,35.46083534034605,0,1,1,0,0
0.5697002294893861,0.7648379231210557,16,38.637430601937794,0,1,1,0,0
0.5735772416484771,0.7741294323421848,13,30.390976706866923,0,1,1,0,0
0.5717270997867067,0.7695999308237735,15,35.679386187762454,0,1,1,0,0
0.5717919524989912,0.7689514037009281,15,35.29385085163175,0,1,1,0,0
0.5692340791738382,0.7661001147446931,16,37.872380910998615,0,1,1,0,0
0.5682013769363167,0.7650817555938038,13,31.11177785320034,0,1,1,0,0
0.5675344234079174,0.7653973034997131,13,31.670932627982538,0,1,1,0,0
0.5680579460699943,0.7656913367756741,17,41.539471233634664,0,1,1,0,0
0.5666504882087592,0.7649745903043453,16,38.03915052039139,0,1,1,0,0
0.5695424555364315,0.7682013769363167,19,44.806943047267744,0,1,1,0,0
0.5665499622845594,0.7640080839132972,14,33.15118247479394,0,1,1,0,0
0.5719072462097192,0.7706736035049289,16,38.473696633403804,0,1,1,0,0
0.5715576592082616,0.767161503155479,18,42.723039188436154,0,1,1,0,0
0.5715289730349972,0.767039586919105,15,35.406040382255874,0,1,1,0,0
0.5768648757710267,0.77026286966046,15,35.15977139190961,0,1,1,0,0
0.5712069212069212,0.7681538681538681,15,35.458361193742675,0,1,1,0,0
0.573823866896156,0.7681224899598393,14,32.769154220587325,0,1,1,0,0
0.5701693028036315,0.7652600925027123,15,36.040158745144446,0,1,1,0,0
0.5721864721864722,0.7650436150436151,10,23.621956231324127,0,1,1,0,0
0.5715787215787216,0.767038467038467,14,32.71834493426849,0,1,1,0,0
0.5715787215787216,0.767038467038467,14,32.71834493426849,0,1,1,0,0
0.5744797371303395,0.768778463134836,16,37.1426648663017,0,1,1,0,0
0.5746166484118291,0.7707528679310544,16,38.02981121397431,0,1,1,0,0
0.5747247362656367,0.769520666397648,13,31.770755523163587,0,1,1,0,0
0.5672155688622754,0.7650128314798973,12,28.07428827481098,0,1,1,0,0
0.5690690690690691,0.7649006149006149,14,33.9695652608489,0,1,1,0,0
0.5682897182897183,0.7667667667667668,18,43.60730187877965,0,1,1,0,0
0.5712283712283712,0.7684899184899185,16,38.05595497337133,0,1,1,0,0
0.5712062535857717,0.770109007458405,17,40.845741712740484,0,1,1,0,0
0.5712062535857717,0.770109007458405,17,40.845741712740484,0,1,1,0,0
0.5746199082042456,0.7684882386689615,16,37.6483240741959,0,1,1,0,0
0.572965822965823,0.7653296153296153,12,28.674194044502954,0,1,1,0,0
0.5732160732160733,0.765994565994566,19,45.32108814655957,0,1,1,0,0
0.5756282598387862,0.7703780335359283,16,37.3503566326814,0,1,1,0,0
0.5715996578272028,0.7635942400912461,18,43.75425763165199,0,1,1,0,0
0.5722007722007721,0.7658301158301158,14,33.81733263036461,0,1,1,0,0
0.5721936221936222,0.7661947661947662,17,40.87391993775048,0,1,1,0,0
0.5721936221936222,0.7661947661947662,17,40.87391993775048,0,1,1,0,0
0.5717217217217218,0.7626555126555127,18,42.08403838553044,0,1,1,0,0
0.5756857335804704,0.7679856890383207,16,38.05982526829005,0,1,1,0,0
0.5720926567916798,0.7639816061656591,19,46.23806087860445,0,1,1,0,0
0.5708083832335329,0.7639292842885658,14,33.829310098094425,0,1,1,0,0
0.5725009311520499,0.7657006561040598,11,25.799249472793782,0,1,1,0,0
0.5730023207174169,0.7657866086009799,16,38.699495884970304,0,1,1,0,0
0.5737459947986264,0.7676336623705045,15,35.581152904228325,0,1,1,0,0
0.5725344569020924,0.766078697421981,18,42.37927587384045,0,1,1,0,0
0.5725344569020924,0.766078697421981,18,42.37927587384045,0,1,1,0,0
0.5742609070034443,0.7683553386911596,19,44.57191784517813,0,1,1,0,0
0.5749150736987564,0.7680720290188853,15,34.81987999658536,0,1,1,0,0
0.5717774762550882,0.7657073484253374,19,44.844861861442354,0,1,1,0,0
0.571856030850532,0.7640648432478755,18,42.85014475720954,0,1,1,0,0
0.5726441853135834,0.7683436953843509,17,40.77152820664175,0,1,1,0,0
0.5719774736241802,0.7657256914741944,13,30.826453234135517,0,1,1,0,0
0.5713216424294268,0.766317365269461,15,36.476953307178825,0,1,1,0,0
0.5709026297085998,0.7619260838663824,19,45.0928607382501,0,1,1,0,0
0.5717484008528785,0.7643781094527363,18,42.18986879349991,0,1,1,0,0
0.5717484008528785,0.7643781094527363,18,42.18986879349991,0,1,1,0,0
0.5711869225302061,0.7627221037668799,16,38.10366399458184,0,1,1,0,0
0.5689342403628118,0.7605796485260771,15,35.42225768303391,0,1,1,0,0
0.571457000710732,0.7653802416488984,13,30.318532454004817,0,1,1,0,0
0.570124716553288,0.7624858276643991,17,39.97254409033787,0,1,1,0,0
0.5721890547263682,0.7660412224591329,17,40.15908037257509,0,1,1,0,0
0.577754788281104,0.7714197451039556,15,35.55548185964911,0,1,1,0,0
0.5736384374108925,0.7668021100655831,13,31.3299402142122,0,1,1,0,0
0.5736384374108925,0.7668021100655831,13,31.3299402142122,0,1,1,0,0
0.5691113945578231,0.7606646825396826,19,45.95890084451055,0,1,1,0,0
0.5691113945578231,0.7606646825396826,19,45.95890084451055,0,1,1,0,0
0.5755952210411712,0.7688450849497178,12,28.30088510183308,0,1,1,0,0
0.5741057188425609,0.7628659717475507,20,47.176408022277506,0,1,1,0,0
0.5715226069477082,0.7614804224115965,18,43.986587456340956,0,1,1,0,0
0.5759529787719698,0.767911150422278,15,35.764911934199084,0,1,1,0,0
0.5741920801092398,0.7658739189804279,20,47.90197749900048,0,1,1,0,0
0.5772731833885233,0.7679654238162817,19,45.54474358010261,0,1,1,0,0
0.5772731833885233,0.7679654238162817,19,45.54474358010261,0,1,1,0,0
0.5751874310124858,0.768574664201035,17,41.620047941153175,0,1,1,0,0
0.5755867135465798,0.7680158934339536,21,49.55098159281554,0,1,1,0,0
0.574357545093331,0.7671869193608324,14,33.712921623664805,0,1,1,0,0
0.574357545093331,0.7671869193608324,14,33.712921623664805,0,1,1,0,0
0.5722078402366864,0.763455848884843,17,40.58149655356484,0,1,1,0,0
0.5753504337335554,0.7649508818291492,19,46.45876268978911,0,1,1,0,0
0.5749386635878193,0.7698802135950353,18,42.92329429495096,0,1,1,0,0
0.5749386635878193,0.7698802135950353,18,42.92329429495096,0,1,1,0,0
0.5773748797621476,0.7721164776867695,16,38.000799757304065,0,1,1,0,0
0.5768647797825517,0.768596787827557,17,40.72678214321239,0,1,1,0,0
0.5747186448543915,0.7614572456201415,17,39.77660827082452,0,1,1,0,0
0.5749506903353058,0.7651409676296554,17,40.778725189821344,0,1,1,0,0
0.5751012912816627,0.7688226892470924,19,46.2867449152846,0,1,1,0,0
0.5756384207218137,0.7659879259183464,15,36.14515054901302,0,1,1,0,0
0.5737112352359341,0.7650913481119451,21,51.327087874339306,0,1,1,0,0
0.5760550203914575,0.7682901872505884,20,48.925827089157565,0,1,1,0,0
0.5724416985729203,0.7622839076458986,19,46.088307823503634,0,1,1,0,0
0.5744235870230565,0.7649532165447285,17,41.29736907341749,0,1,1,0,0
0.577827070540882,0.7685533390134266,18,43.49421095374977,0,1,1,0,0
0.5766008553518074,0.7674731970238444,16,39.031692309117375,0,1,1,0,0
0.5769816626633077,0.7678173882477005,18,43.35778880156384,0,1,1,0,0
0.5774404640452386,0.768174133558749,19,46.20651713574575,0,1,1,0,0
0.6125942684766215,0.8989716166186754,18,41.81709901523913,0,1,1,1,0
0.6211783891094725,0.9035450935904707,17,39.09138196853035,0,1,1,1,0
0.6264481886614914,0.905426664314279,13,29.052292363156685,0,1,1,1,0
0.6264481886614914,0.905426664314279,13,29.052292363156685,0,1,1,1,0
0.6283005533501744,0.8919764224708289,19,42.82510237641211,0,1,1,1,0
0.6242046303211352,0.8955489171023152,17,39.31540656106976,0,1,1,1,0
0.6245927601809955,0.8912443438914027,20,45.25840627147563,0,1,1,1,0
0.6215160567587752,0.8905675877520538,18,41.060409211979334,0,1,1,1,0
0.6285928705440901,0.8946866791744841,15,33.768246331910255,0,1,1,1,0
0.6285928705440901,0.8946866791744841,15,33.768246331910255,0,1,1,1,0
0.6201135117512818,0.8948756705491835,12,27.02733517964431,0,1,1,1,0
0.6151837747389072,0.8989815936760718,17,39.31776112669417,0,1,1,1,0
0.6138610340658559,0.8993172605077875,14,32.641008589820366,0,1,1,1,0
0.6144285309132161,0.9104083947816223,16,36.68897959077451,0,1,1,1,0
0.5863328534101211,0.8919039620327415,15,34.86916535644332,0,1,1,1,0
0.5863328534101211,0.8919039620327415,15,34.86916535644332,0,1,1,1,0
0.5744055744055744,0.8971113971113971,17,37.5869227814627,0,1,1,1,0
0.5288626725453213,0.8754730354761591,19,42.41414070448412,0,1,1,1,0
0.48950109738919645,0.8456284600517575,16,34.08127417651268,0,1,1,1,0
0.5276176753121998,0.799383184185247,18,41.44282609988649,0,1,1,1,0
0.546896577464263,0.8080282163251595,22,51.28175361670212,0,1,1,1,0
0.5680317773124769,0.8148170957014411,22,50.25410350850754,0,1,1,1,0
0.5659337944664031,0.8203433794466403,17,38.07766777593449,0,1,1,1,0
0.5756624652639937,0.8222881103612545,14,31.356731770334907,0,1,1,1,0
0.5734251482213438,0.8217020750988142,19,43.239040217760284,0,1,1,1,0
0.5734251482213438,0.8217020750988142,19,43.239040217760284,0,1,1,1,0
0.5696084486166008,0.8178483201581027,19,43.773046417379724,0,1,1,1,0
0.5730163476874003,0.8205866228070176,22,51.06192210144925,0,1,1,1,0
0.5740928175138701,0.8180574298995351,22,50.44101612860845,0,1,1,1,0
0.5709351221465759,0.817049209050861,19,43.55185794541335,0,1,1,1,0
0.5726495726495726,0.8161705902933973,20,46.3085041816897,0,1,1,1,0
0.5730431848852902,0.815570800219923,17,39.877590964557626,0,1,1,1,0
0.5745070723044291,0.8202429810359326,19,42.93939777188628,0,1,1,1,0
0.5730135421765378,0.8186678715313076,21,47.48979351515027,0,1,1,1,0
0.5717436397260959,0.8163205378117658,23,52.702383029726796,0,1,1,1,0
0.5717436397260959,0.8163205378117658,23,52.702383029726796,0,1,1,1,0
0.573475670804966,0.8194520925110133,15,33.19928111442597,0,1,1,1,0
0.5744694202843983,0.8207010806129749,14,31.368751891055183,0,1,1,1,0
0.5738866396761133,0.816008147148498,21,47.978590811609685,0,1,1,1,0
0.5699996267681857,0.8121462073427139,20,46.60889831059501,0,1,1,1,0
0.5731203007518797,0.816203007518797,21,47.925552696214645,0,1,1,1,0
0.5720685260158944,0.8137776778127656,20,45.56833218768175,0,1,1,1,0
0.5770925110132159,0.82019509125236,18,40.14515867463284,0,1,1,1,0
0.5770925110132159,0.82019509125236,18,40.14515867463284,0,1,1,1,0
0.5750906786149077,0.8186302195112768,17,38.44682181276642,0,1,1,1,0
0.5762429200755192,0.8189175582127124,18,41.384189761082176,0,1,1,1,0
0.575525487728131,0.8185273757079925,18,41.32299050712452,0,1,1,1,0
0.5753354167451084,0.8174128041969452,18,41.20041543556697,0,1,1,1,0
0.5753354167451084,0.8174128041969452,18,41.20041543556697,0,1,1,1,0
0.5742246821541975,0.8164777790328451,17,38.87548060345437,0,1,1,1,0
0.5767023285084959,0.8173568281938326,19,44.146045165846026,0,1,1,1,0
0.5703003948617984,0.8145961413505273,21,48.12407177149673,0,1,1,1,0
0.5721726470625149,0.8165593584095787,18,41.327626622519624,0,1,1,1,0
0.5698025130156188,0.8152658189827794,16,35.85252499942316,0,1,1,1,0
0.5749400705347842,0.8175069342470224,18,40.40790172843944,0,1,1,1,0
0.5740803494107459,0.8171931674134317,16,34.90946884110273,0,1,1,1,0
0.5722804865839006,0.817919002803364,21,49.005836011771535,0,1,1,1,0
0.57278322344506,0.8181641555316002,18,41.911874480479995,0,1,1,1,0
0.5701258492316177,0.8187720925568452,19,43.797395350358464,0,1,1,1,0
0.5675228353119789,0.812843774110854,18,41.24985013823624,0,1,1,1,0
0.5675228353119789,0.812843774110854,18,41.24985013823624,0,1,1,1,0
0.5730491320462743,0.8184722516878611,17,38.23950069714995,0,1,1,1,0
0.573993877398641,0.8162099604270888,20,45.634990075666174,0,1,1,1,0
0.5757038281230414,0.8225387951565595,22,51.667961687495904,0,1,1,1,0
0.5773396174383916,0.8217052320188523,17,39.81887651159607,0,1,1,1,0
0.5748524291472713,0.8182413797406747,17,39.18826731428366,0,1,1,1,0
0.5729383486966002,0.8173381901080384,13,29.801011015239173,0,1,1,1,0
0.574367443599651,0.8191200299139972,17,38.62098874664615,0,1,1,1,0
0.5777826249532594,0.818565374548174,20,45.92536699143066,0,1,1,1,0
0.5795085245737713,0.8221401429928503,18,42.15439837814179,0,1,1,1,0
0.5764142960252868,0.8179397197541004,18,41.21364538083213,0,1,1,1,0
0.5746791059569829,0.813732778273367,17,39.13770056903365,0,1,1,1,0
0.5738009905672117,0.8187299335473754,18,41.51420409590203,0,1,1,1,0
0.5772898855057247,0.8218089095545222,16,36.432821512609365,0,1,1,1,0
0.576480119655989,0.8203477502181229,17,39.369852271258246,0,1,1,1,0
0.5765549046491337,0.8197806306867755,21,47.33456601707333,0,1,1,1,0
0.5783996011467032,0.8210083509909012,15,33.657298030258,0,1,1,1,0
0.5765237442353235,0.8215505421912003,16,37.31443059607055,0,1,1,1,0
0.5773900037392496,0.8221612863018821,16,36.66300518259595,0,1,1,1,0
0.5768041879596161,0.82257883584694,17,38.99589295467768,0,1,1,1,0
0.5761121796860458,0.8192963951107526,16,37.24471626427252,0,1,1,1,0
0.5730770182646142,0.816332970350938,16,37.127444171587605,0,1,1,1,0
0.5755723769932369,0.8194328969411181,18,41.46252060877371,0,1,1,1,0
0.5769808276974623,0.8193212136253645,16,35.58782732807089,0,1,1,1,0
0.5797330217758775,0.8210015412150741,18,41.85964714199224,0,1,1,1,0
0.5797330217758775,0.8210015412150741,18,41.85964714199224,0,1,1,1,0
0.5810200409505492,0.8210026679903207,17,38.74918854505613,0,1,1,1,0
0.5843450081017076,0.8236507540820142,17,38.08596031072769,0,1,1,1,0
0.5789919813889026,0.8201009751027075,19,43.70768924307602,0,1,1,1,0
0.5803499410560278,0.8197617422597258,15,34.08428617606503,0,1,1,1,0
0.5781835205992509,0.8151981076286221,16,36.674376443275605,0,1,1,1,0
0.580809083576348,0.8196748774585841,15,33.22923750453472,0,1,1,1,0
0.580809083576348,0.8196748774585841,15,33.22923750453472,0,1,1,1,0
0.5828131786312589,0.8190047775640628,15,34.230805089498354,0,1,1,1,0
0.5828131786312589,0.8190047775640628,15,34.230805089498354,0,1,1,1,0
0.5821803065086555,0.8197741515170317,17,39.76145007154576,0,1,1,1,0
0.5835701433269219,0.821703791028107,16,35.843325725729834,0,1,1,1,0
0.5841595830489545,0.8208661661599553,15,33.62294846869123,0,1,1,1,0
0.5761339623568725,0.8138483463560863,16,35.741231172179695,0,1,1,1,0
0.5761339623568725,0.8138483463560863,16,35.741231172179695,0,1,1,1,0
0.5817452853536603,0.8211775478889274,17,38.2067604768226,0,1,1,1,0
0.5843624709201604,0.8212951046874226,19,43.582668230975436,0,1,1,1,0
0.5826548037420185,0.8204907686977182,15,33.86222563817977,0,1,1,1,0
0.5829186573183595,0.820469069926165,15,33.624606967691896,0,1,1,1,0
0.5839486256747534,0.8198361978035614,13,28.789058182438918,0,1,1,1,0
0.5816283666913763,0.8173585371880405,17,38.50027383566393,0,1,1,1,0
0.5809982703236966,0.8161539411910057,14,31.923009726097433,0,1,1,1,0
0.581338028169014,0.8163145539906104,15,34.45528922660761,0,1,1,1,0
0.581338028169014,0.8163145539906104,15,34.45528922660761,0,1,1,1,0
0.5833271384676381,0.817350579839429,17,38.76531288959901,0,1,1,1,0
0.5867928519873565,0.8205903581472909,17,38.86399949525258,0,1,1,1,0
0.5826661724734371,0.8154126513466765,15,34.310906566089514,0,1,1,1,0
0.5811897702001483,0.813849765258216,15,33.79146255934509,0,1,1,1,0
0.5828253543463178,0.8152505203687184,14,31.764387592343454,0,1,1,1,0
0.5827881851521459,0.8168859649122807,15,33.88585980858056,0,1,1,1,0
0.5813565604151223,0.8142945391648134,14,31.84264461267063,0,1,1,1,0
0.5813565604151223,0.8142945391648134,14,31.84264461267063,0,1,1,1,0
0.5820273999605756,0.8139537748866549,15,33.91862206616871,0,1,1,1,0
0.5824561403508772,0.8149308129478626,13,29.158969956567052,0,1,1,1,0
0.582363479120336,0.8141401037805782,15,33.39088047874281,0,1,1,1,0
0.5852019606626543,0.8163181733573246,15,34.00402855485379,0,1,1,1,0
0.5836740509465754,0.8160620477748043,17,38.888186626876724,0,1,1,1,0
0.5809056090931555,0.8139486039041265,13,28.61932464578551,0,1,1,1,0
0.5819023193577163,0.8149469719496482,16,36.24432576681862,0,1,1,1,0
0.5801058083060759,0.816055852909109,14,31.412846907196954,0,1,1,1,0
0.5796721677074042,0.8148602438299137,11,23.42624418588859,0,1,1,1,0
0.5796721677074042,0.8148602438299137,11,23.42624418588859,0,1,1,1,0
0.5839999500817411,0.8167999900163482,14,31.64976059974749,0,1,1,1,0
0.5832811874249099,0.8165360933119744,20,47.405273762376915,0,1,1,1,0
0.5847016419703644,0.8177500500600721,19,43.68721071039098,0,1,1,1,0
0.5826064807912131,0.8125528055265643,20,45.299183770070876,0,1,1,1,0
0.5810845970859352,0.812580533254039,20,45.54208705727066,0,1,1,1,0
0.5825878435465434,0.8157646240246509,15,34.79925567664368,0,1,1,1,0
0.5782411537317871,0.8125,19,42.565350760703616,0,1,1,1,0
0.5781110615521855,0.809241500644266,17,39.593661364620836,0,1,1,1,0
0.5851253142188706,0.8166890664277359,13,29.372980536033307,0,1,1,1,0
0.5851253142188706,0.8166890664277359,13,29.372980536033307,0,1,1,1,0
0.5817272053372868,0.8141648134420558,17,37.851444135679955,0,1,1,1,0
0.5824314306893995,0.8144736842105263,20,46.15460466875139,0,1,1,1,0
0.5840395480225988,0.8143894340370701,17,38.78117165525906,0,1,1,1,0
0.5843926553672316,0.8148602438299137,16,36.17163351189909,0,1,1,1,0
0.5887109857608167,0.8210180828892688,18,40.64707749300814,0,1,1,1,0
0.5863932493640256,0.8168145436495625,16,37.32080738527667,0,1,1,1,0
0.582814430442303,0.812175685693106,15,33.91555183273406,0,1,1,1,0
0.582814430442303,0.812175685693106,15,33.91555183273406,0,1,1,1,0
0.5853057567385948,0.8160108514398069,12,27.979799546730874,0,1,1,1,0
0.585274645959332,0.815712187958884,15,34.24512736860429,0,1,1,1,0
0.5881681246958106,0.8170683006576731,18,41.59520229421258,0,1,1,1,0
0.5874399561960228,0.815867741855198,17,38.30034534038769,0,1,1,1,0
0.5869670723512282,0.813789541800443,20,45.53751739877428,0,1,1,1,0
0.5859653052589662,0.8146295328405386,17,38.098024135775866,0,1,1,1,0
0.5859653052589662,0.8146295328405386,17,38.098024135775866,0,1,1,1,0
0.5878443963264391,0.8157992981408199,13,29.396592326520988,0,1,1,1,0
0.5863137459867095,0.8153886358545509,16,36.53728600558702,0,1,1,1,0
0.5862390801164787,0.8156935214913263,16,36.319139414573485,0,1,1,1,0
0.5875581771572215,0.816079295154185,17,38.8972506576678,0,1,1,1,0
0.5870168495980488,0.8169939520645113,16,36.710540840885734,0,1,1,1,0
0.5870168495980488,0.8169939520645113,16,36.710540840885734,0,1,1,1,0
0.5861519699345429,0.8162410712063516,20,46.44288539718583,0,1,1,1,0
0.5893455327233639,0.8170716464176792,20,45.8733392577148,0,1,1,1,0
0.5838413123203489,0.8116574982654376,18,42.34185574047034,0,1,1,1,0
0.5890955452227389,0.8187340632968352,12,26.643471901732706,0,1,1,1,0
0.5844698144816033,0.8126140100514985,16,37.290276054429874,0,1,1,1,0
0.5870168495980488,0.8146855322432116,18,41.73602208922708,0,1,1,1,0
0.5876043873862645,0.8147014832356974,15,34.90808021351172,0,1,1,1,0
0.5844325867096855,0.8132592914314078,17,38.68592048972843,0,1,1,1,0
0.5852702115778371,0.8133337469752435,14,31.657978448306512,0,1,1,1,0
0.5883397731521874,0.8159603639536332,14,31.409527701276836,0,1,1,1,0
0.5861822919898244,0.814221008872619,18,41.27166241659027,0,1,1,1,0
0.5868337779983868,0.814965564310976,17,39.15677199422971,0,1,1,1,0
0.586942183727818,0.8162535155180567,17,39.4966987532902,0,1,1,1,0
0.5861947012471304,0.8143575107029845,17,38.69832500139099,0,1,1,1,0
0.5860085623875411,0.8146925606502451,16,35.85092574613145,0,1,1,1,0
0.587660476131123,0.816452698491836,18,40.98547453169322,0,1,1,1,0
0.5873675682413062,0.8148074286426523,16,36.21974828080367,0,1,1,1,0
0.5880406331796086,0.8152872990153309,17,38.62959319787291,0,1,1,1,0
0.5869500186962483,0.8138601520628194,14,31.579012330178337,0,1,1,1,0
0.5900344287949921,0.8182535211267605,18,40.937623808337484,0,1,1,1,0
0.5868627695375794,0.8149694627944659,18,41.49590804181652,0,1,1,1,0
0.5884068857589985,0.8165258215962441,15,34.42681757540233,0,1,1,1,0
0.588112676056338,0.8155242566510172,19,43.65814241895416,0,1,1,1,0
0.5843877398826688,0.8108282788107786,19,43.610228223853376,0,1,1,1,0
0.5860532464949786,0.8098090881972755,18,41.43048107785869,0,1,1,1,0
0.5874758792405851,0.8131714908185497,19,43.868120027795094,0,1,1,1,0
0.5891773749858688,0.8162753890793986,18,41.17389790835765,0,1,1,1,0
0.5882978191276511,0.8119622849139656,18,41.157809276351564,0,1,1,1,0
0.5882978191276511,0.8119622849139656,18,41.157809276351564,0,1,1,1,0
0.5868438270672908,0.8134719915446172,17,37.85736257375992,0,1,1,1,0
0.5933741003573406,0.8075268005435603,18,40.64218117425429,0,1,1,1,0
0.5865337349853161,0.8061419982606285,18,41.260124293674515,0,1,1,1,0
0.5866302691721687,0.8041772473336719,16,36.89340601519852,0,1,1,1,0
0.5866302691721687,0.8041772473336719,16,36.89340601519852,0,1,1,1,0
0.5889579576122687,0.8058017727639001,19,43.247433010867795,0,1,1,1,0
0.5810726116930791,0.7969059770026732,18,40.68339747005799,0,1,1,1,0
0.5810726116930791,0.7969059770026732,18,40.68339747005799,0,1,1,1,0
0.5830777754870632,0.7992861560663849,22,50.753054191157915,0,1,1,1,0
0.583949002103535,0.7941614078292545,20,46.27108997757602,0,1,1,1,0
0.5848495000515411,0.7912199773219256,20,46.900968868413706,0,1,1,1,0
0.5814606741573034,0.7929244550302905,20,45.76130455364944,0,1,1,1,0
0.5852905222638368,0.7976422700790678,16,36.18171965802509,0,1,1,1,0
0.5845712226141132,0.7964305022784028,21,49.339457461287566,0,1,1,1,0
0.5845712226141132,0.7964305022784028,21,49.339457461287566,0,1,1,1,0
0.5747319389622371,0.8254011463484718,21,47.783440950220424,0,1,1,1,1
0.5747319389622371,0.8254011463484718,21,47.783440950220424,0,1,1,1,1
0.5709070862387509,0.8258462959651945,22,50.2168089956407,0,1,1,1,1
0.5709070862387509,0.8258462959651945,22,50.2168089956407,0,1,1,1,1
0.387925881649731,0.7152594335075102,20,51.47424547046359,0,1,1,1,1
0.3852952167414051,0.7076046337817639,19,48.62841955578683,0,1,1,1,1
0.3852952167414051,0.7076046337817639,19,48.62841955578683,0,1,1,1,1
0.39346280593920097,0.7072518236012886,18,45.95139658437832,0,1,1,1,1
0.45057665260196905,0.7047538677918425,15,37.36610801917907,0,1,1,1,1
0.5726137345234668,0.7474985603224877,20,45.93896602607921,0,1,1,1,1
0.5877001205026683,0.7368221724909623,21,48.60078449334897,0,1,1,1,1
0.5784007509813961,0.7307305000853388,22,50.68574149916584,0,1,1,1,1
0.5791804521643231,0.7318634546457127,25,57.7086753413726,0,1,1,1,1
0.575665321201341,0.7273380310597249,25,57.52680102668767,0,1,1,1,1
0.575665321201341,0.7273380310597249,25,57.52680102668767,0,1,1,1,1
0.5722222222222222,0.7239716675200546,19,43.62981836538637,0,1,1,1,1
0.5764533379334138,0.7292651371398999,23,52.41849459220765,0,1,1,1,1
0.5741417974814559,0.726712092461618,24,55.318868024146624,0,1,1,1,1
0.5782843948166528,0.738446029776675,23,53.45650661789652,0,1,1,1,1
0.5779052936311001,0.7360077198786876,19,43.726701669487234,0,1,1,1,1
0.5779052936311001,0.7360077198786876,19,43.726701669487234,0,1,1,1,1
0.5769144609870416,0.7361455748552522,20,46.17470165434205,0,1,1,1,1
0.5794698544698544,0.7358108108108108,18,40.81328329429722,0,1,1,1,1
0.4875141723356009,0.7119331065759638,17,43.33552447413496,0,1,1,1,1
0.5794444735417867,0.7330958990205835,22,51.44957626139076,0,1,1,1,1
0.5794444735417867,0.7330958990205835,22,51.44957626139076,0,1,1,1,1
0.5769345030057319,0.7372169019991612,18,41.632169585725165,0,1,1,1,1
0.5769345030057319,0.7372169019991612,18,41.632169585725165,0,1,1,1,1
0.5761746143057503,0.7360361150070126,20,45.97142848822512,0,1,1,1,1
0.5761746143057503,0.7360361150070126,20,45.97142848822512,0,1,1,1,1
0.5790769663711833,0.7371517517940059,21,48.35155755309082,0,1,1,1,1
0.5764040014040014,0.7376447876447877,26,59.228974843472734,0,1,1,1,1
0.5764040014040014,0.7376447876447877,26,59.228974843472734,0,1,1,1,1
0.573324927323036,0.7354208258905117,20,45.78611592364534,0,1,1,1,1
0.5766913972796326,0.7384914326090797,21,48.912981003965605,0,1,1,1,1
0.5774656623836951,0.7393176783340718,17,38.250430938337445,0,1,1,1,1
0.5788940256045519,0.740024893314367,18,41.02043176179982,0,1,1,1,1
0.5788940256045519,0.740024893314367,18,41.02043176179982,0,1,1,1,1
0.4583827189759393,0.7158794595235273,18,44.72085829144397,0,1,1,1,1
0.5794926344393593,0.7382901887871853,16,35.80968469506775,0,1,1,1,1
0.577141733409611,0.7355906750572082,18,40.65388249275253,0,1,1,1,1
0.5767752431350115,0.7344107551487414,21,48.52935347449305,0,1,1,1,1
0.5783929051330288,0.735725163486518,21,47.691372321091116,0,1,1,1,1
0.4706559263521289,0.7087869935971202,18,45.013472054425314,0,1,1,1,1
0.5758187929061785,0.7325872425629291,22,50.02096164858719,0,1,1,1,1
0.5748534038901602,0.7315950371853547,25,57.90399742783821,0,1,1,1,1
0.5748534038901602,0.7315950371853547,25,57.90399742783821,0,1,1,1,1
0.3795683679899181,0.7209948015122873,20,49.8761680011194,0,1,1,1,1
0.580028494652744,0.7367220328590236,19,43.32670115717351,0,1,1,1,1
0.5800673108240147,0.7373611261897007,18,40.931072662829514,0,1,1,1,1
0.5803206311294467,0.7356059783592082,19,43.82186351229251,0,1,1,1,1
0.5774186582205586,0.73319176504463,23,53.63395819285155,0,1,1,1,1
0.4742457026084866,0.7159213847818248,18,44.90575898342564,0,1,1,1,1
0.3835984608060933,0.7283997143763884,15,37.61417441460986,0,1,1,1,1
0.37316022496111045,0.7286805472458219,21,53.149282543134134,0,1,1,1,1
0.5776668351870576,0.7353026144734941,22,50.77907526309613,0,1,1,1,1
0.5776668351870576,0.7353026144734941,22,50.77907526309613,0,1,1,1,1
0.5801268115942029,0.7402264492753623,19,43.390427072687174,0,1,1,1,1
0.5735273103990284,0.7363537312899654,24,55.397883745961565,0,1,1,1,1
0.5671731411862991,0.7310811751601225,20,45.25587622328511,0,1,1,1,1
0.5711080849875172,0.7312976832696102,21,47.1097429709389,0,1,1,1,1
0.5711080849875172,0.7312976832696102,21,47.1097429709389,0,1,1,1,1
0.5672458671631242,0.7264742893589147,22,50.54968928041882,0,1,1,1,1
0.5615772721116078,0.7174167005282406,20,45.75389202210802,0,1,1,1,1
0.5639596469104666,0.7150567465321563,18,41.111800272578854,0,1,1,1,1
0.5609010471898197,0.7114925768822906,16,35.77395266146216,0,1,1,1,1
0.5607371007371007,0.7108517608517608,18,41.31804821015871,0,1,1,1,1
0.5618528166720937,0.7090768479322697,19,44.310754543083995,0,1,1,1,1
0.5678286982634809,0.7181420550985769,14,30.93391089870014,0,1,1,1,1
0.5726449718620015,0.7165891852214338,14,31.12609101424887,0,1,1,1,1
0.5786124323437756,0.7268574708873217,19,44.09117840079246,0,1,1,1,1
0.5787537721229916,0.7263110676127559,18,40.91754870251406,0,1,1,1,1
0.5801265412070085,0.7277822842310189,19,43.165433769089034,0,1,1,1,1
0.591320829025747,0.7394361574689443,23,53.69853423175913,0,1,1,1,1
0.589529050008092,0.7403220585855317,18,40.80187387591856,0,1,1,1,1
0.589529050008092,0.7403220585855317,18,40.80187387591856,0,1,1,1,1
0.5765932243544184,0.7286819868909421,18,41.54149371719571,0,1,1,1,1
0.5813955316573117,0.7312862600820716,18,40.8849444476767,0,1,1,1,1
0.5813955316573117,0.7312862600820716,18,40.8849444476767,0,1,1,1,1
0.5821208095647418,0.7322810033601626,20,46.916364530522245,0,1,1,1,1
0.5861558133732535,0.7356926771457086,23,53.50682186068601,0,1,1,1,1
0.5861558133732535,0.7356926771457086,23,53.50682186068601,0,1,1,1,1
0.5832272388523165,0.7342566140852068,19,44.103540026912796,0,1,1,1,1
0.5832272388523165,0.7342566140852068,19,44.103540026912796,0,1,1,1,1
0.5821326543286548,0.7321295491243324,22,52.32435054913782,0,1,1,1,1
0.5733656733656733,0.7262339262339262,20,45.98962901790462,0,1,1,1,1
0.5703241703241704,0.7243089243089244,23,52.791733857728985,0,1,1,1,1
0.5715767313705458,0.7240255719637163,21,48.307593499995285,0,1,1,1,1
0.5740824051379108,0.7270872762247526,22,50.23077752573049,0,1,1,1,1
0.5774797885572139,0.7295708955223881,18,41.52698464460523,0,1,1,1,1
0.5840423211169284,0.7336075791573173,17,38.06425348257103,0,1,1,1,1
0.5886204135462295,0.7361169987282747,14,31.299164359019322,0,1,1,1,1
0.5886204135462295,0.7361169987282747,14,31.299164359019322,0,1,1,1,1
0.587421679197995,0.7356594611528822,17,39.16590039608935,0,1,1,1,1
0.5851710135873809,0.7326878025925347,18,41.92010926773251,0,1,1,1,1
0.5876077433940935,0.7343271631105459,20,46.491428894734064,0,1,1,1,1
0.5843420784073603,0.730504137032327,22,51.786049731169264,0,1,1,1,1
0.5836198640352943,0.7310065470302859,18,41.63358179935057,0,1,1,1,1
0.588018498642591,0.7343029862996401,18,40.73045771216888,0,1,1,1,1
0.5904265417840079,0.736947441698573,18,40.91927303351414,0,1,1,1,1
0.593693636680062,0.7404123026294972,18,41.77631087213498,0,1,1,1,1
0.593693636680062,0.7404123026294972,18,41.77631087213498,0,1,1,1,1
0.5913382852826388,0.7354274203701372,20,45.92347944033689,0,1,1,1,1
0.5938032704084854,0.7388171601742535,19,43.47309371701116,0,1,1,1,1
0.5895870511255127,0.7338452146144454,21,48.38123107852338,0,1,1,1,1
0.5908237062083216,0.7365533327071788,21,48.84855816765914,0,1,1,1,1
0.5915281299896684,0.7355201778278702,26,61.89768062955419,0,1,1,1,1
0.591230706615322,0.7370855640086409,25,58.579790476167226,0,1,1,1,1
0.5930300264383734,0.7390154853329977,19,43.54434491182781,0,1,1,1,1
0.5917316301931687,0.7393632009016624,17,38.827877872647804,0,1,1,1,1
0.5917316301931687,0.7393632009016624,17,38.827877872647804,0,1,1,1,1
0.592467361698131,0.7401302401302401,21,47.98655611461012,0,1,1,1,1
0.5928821890360352,0.7392849315926239,18,42.43205631301331,0,1,1,1,1
0.590080971659919,0.7358611024602928,23,52.574664827626165,0,1,1,1,1
0.5909763313609467,0.7385082528807225,17,38.58896125346256,0,1,1,1,1
0.5915991902834008,0.737823108066023,22,50.64572424140568,0,1,1,1,1
0.5942440750133058,0.7421574152343383,20,45.42306316720401,0,1,1,1,1
0.5942440750133058,0.7421574152343383,20,45.42306316720401,0,1,1,1,1
0.5915602616007475,0.7376518218623481,20,46.55456518229384,0,1,1,1,1
0.5950659027582105,0.7407720484643562,20,46.10996072550802,0,1,1,1,1
0.5957781534704611,0.7418052033436648,18,41.53983076254183,0,1,1,1,1
0.5945414983876522,0.7420400112707805,16,37.27909104977049,0,1,1,1,1
0.5979636157623064,0.7439569432204457,22,51.39467154423663,0,1,1,1,1
0.5981760669772126,0.7446100339921944,23,52.043879346431886,0,1,1,1,1
0.5972730972730973,0.744474186781879,16,36.54593561632949,0,1,1,1,1
0.5948322954222659,0.7413572443070968,16,37.20111945209492,0,1,1,1,1
0.5948322954222659,0.7413572443070968,16,37.20111945209492,0,1,1,1,1
0.593997284262771,0.7411231290287338,21,48.72636372931836,0,1,1,1,1
0.595074214543241,0.7419737478734529,23,53.04725814466641,0,1,1,1,1
0.5942079880132978,0.7410060713895522,19,44.32013657767812,0,1,1,1,1
0.5948858833474218,0.7423296077142231,16,36.85395291733283,0,1,1,1,1
0.5953524132304023,0.7420918847674638,17,39.36157368590292,0,1,1,1,1
0.5954073306972949,0.7422566371681416,17,38.2714574679574,0,1,1,1,1
0.5942740926157697,0.7432728410513142,21,47.53351714742148,0,1,1,1,1
0.5963958451013619,0.7447200778258959,17,38.48397405700409,0,1,1,1,1
0.5963566183392958,0.7435040482018452,20,46.43933556916894,0,1,1,1,1
0.5982783583029082,0.744539216920559,17,37.82444985643515,0,1,1,1,1
0.5988042843847112,0.7452557853390753,21,48.17303072368642,0,1,1,1,1
0.5978219816190357,0.7444841369759537,15,34.11161568412949,0,1,1,1,1
0.5946463315132116,0.7414485658695789,17,38.47549402955864,0,1,1,1,1
0.6001882732651963,0.746566781634655,19,43.7265964088304,0,1,1,1,1
0.6001882732651963,0.746566781634655,19,43.7265964088304,0,1,1,1,1
0.6000300604373002,0.7458231813435433,21,48.339523397380646,0,1,1,1,1
0.5983389333207136,0.7453583203192782,19,43.5266074766221,0,1,1,1,1
0.5973498678081329,0.744547085484074,15,33.99507315539559,0,1,1,1,1
0.5949444549049143,0.7413465762882069,21,47.75540125563055,0,1,1,1,1
0.5972239707918923,0.7435635150446934,18,40.996882777432134,0,1,1,1,1
0.6001408094168276,0.7473578457741353,18,41.530206884090205,0,1,1,1,1
0.600037971078695,0.7471205265322912,17,38.80936003317089,0,1,1,1,1
0.6007945570463412,0.7481761664604942,18,40.66608695492025,0,1,1,1,1
0.6011910425984077,0.7481444476163288,18,41.32678425274974,0,1,1,1,1
0.6011910425984077,0.7481444476163288,18,41.32678425274974,0,1,1,1,1
0.6002553366955308,0.7477321026421797,17,38.73123997250455,0,1,1,1,1
0.596753584780654,0.7430394523054596,16,36.84361134560976,0,1,1,1,1
0.6006835410917626,0.7454483458622768,19,43.515464833065735,0,1,1,1,1
0.6008303111280778,0.7472959216135395,18,41.26559284104221,0,1,1,1,1
0.5960121780007256,0.7410912876816053,21,48.62864953272457,0,1,1,1,1
0.5955310523243891,0.7399712902055432,21,48.690156208442666,0,1,1,1,1
0.5980112284708345,0.7433311130142417,21,48.23059165081012,0,1,1,1,1
0.5980112284708345,0.7433311130142417,21,48.23059165081012,0,1,1,1,1
0.5948685186061553,0.7387881942801255,21,47.97541178903459,0,1,1,1,1
0.5954206300380168,0.7406732604546243,19,43.1059201154865,0,1,1,1,1
0.6016104600175397,0.7453958383161923,19,43.86914408796655,0,1,1,1,1
0.6001046721857456,0.7434341992577791,17,39.24465642126889,0,1,1,1,1
0.5998905699876297,0.7437672471215149,17,38.70966651479391,0,1,1,1,1
0.6007707679132173,0.7450122117550037,18,41.9237211748935,0,1,1,1,1
0.6007231896469692,0.7460351444793352,18,41.031667703472,0,1,1,1,1
0.6001760395851176,0.7471928822913693,17,38.549762808740105,0,1,1,1,1
0.6001760395851176,0.7471928822913693,17,38.549762808740105,0,1,1,1,1
0.601484441906937,0.7467646778951375,16,36.83734942887952,0,1,1,1,1
0.6014685824848542,0.7464316300314017,19,42.805250871999995,0,1,1,1,1
0.6039145340030295,0.7489356613250419,15,34.233563282079714,0,1,1,1,1
0.6009610809782091,0.7452342436641609,19,43.77026224737694,0,1,1,1,1
0.6011593237542424,0.7456227995051861,18,41.075082348102235,0,1,1,1,1
0.6001443207409523,0.7448139689789705,18,40.901423800585704,0,1,1,1,1
0.600477368604688,0.7460668633235005,22,50.41903585260885,0,1,1,1,1
0.601317917975069,0.7454879944174835,18,41.11795085587939,0,1,1,1,1
0.6001681098740762,0.7442668189171187,17,38.627282338176876,0,1,1,1,1
0.6039065614286854,0.7474527624970103,17,38.86873067458394,0,1,1,1,1
0.6015558093063089,0.7464316300314017,17,38.924661066002606,0,1,1,1,1
0.6039942597464721,0.7495256318265168,18,41.70758588733501,0,1,1,1,1
0.6049748863908156,0.7493502351909431,18,41.13774908936419,0,1,1,1,1
0.6049748863908156,0.7493502351909431,18,41.13774908936419,0,1,1,1,1
0.6034441521167185,0.7490153870684844,16,36.15536532088453,0,1,1,1,1
0.6034441521167185,0.7490153870684844,16,36.15536532088453,0,1,1,1,1
0.6026628398309815,0.7486486486486487,17,38.34914551463588,0,1,1,1,1
0.6032767280554892,0.7482978553775014,16,36.45973091903461,0,1,1,1,1
0.6027345930000797,0.747412899625289,16,36.6380909705467,0,1,1,1,1
0.6028860719126206,0.7461851231762736,23,53.201032676737384,0,1,1,1,1
0.5993196307926539,0.744346116027532,26,60.93909302021803,0,1,1,1,1
0.5995971706791005,0.7441478732514987,18,40.40574210573291,0,1,1,1,1
0.598407714022901,0.743648301455895,19,43.16000910145642,0,1,1,1,1
0.598407714022901,0.743648301455895,19,43.16000910145642,0,1,1,1,1
0.6017380212070478,0.7472215578410268,18,40.90453018385318,0,1,1,1,1
0.602056924180818,0.7468309016981584,17,38.24239214056694,0,1,1,1,1
0.6021446224986048,0.7475404608147971,19,44.147743872223145,0,1,1,1,1
0.6030455233995057,0.7482261022084031,19,43.506133678813,0,1,1,1,1
0.6006914708028039,0.7457972531480953,17,39.30142149910909,0,1,1,1,1
0.6031093039942598,0.7500279040102049,18,40.99304467868306,0,1,1,1,1
0.6040420951925377,0.7502033006457786,18,41.26009936620111,0,1,1,1,1
0.603491987562784,0.749844534800287,20,45.64115934302504,0,1,1,1,1
0.6027505381487682,0.7481224587419277,23,52.9314003761717,0,1,1,1,1
0.6027505381487682,0.7481224587419277,23,52.9314003761717,0,1,1,1,1
0.6025751415131946,0.7479948975524197,16,36.729959037250985,0,1,1,1,1
0.6032129474607351,0.7474926253687315,16,35.616529832644055,0,1,1,1,1
0.603460097265407,0.7482261022084031,19,43.1665515809963,0,1,1,1,1
0.6000174453642909,0.7448377581120944,21,48.28932728865513,0,1,1,1,1
0.6032847006298334,0.7489834967711074,17,38.499619327231414,0,1,1,1,1
0.6035796858805709,0.7497408913338117,19,43.40177467114595,0,1,1,1,1
0.6042892449972096,0.7483138005261899,20,45.76734785606093,0,1,1,1,1
0.6042892449972096,0.7483138005261899,20,45.76734785606093,0,1,1,1,1
0.6035159052858168,0.7496531930160248,18,41.2366308487322,0,1,1,1,1
0.5994782250134805,0.7460430741903765,17,38.727938052262424,0,1,1,1,1
0.5994227170361912,0.7450756494433343,21,49.13176754269443,0,1,1,1,1
0.6003425635169855,0.7462016684112031,17,39.4503453189331,0,1,1,1,1
0.5993830684809845,0.7472483902686586,19,44.00332118117746,0,1,1,1,1
0.6022084030933589,0.7478035557681575,17,38.58420383420241,0,1,1,1,1
0.5992799822374473,0.7452183842420782,16,37.11980793479205,0,1,1,1,1
0.5990024423510008,0.7458448314143432,17,38.72470468022438,0,1,1,1,1
0.5990024423510008,0.7458448314143432,17,38.72470468022438,0,1,1,1,1
0.5996288895232658,0.7460985821676658,17,39.51237377885262,0,1,1,1,1
0.5982966980683224,0.7451311574206236,19,43.09846589900919,0,1,1,1,1
0.5994306467472326,0.744924984933549,21,49.770018532938636,0,1,1,1,1
0.5986931836203889,0.7449884226218797,23,53.694473747386446,0,1,1,1,1
0.5996288895232658,0.7452421733752022,21,48.642853331729995,0,1,1,1,1
0.5993037713705712,0.7455355726837314,22,51.03609325365169,0,1,1,1,1
0.6006121736923906,0.7451073682874996,20,46.23757392913679,0,1,1,1,1
0.6006121736923906,0.7451073682874996,20,46.23757392913679,0,1,1,1,1
0.5996764677895138,0.745575221238938,20,46.25278570601164,0,1,1,1,1
0.6006951072087549,0.7484332251701978,19,43.514979559569916,0,1,1,1,1
0.6006951072087549,0.7484332251701978,19,43.514979559569916,0,1,1,1,1
0.602325507412356,0.7496659667875549,21,48.3905169006589,0,1,1,1,1
0.6011007189667239,0.7488547432716167,17,38.67785413730934,0,1,1,1,1
0.6011007189667239,0.7488547432716167,17,38.67785413730934,0,1,1,1,1
0.6012756887446714,0.74931602723166,19,43.65046561864062,0,1,1,1,1
0.6004535794715641,0.7476052272655185,19,44.041611155357025,0,1,1,1,1
0.6000095156532496,0.7469787800932534,21,48.4573936231513,0,1,1,1,1
0.6017369727047146,0.748425271998473,18,40.94990225507436,0,1,1,1,1
0.5999619373870017,0.7463761220541123,22,51.29109593018141,0,1,1,1,1
0.6009135027119612,0.74701842864846,20,46.33728801902783,0,1,1,1,1
0.6005566657151014,0.7467884670282615,19,43.75781864043712,0,1,1,1,1
0.5989225706420277,0.7452457045217227,18,41.95124729893714,0,1,1,1,1
0.5989225706420277,0.7452457045217227,18,41.95124729893714,0,1,1,1,1
0.5984795747239187,0.7443992658924785,20,45.917183636062134,0,1,1,1,1
0.6016335814722912,0.7490297130495641,18,40.84833329857902,0,1,1,1,1
0.6017449258764396,0.7498011707068779,17,38.408439871052565,0,1,1,1,1
0.6015460965833175,0.7489501813323153,16,36.646425994019495,0,1,1,1,1
0.6008897135788371,0.7478906968630064,19,43.616187716920756,0,1,1,1,1
0.6025163835337533,0.7495625755551314,20,45.49108926280143,0,1,1,1,1
0.6011989723094491,0.7482396041488248,22,51.1251117321532,0,1,1,1,1
0.6046320656940126,0.7508251614446305,18,42.04063863086189,0,1,1,1,1
0.6055493363185671,0.7525267871421718,20,45.885010805783544,0,1,1,1,1
0.6055493363185671,0.7525267871421718,20,45.885010805783544,0,1,1,1,1
0.6007945570463412,0.747858978018841,21,49.0568177540604,0,1,1,1,1
0.6041058757872917,0.7505222036195488,18,41.17526461684759,0,1,1,1,1
0.6013813556633997,0.7465267865638976,16,37.35158686713178,0,1,1,1,1
0.6002791258286548,0.7477003837980144,24,55.30632353745751,0,1,1,1,1
0.6019437551695617,0.7488945091302411,20,46.50724510807634,0,1,1,1,1
0.6051015512553974,0.7518311210618903,17,38.99696153365931,0,1,1,1,1
0.599874710565547,0.7474783518888571,22,51.16386537650992,0,1,1,1,1
0.599874710565547,0.7474783518888571,22,51.16386537650992,0,1,1,1,1
0.6050055973132896,0.7523268830961138,17,39.250243183104246,0,1,1,1,1
0.6052374860067168,0.7521429713737406,16,36.757042308326525,0,1,1,1,1
0.6018165044219634,0.7501988292931221,17,38.710998074244976,0,1,1,1,1
0.6047017431632816,0.7514313129697745,17,38.61239328871087,0,1,1,1,1
0.6044218774988006,0.7502558771789541,15,33.831971577311016,0,1,1,1,1
0.6047497201343355,0.7504397889013273,19,44.07533116907101,0,1,1,1,1
0.606964217006541,0.752348659740926,16,35.859548655163366,0,1,1,1,1
0.606964217006541,0.752348659740926,16,35.859548655163366,0,1,1,1,1
0.606660802814649,0.7520630097553175,22,50.630301737992134,0,1,1,1,1
0.6048792154986845,0.7504185601530734,24,55.19759758264439,0,1,1,1,1
0.6061250599712138,0.7529585798816568,17,39.084606739076925,0,1,1,1,1
0.6046240931196684,0.7501076297536474,21,48.59643211789607,0,1,1,1,1
0.6050615704461858,0.7501359347513193,17,39.660651675185925,0,1,1,1,1
0.6065328642251719,0.7510235087158164,16,37.91259538547704,0,1,1,1,1
0.60342820696803,0.74868851152037,17,38.232488082624705,0,1,1,1,1
0.6035717133062266,0.7488320178585666,20,45.45622803339598,0,1,1,1,1
0.6029817428047517,0.7479869249780754,19,43.3933170271926,0,1,1,1,1
0.6034840149884397,0.7471498046719286,24,55.73427511116074,0,1,1,1,1
0.6048456740764433,0.7507276507276507,19,43.31773179780572,0,1,1,1,1
0.6037901807132576,0.7502718695026387,18,40.7654368308596,0,1,1,1,1
0.6038781384935231,0.7491683991683992,19,44.25150771851669,0,1,1,1,1
0.603318407164561,0.7500159923236847,20,45.50102714168086,0,1,1,1,1
0.6006473881784056,0.7464846980976013,18,40.89241872466871,0,1,1,1,1
0.6036062689908843,0.749088437549976,17,38.38244546239261,0,1,1,1,1
0.6023428754197985,0.7481848712617943,20,46.448253223527274,0,1,1,1,1
0.6014872861026708,0.747313289620982,15,35.774905219665015,0,1,1,1,1
0.6014872861026708,0.747313289620982,15,35.774905219665015,0,1,1,1,1
0.6038380146210081,0.7484769783249968,20,46.64027603845384,0,1,1,1,1
0.6049170311294058,0.7513104579367121,21,48.56419491478458,0,1,1,1,1
0.6053190120915873,0.7497748906611783,19,44.924027795656414,0,1,1,1,1
0.6051341008489838,0.7505708129662979,19,43.7268986993901,0,1,1,1,1
0.6060827759197325,0.7514953691793157,19,43.433407202422444,0,1,1,1,1
0.6064686776434268,0.7512863390789812,23,53.79759033296072,0,1,1,1,1
0.6068304605093903,0.7513506560329303,18,40.90265586788547,0,1,1,1,1
0.6067098662207357,0.7511014278363777,19,44.59693707503473,0,1,1,1,1
0.6061470928736815,0.7518732312837664,16,37.291870625663535,0,1,1,1,1
0.6066616285052739,0.7509888731669668,18,41.31186918968256,0,1,1,1,1
0.6028066528066528,0.7472972972972973,18,42.920899614672635,0,1,1,1,1
0.6057933496269616,0.7494693851299202,19,45.04271110438506,0,1,1,1,1
0.605809428865449,0.7498070491381528,18,42.526040034894166,0,1,1,1,1
0.6023588677434831,0.74685750839597,19,44.134684862326296,0,1,1,1,1
0.6027027027027027,0.7462817847433232,17,40.381407896574714,0,1,1,1,1
0.6025027986566448,0.7467375659683352,19,44.48737847031874,0,1,1,1,1
0.6019270750039981,0.7454261954261955,21,48.721643821163894,0,1,1,1,1
0.6014153206460898,0.746681592835439,20,46.47842101922252,0,1,1,1,1
0.6060669591020513,0.7505079989678751,22,51.20162256145211,0,1,1,1,1
0.6051260612297401,0.7492925135065603,17,39.07245252634477,0,1,1,1,1
0.6009995202302895,0.7459939229169998,17,38.15053999495551,0,1,1,1,1
0.604145227682017,0.7494935039876511,17,38.612578007215305,0,1,1,1,1
0.6013993283224053,0.7455141532064609,17,38.7565451529201,0,1,1,1,1
0.601543259235567,0.7446665600511755,18,40.891513371614714,0,1,1,1,1
0.6039120787239516,0.7481910856701827,17,38.471935049921704,0,1,1,1,1
0.6032206714689993,0.7479820555698482,21,48.22077407301207,0,1,1,1,1
0.6032206714689993,0.7479820555698482,21,48.22077407301207,0,1,1,1,1
0.6021272832518652,0.7476283123231284,19,43.83195582557999,0,1,1,1,1
0.6029151659377412,0.7466876768716234,17,38.465094918530895,0,1,1,1,1
0.603704360727648,0.747468068636305,16,36.212001434351535,0,1,1,1,1
0.6032769488037046,0.7484483534859789,21,48.82778207026564,0,1,1,1,1
0.6042738615899151,0.7485689477746333,17,39.43762834272647,0,1,1,1,1
0.6041130692050425,0.7473790841265757,23,53.57909492433481,0,1,1,1,1
0.6035342166195009,0.7479096989966555,19,44.205529619906024,0,1,1,1,1
0.6032287110882428,0.7468323900180087,19,44.049799074867096,0,1,1,1,1
0.6026820169796758,0.7468082711602778,20,45.826389104188856,0,1,1,1,1
0.6026578981219449,0.7465188448675071,19,42.67343685353705,0,1,1,1,1
0.6026578981219449,0.7465188448675071,19,42.67343685353705,0,1,1,1,1
0.6024408284023669,0.7467117957293543,18,41.6151156595591,0,1,1,1,1
0.5992243723012953,0.7430913161682392,16,36.81696607568466,0,1,1,1,1
0.6014921533316182,0.7464625675328016,18,41.556821489157635,0,1,1,1,1
0.6014921533316182,0.7464625675328016,18,41.556821489157635,0,1,1,1,1
0.601693143812709,0.7458033187548238,20,46.23163841043691,0,1,1,1,1
0.6016690249549781,0.745602328273733,17,39.57347262899715,0,1,1,1,1
0.6014117571391819,0.7459480319012092,16,35.876471568916386,0,1,1,1,1
0.601210766658091,0.7458676357087728,19,43.55095783199092,0,1,1,1,1
0.6011062516079239,0.7461329431438127,18,40.76709288125769,0,1,1,1,1
0.6046496588741229,0.7478012739677304,16,36.264154540552234,0,1,1,1,1
0.6014278363776692,0.7455299717005403,21,48.06786220225429,0,1,1,1,1
0.6014278363776692,0.7455299717005403,21,48.06786220225429,0,1,1,1,1
0.601082132750193,0.743938127090301,23,53.015621369619126,0,1,1,1,1
0.6019021739130435,0.7442275533830718,21,49.90264180776352,0,1,1,1,1
0.6009374196038075,0.744243632621559,19,43.28528477066677,0,1,1,1,1
0.6007846668381785,0.7444687419603807,18,41.46673865458181,0,1,1,1,1
0.6002138538718806,0.743785374324672,18,41.09945560223934,0,1,1,1,1
0.6002138538718806,0.743785374324672,18,41.09945560223934,0,1,1,1,1
0.601757460766658,0.7440989194751737,20,45.98117806051031,0,1,1,1,1
0.6011544893233857,0.7433833933624904,23,52.9959399355015,0,1,1,1,1
0.6011544893233857,0.7433833933624904,23,52.9959399355015,0,1,1,1,1
0.6007927064574222,0.7429814124003087,19,43.630020218410316,0,1,1,1,1
0.6007927064574222,0.7429814124003087,19,43.630020218410316,0,1,1,1,1
0.6012831232312837,0.7436406611782866,22,50.223366123326095,0,1,1,1,1
0.6005434782608695,0.743785374324672,20,45.8105906811897,0,1,1,1,1
0.6014037175199383,0.7439300874710574,18,40.51610931751718,0,1,1,1,1
0.6000289426292771,0.7422498070491381,19,43.64563756033824,0,1,1,1,1
0.5990963467970157,0.743962245948032,19,42.97134862034607,0,1,1,1,1
0.5995626447131464,0.7428447388731669,18,40.722544858450235,0,1,1,1,1
0.5988069205042449,0.74220960895292,18,41.048003538530274,0,1,1,1,1
0.5968321149159933,0.7405252020007695,17,38.417749371134924,0,1,1,1,1
0.5968321149159933,0.7405252020007695,17,38.417749371134924,0,1,1,1,1
0.5972168782865205,0.7397556752597153,24,55.82430785060831,0,1,1,1,1
0.597866166474285,0.7405732974220854,17,38.85002510230212,0,1,1,1,1
0.5999276759884281,0.7427354548376728,18,41.50540035058691,0,1,1,1,1
0.6036845507433742,0.7466628959276018,16,36.13935469222343,0,1,1,1,1
0.6012134361941498,0.7436194149791064,18,41.20283638075861,0,1,1,1,1
0.5976657688854687,0.7388338463511607,21,48.23340912452144,0,1,1,1,1
0.5976657688854687,0.7388338463511607,21,48.23340912452144,0,1,1,1,1
0.601294388832471,0.7424923835775424,19,43.57859274324661,0,1,1,1,1
0.5999207811944256,0.7415284379344909,18,40.60505557359637,0,1,1,1,1
0.5995524638809164,0.7416776118434921,23,52.58840394338609,0,1,1,1,1
0.5977606978969046,0.7406155243145076,20,46.12989302799485,0,1,1,1,1
0.5942806148700798,0.7368230640596861,20,46.70116448628012,0,1,1,1,1
0.599791444368998,0.7409140880137097,18,41.213027563274615,0,1,1,1,1
0.5983179589730357,0.7403802735130951,22,51.500486856158474,0,1,1,1,1
0.5948514278363777,0.7367989452019552,18,42.00717425133597,0,1,1,1,1
0.5948514278363777,0.7367989452019552,18,42.00717425133597,0,1,1,1,1
0.5988119992907458,0.7438625336492738,17,38.80597541282598,0,1,1,1,1
0.49312079212387083,0.7027336393265142,15,30.758415659650197,1,1,1,1,1
0.49221772379667117,0.7013326585695007,12,24.119451424826117,1,1,1,1,1
0.4920152946468736,0.7014619883040936,13,26.51792391152339,1,1,1,1,1
0.4913897127648777,0.7015777068555253,15,31.16455470291872,1,1,1,1,1
0.4907356241471474,0.7008446765080689,14,29.223231341385794,1,1,1,1,1
0.4895458595062759,0.7021133828786665,17,36.022424533690234,1,1,1,1,1
0.48932785288855674,0.7016045021174445,13,26.65740858952615,1,1,1,1,1
0.4854475933423302,0.6975652271704903,18,38.32235627328651,1,1,1,1,1
0.48726851851851855,0.699192637759711,17,36.44663496546788,1,1,1,1,1
0.4859417344173442,0.6991531165311653,15,31.558047165529366,1,1,1,1,1
0.4859473803071364,0.6991813459801265,18,37.92724942973024,1,1,1,1,1
0.48175936741845626,0.6974514781202265,17,36.1590145531459,1,1,1,1,1
0.47782294489611565,0.6957429990966576,16,33.67264694462574,1,1,1,1,1
0.47940748207885303,0.6954805107526881,14,28.837599999842915,1,1,1,1,1
0.4803682976886068,0.6930646988235558,15,30.32337194914861,1,1,1,1,1
0.4803682976886068,0.6930646988235558,15,30.32337194914861,1,1,1,1,1
0.48473116844107733,0.6959416613823716,14,28.45647711907581,1,1,1,1,1
0.4815309177017246,0.6948384862836208,16,33.88647012580041,1,1,1,1,1
0.481089714949513,0.6928558663211509,15,31.380761723734057,1,1,1,1,1
0.4825215606670629,0.6957787073693182,16,32.77094968398338,1,1,1,1,1
0.4830128205128205,0.6955409356725146,14,28.226779235172252,1,1,1,1,1
0.4847307614350382,0.695206404972637,16,32.90443235313994,1,1,1,1,1
0.4836482231219073,0.6951304543409806,16,33.93682083179665,1,1,1,1,1
0.4846827009936766,0.6965898825654924,14,28.70196201204604,1,1,1,1,1
0.4846827009936766,0.6965898825654924,14,28.70196201204604,1,1,1,1,1
0.4834526946377497,0.6955723712361778,14,28.029224724293673,1,1,1,1,1
0.4811965811965812,0.6934604138551507,15,30.715258032819545,1,1,1,1,1
0.48214084633921134,0.6948854807107628,15,30.751791885659948,1,1,1,1,1
0.48188185482962864,0.69536405197847,15,30.993337599548276,1,1,1,1,1
0.4792187692756289,0.6936815189475927,15,30.653106233188552,1,1,1,1,1
0.4823886639676113,0.6985323886639676,16,34.485843279485096,1,1,1,1,1
0.48115479390681004,0.6941812275985663,16,33.70803089416626,1,1,1,1,1
0.482995951417004,0.6952822762033288,18,38.227126711736055,1,1,1,1,1
0.48228744939271256,0.6933985605038236,16,33.55118449855857,1,1,1,1,1
0.48335582546108863,0.6950854700854701,17,35.559204934366605,1,1,1,1,1
0.4854223125564589,0.6978037488708221,16,33.78640713162315,1,1,1,1,1
0.48239428699955017,0.695687134502924,15,31.345109190526436,1,1,1,1,1
0.48239428699955017,0.695687134502924,15,31.345109190526436,1,1,1,1,1
0.4826248313090418,0.6941070625281152,14,28.97906144521435,1,1,1,1,1
0.48422538392050585,0.6966576332429991,13,26.702787571237028,1,1,1,1,1
0.4825485546522132,0.6935862691960253,16,33.919140587866615,1,1,1,1,1
0.4834518970189702,0.6946364046973803,18,38.48933542461194,1,1,1,1,1
0.4835422312556459,0.6961777326106594,14,29.113385476902568,1,1,1,1,1
0.48337950138504154,0.693866405423057,17,35.67683566322008,1,1,1,1,1
0.48148978882321936,0.6932048852153824,16,33.480095863115764,1,1,1,1,1
0.4807189030800546,0.6915919207282976,16,32.65425061965874,1,1,1,1,1
0.48182052027646677,0.6931129353345113,14,28.364745757914577,1,1,1,1,1
0.47986655676350026,0.6912259401176261,16,33.872704669025524,1,1,1,1,1
0.47986655676350026,0.6912259401176261,16,33.872704669025524,1,1,1,1,1
0.48114556339916004,0.6931797873291038,13,26.27078068656566,1,1,1,1,1
0.4814729664562002,0.695840389381722,14,29.04623645313895,1,1,1,1,1
0.48246530117234876,0.694060773480663,17,35.855320837306785,1,1,1,1,1
0.4807580468383027,0.6932247746437918,13,26.678301831614633,1,1,1,1,1
0.4820676530865032,0.6964563205188838,14,29.047793308047677,1,1,1,1,1
0.48303042587212575,0.6952345562236786,15,31.811092172945116,1,1,1,1,1
0.48220840934171116,0.6965914465238835,16,33.02666956226078,1,1,1,1,1
0.48220840934171116,0.6965914465238835,16,33.02666956226078,1,1,1,1,1
0.4818813726811301,0.6944032699995508,20,42.3454354311249,1,1,1,1,1
0.4799365236017809,0.6923861966871152,14,28.962833336343266,1,1,1,1,1
0.48225279061901005,0.6947682940579547,13,26.44520817725585,1,1,1,1,1
0.48021380766293853,0.6919608767910883,17,36.62668827301397,1,1,1,1,1
0.4863973154967007,0.6957131274913857,14,28.40931091784532,1,1,1,1,1
0.4862171474900345,0.696124135756593,17,35.64934977990142,1,1,1,1,1
0.4845698500394633,0.692890968542113,17,35.7268115367755,1,1,1,1,1
0.4841483407767539,0.693888857482051,15,31.050008755157,1,1,1,1,1
0.48333992876929166,0.6952512861100119,18,38.83814708301381,1,1,1,1,1
0.48333992876929166,0.6952512861100119,18,38.83814708301381,1,1,1,1,1
0.482857272603424,0.6961536714953908,17,35.42153226999168,1,1,1,1,1
0.4837898840668924,0.6945897883109333,16,33.5512907155691,1,1,1,1,1
0.48518518518518516,0.6955818472793781,15,30.803537094126618,1,1,1,1,1
0.48426684881602916,0.6949965846994536,14,27.69603265399636,1,1,1,1,1
0.48482724029045976,0.6966531012391277,16,34.03457698759163,1,1,1,1,1
0.48509651456244457,0.6958654480140054,14,28.32002674395036,1,1,1,1,1
0.48634337630951974,0.6971318810346203,18,38.16251006182435,1,1,1,1,1
0.48193227429475943,0.6916614845384137,14,28.476719693322973,1,1,1,1,1
0.4825166886154126,0.6935254983879025,14,28.93504843216242,1,1,1,1,1
0.4835327641796467,0.693599291585305,15,31.710173734545766,1,1,1,1,1
0.4852470369193043,0.6937014667817084,15,31.40491943233357,1,1,1,1,1
0.48533785931610735,0.6929238000090823,16,34.187646985955496,1,1,1,1,1
0.4837995549702557,0.6943996639571318,16,32.719575418926425,1,1,1,1,1
0.4837995549702557,0.6943996639571318,16,32.719575418926425,1,1,1,1,1
0.48455365183589255,0.6952395608905304,17,35.958963912784746,1,1,1,1,1
0.48384603142123095,0.6917900097765045,18,38.223968625408325,1,1,1,1,1
0.48566510493257187,0.6937291246309406,21,44.89204219619338,1,1,1,1,1
0.48566510493257187,0.6937291246309406,21,44.89204219619338,1,1,1,1,1
0.48550551166740763,0.694772180613978,14,28.519932506704755,1,1,1,1,1
0.4849184364419821,0.6936493279983584,12,24.298960037198764,1,1,1,1,1
0.48529462056701206,0.6938488195798137,16,32.80742886969271,1,1,1,1,1
0.4857164027678032,0.6955701469397991,11,20.96838036104532,1,1,1,1,1
0.4854371145537658,0.6936037299225972,16,32.719770631821106,1,1,1,1,1
0.4854371145537658,0.6936037299225972,16,32.719770631821106,1,1,1,1,1
0.48679631876559604,0.6953309219111284,16,32.82712146288141,1,1,1,1,1
0.4864174731826317,0.6942820012995452,17,35.23516485318132,1,1,1,1,1
0.48648017053680337,0.6934156378600823,13,26.791174355812394,1,1,1,1,1
0.48648017053680337,0.6934156378600823,13,26.791174355812394,1,1,1,1,1
0.48693615129441536,0.6950001709927841,13,26.425752594438606,1,1,1,1,1
0.48693615129441536,0.6950001709927841,13,26.425752594438606,1,1,1,1,1
0.4849828342768797,0.6928813405179274,16,32.80853750592134,1,1,1,1,1
0.48583039795720623,0.6933814393032613,14,28.653386668557996,1,1,1,1,1
0.48443148489189003,0.6919946342905213,17,35.65649888626809,1,1,1,1,1
0.4852101948480095,0.6912841325057408,15,30.788844327795864,1,1,1,1,1
0.48570470409021665,0.6923243071186594,16,32.8032346058221,1,1,1,1,1
0.4877517008355783,0.6936155883293,16,32.83299602784224,1,1,1,1,1
0.48541481936202624,0.6917445376622786,19,40.655410402918534,1,1,1,1,1
0.48800672987290544,0.6944614964872792,16,33.45831434644012,1,1,1,1,1
0.48504041909407036,0.6905624802420629,16,33.049463240629755,1,1,1,1,1
0.48504041909407036,0.6905624802420629,16,33.049463240629755,1,1,1,1,1
0.4854519518159587,0.6918927180509011,16,32.4160580714544,1,1,1,1,1
0.48755769274492416,0.6961155446422481,12,23.505644376301472,1,1,1,1,1
0.48665961848896166,0.6950355819293818,14,28.671591213304065,1,1,1,1,1
0.48820149789678874,0.6953706553583439,13,25.613585652708103,1,1,1,1,1
0.4879108101638111,0.6938887178961047,15,31.15840714323344,1,1,1,1,1
0.48837050678671307,0.6939101471022895,15,30.533910589761128,1,1,1,1,1
0.48837050678671307,0.6939101471022895,15,30.533910589761128,1,1,1,1,1
0.48912079667144126,0.6960984925994134,18,38.23060884056474,1,1,1,1,1
0.48912079667144126,0.6960984925994134,18,38.23060884056474,1,1,1,1,1
0.4878243716627555,0.694730696414198,15,30.95846535022956,1,1,1,1,1
0.48667186018154723,0.69184956871246,16,33.3883890584699,1,1,1,1,1
0.4860452513209592,0.690076999503229,15,30.0553729216492,1,1,1,1,1
0.48887301749254614,0.6941808658980376,16,32.90741330620235,1,1,1,1,1
0.48790870392174623,0.6930814690698306,13,25.50547289664215,1,1,1,1,1
0.48930690154877277,0.6937607553663617,11,21.300818338837903,1,1,1,1,1
0.49134893026851284,0.694177295773367,17,36.101152296722425,1,1,1,1,1
0.4919855398676761,0.6952061023577292,16,33.08558208555788,1,1,1,1,1
0.49053611622672394,0.6951719982720597,14,28.766725222039938,1,1,1,1,1
0.49053611622672394,0.6951719982720597,14,28.766725222039938,1,1,1,1,1
0.4878968522783724,0.6920866639570067,20,43.41018819103898,1,1,1,1,1
0.4908373689834709,0.696485005570334,11,21.388768055304173,1,1,1,1,1
0.49171839119659866,0.6963144851419867,15,30.561810585431903,1,1,1,1,1
0.4931395826674581,0.6985582850098169,12,23.444030637018894,1,1,1,1,1
0.4917979673964941,0.6957574517427187,16,33.03850474313137,1,1,1,1,1
0.4917354432394334,0.6964281654275516,14,29.13327840706954,1,1,1,1,1
0.4917354432394334,0.6964281654275516,14,29.13327840706954,1,1,1,1,1
0.49242889298137915,0.6968715185412546,16,33.03130257617173,1,1,1,1,1
0.49401283046436234,0.699357335281494,14,29.06613021387333,1,1,1,1,1
0.4942354230400438,0.6976736222090315,14,28.72050734944044,1,1,1,1,1
0.4947148532030501,0.6971542395324415,16,33.337022854121685,1,1,1,1,1
0.4927358297524043,0.6949389536866517,16,33.67302692260289,1,1,1,1,1
0.4910107780092383,0.6926116293813966,15,31.164515288291064,1,1,1,1,1
0.49325875906600275,0.6964281654275516,15,31.41638193780637,1,1,1,1,1
0.49498881329619654,0.6990548376786448,15,31.04603261915861,1,1,1,1,1
0.49338380738012416,0.696462269513221,15,30.724207416223592,1,1,1,1,1
0.4936225359798104,0.694899165586704,15,31.475557779063283,1,1,1,1,1
0.49429324966464316,0.6960700725280222,19,40.58674785335657,1,1,1,1,1
0.49412272923629585,0.6965986858558989,15,30.880307597890333,1,1,1,1,1
0.4934463315371848,0.6956494554714322,15,30.903847284673322,1,1,1,1,1
0.49406020507923515,0.6950185298865471,16,34.287175483015375,1,1,1,1,1
0.49406020507923515,0.6950185298865471,16,34.287175483015375,1,1,1,1,1
0.4945035581929382,0.6951037901007208,16,33.4223370731225,1,1,1,1,1
0.4945035581929382,0.6951037901007208,16,33.4223370731225,1,1,1,1,1
0.49254483289557105,0.6937098088941219,16,33.10334213044899,1,1,1,1,1
0.491418349787157,0.6946494882709899,15,31.110238531726452,1,1,1,1,1
0.49330991519450695,0.6964224814132733,14,28.40380715431146,1,1,1,1,1
0.4944580860787122,0.6963258531705432,17,36.00322581611571,1,1,1,1,1
0.49586206109310077,0.6987066800602713,16,33.39656892602738,1,1,1,1,1
0.49544541345144055,0.6991861102232775,15,30.512820337174926,1,1,1,1,1
0.4940886251506264,0.6965588977559511,15,31.43413900627709,1,1,1,1,1
0.4940886251506264,0.6965588977559511,15,31.43413900627709,1,1,1,1,1
0.49321897096605505,0.6958483959711707,14,28.464230826835813,1,1,1,1,1
0.49407157310779165,0.6963940613418821,14,28.853962885758637,1,1,1,1,1
0.49352022372280197,0.6941602437305322,16,33.3623391193217,1,1,1,1,1
0.4933155992087852,0.6963031171134302,16,33.93725748496199,1,1,1,1,1
0.4930029784234818,0.6952288384148421,15,31.613454387985666,1,1,1,1,1
0.4924971011527181,0.6964679535274992,17,36.096386529722196,1,1,1,1,1
0.4951885758641158,0.6988151225971417,15,31.441291799903613,1,1,1,1,1
0.4955881009999543,0.6994600703164239,14,28.97603067322473,1,1,1,1,1
0.4950002283000776,0.6971428245285604,14,29.250336824744444,1,1,1,1,1
0.4946806081914068,0.6988379526049039,16,33.97443348422737,1,1,1,1,1
0.4950630108214237,0.6979304597963564,16,33.96205115045285,1,1,1,1,1
0.4949545682845532,0.6977021597187343,16,33.74827083100661,1,1,1,1,1
0.4974438917035373,0.7011875014327962,14,29.4935612532759,1,1,1,1,1
0.493054134551986,0.6956721915285451,15,31.97887363386828,1,1,1,1,1
0.4942297155381033,0.6979019222866536,14,29.258267642019128,1,1,1,1,1
0.49512579334276974,0.6981930048856216,15,30.97305284197478,1,1,1,1,1
0.49555385598831103,0.6989178576320716,15,31.272719965014566,1,1,1,1,1
0.49512579334276974,0.6983128624263732,14,28.536511860377637,1,1,1,1,1
0.4957479110542898,0.6981587598739784,14,28.33052773320652,1,1,1,1,1
0.4935941159084192,0.6965873178273424,16,32.85347569913854,1,1,1,1,1
0.49511437833888866,0.6986781425505685,13,25.96631737447939,1,1,1,1,1
0.49388968465088784,0.6962405929563695,14,28.828703492265966,1,1,1,1,1
0.4951372083466508,0.699180402721337,12,23.845078952301563,1,1,1,1,1
0.49383852852238364,0.6971898233408362,15,31.041879001066583,1,1,1,1,1
0.4937930564081577,0.6966953140986291,17,35.97520845382066,1,1,1,1,1
0.4936054839369757,0.6960246004137962,16,33.01594091569294,1,1,1,1,1
0.4952342358796402,0.6981302223642756,18,37.52969655555732,1,1,1,1,1
0.4933667553372894,0.6961269126708046,13,26.507401810235883,1,1,1,1,1
0.49559951600383545,0.6980560248390485,14,28.600541176555698,1,1,1,1,1
0.49542258344367834,0.6972341445596092,15,30.747807669461615,1,1,1,1,1
0.495160038354413,0.6974567371352907,14,28.964331798998252,1,1,1,1,1
0.49525135838546186,0.6974224921236474,16,33.55957552392557,1,1,1,1,1
0.49525135838546186,0.6974224921236474,16,33.55957552392557,1,1,1,1,1
0.4951086708369481,0.6980503173371079,12,23.785288732244563,1,1,1,1,1
0.49510296333500753,0.6973482945984202,15,31.71575331045914,1,1,1,1,1
0.4953997534359162,0.6980160723254646,15,31.192186934964873,1,1,1,1,1
0.49637002876580977,0.6983756449477193,15,31.771177692557956,1,1,1,1,1
0.49349180365141077,0.6951663142577814,19,41.317822458638474,1,1,1,1,1
0.4938442125366619,0.694830957415365,17,36.250842395200586,1,1,1,1,1
0.4938442125366619,0.694830957415365,17,36.250842395200586,1,1,1,1,1
0.4953483859184512,0.697388247112004,16,33.50729700847454,1,1,1,1,1
0.49684784851333075,0.6996973934572798,17,36.00153284840637,1,1,1,1,1
0.4969395474656702,0.6985225006304303,15,31.395228597859123,1,1,1,1,1
0.4983735819128516,0.6990609303341341,15,31.851401347927165,1,1,1,1,1
0.49747704049378744,0.6986643831680096,14,29.14265476924378,1,1,1,1,1
0.49747704049378744,0.6986643831680096,14,29.14265476924378,1,1,1,1,1
0.4978563464787761,0.6982276065792348,14,29.44283401531337,1,1,1,1,1
0.4986265004616805,0.7010387811634349,13,26.818694642012726,1,1,1,1,1
0.499047783933518,0.7010330101569714,13,27.432415527438007,1,1,1,1,1
0.499047783933518,0.7010330101569714,13,27.432415527438007,1,1,1,1,1
0.4960225579422755,0.6973991884642718,16,33.636030197983274,1,1,1,1,1
0.498158379373849,0.6999827348066299,15,31.09662985201589,1,1,1,1,1
0.49695674101923387,0.6974335755713991,16,33.84713021762043,1,1,1,1,1
0.49510296333500753,0.6958871741016392,15,32.03662458578082,1,1,1,1,1
0.497065633525137,0.6983104468031452,15,31.5971281270054,1,1,1,1,1
0.4962804612457303,0.696820338827629,14,29.661405997176633,1,1,1,1,1
0.49709198744842015,0.6992333421454926,14,29.09219479347891,1,1,1,1,1
0.49689369798950045,0.6986887049815456,15,31.418773176327125,1,1,1,1,1
0.4975757089475253,0.6978404896724055,13,26.7231723148589,1,1,1,1,1
0.4975757089475253,0.6978404896724055,13,26.7231723148589,1,1,1,1,1
0.49555385598831103,0.6962981142413588,14,29.1782441864488,1,1,1,1,1
0.4965326333646638,0.6988377157790973,14,28.676939200293184,1,1,1,1,1
0.49456075065065525,0.6969544769645222,14,29.019539165761557,1,1,1,1,1
0.4974735267034991,0.6989180478821363,15,31.6741901752374,1,1,1,1,1
0.4981532779316713,0.7003404893813481,15,31.075488723942,1,1,1,1,1
0.49675989871086557,0.6984633977900553,16,33.65630173720801,1,1,1,1,1
0.49675989871086557,0.6984633977900553,16,33.65630173720801,1,1,1,1,1
0.4984338519152084,0.7011084398622252,13,26.706604516178746,1,1,1,1,1
0.4984338519152084,0.7011084398622252,13,26.706604516178746,1,1,1,1,1
0.4997450132709002,0.7017582494002017,14,29.107771851114272,1,1,1,1,1
0.4993335574125801,0.7016713221061904,14,29.183474664264534,1,1,1,1,1
0.4976742843951985,0.6984418282548477,16,33.96518152946608,1,1,1,1,1
0.498516440848874,0.7011845292597272,15,31.116372607061194,1,1,1,1,1
0.4961045706371191,0.6991285780240074,16,33.65792940410027,1,1,1,1,1
0.4965604801477378,0.6988861957525393,13,27.003691711219435,1,1,1,1,1
0.4943040166204986,0.6982456140350877,16,33.81524205228686,1,1,1,1,1
0.4943040166204986,0.6982456140350877,16,33.81524205228686,1,1,1,1,1
0.49391158818097874,0.697547322253001,17,35.481681724362204,1,1,1,1,1
0.49645083102493076,0.6986495844875347,15,31.074035476684063,1,1,1,1,1
0.4909800599803118,0.6955770243355235,17,36.06184721778387,1,1,1,1,1
0.4891543233900323,0.695222178979419,19,40.38468594024484,1,1,1,1,1
0.4891543233900323,0.695222178979419,19,40.38468594024484,1,1,1,1,1
0.486012790260251,0.6953421565609931,14,28.885689452150846,1,1,1,1,1
0.48430669398907106,0.6935052367941712,14,28.86896884308359,1,1,1,1,1
0.483839289768857,0.6913003496662277,16,32.96130288992402,1,1,1,1,1
0.48519467213114753,0.6933913934426229,16,32.85194134693988,1,1,1,1,1
0.48519467213114753,0.6933913934426229,16,32.85194134693988,1,1,1,1,1
0.4834078833840425,0.6914025248626311,16,33.91712779266025,1,1,1,1,1
0.4867936573076616,0.6928285626346569,15,31.60575153171309,1,1,1,1,1
0.4867936573076616,0.6928285626346569,15,31.60575153171309,1,1,1,1,1
0.4891886632632037,0.6973455278038506,13,26.354134102615916,1,1,1,1,1
0.490442638590361,0.6974575004885001,15,31.64074728563407,1,1,1,1,1
0.4911134163208852,0.6998040571692024,13,26.096489405881698,1,1,1,1,1
0.49132664822498845,0.6989568925772245,13,26.100438178549137,1,1,1,1,1
0.48890822096563724,0.6942263226574483,16,33.17641337480585,1,1,1,1,1
0.4884217394290424,0.6940889631647628,16,33.452508707156156,1,1,1,1,1
0.4910903642231443,0.6976659751037344,17,35.6574819196081,1,1,1,1,1
0.490563326858312,0.6967448650015517,15,32.06627946390205,1,1,1,1,1
0.49052309743566164,0.6975954299375869,16,34.20536720569303,1,1,1,1,1
0.49059780922058366,0.6966759002770083,17,35.34747459314715,1,1,1,1,1
0.49059780922058366,0.6966759002770083,17,35.34747459314715,1,1,1,1,1
0.4925460626889346,0.6961529177825542,15,31.36935660044896,1,1,1,1,1
0.49033344444316734,0.6957161411937793,16,34.65839789002206,1,1,1,1,1
0.49263226859461384,0.6965782002505718,15,31.56487947128724,1,1,1,1,1
0.49260928035309937,0.6963195825335341,21,45.27716477590282,1,1,1,1,1
0.4921552625831887,0.6960149883334674,20,43.41167812130595,1,1,1,1,1
0.49285065688900126,0.6957908529787014,15,31.746300033384507,1,1,1,1,1
0.49285065688900126,0.6957908529787014,15,31.746300033384507,1,1,1,1,1
0.4928966333720302,0.6970609533223756,15,31.83638406474237,1,1,1,1,1
0.4928621510097585,0.6963195825335341,18,38.51968196453551,1,1,1,1,1
0.49286789807013714,0.6965667061298146,17,36.113065209682276,1,1,1,1,1
0.4925115803266629,0.6958540706428662,16,33.575090274231094,1,1,1,1,1
0.4923966391190906,0.6949920115860737,17,35.80489733482152,1,1,1,1,1
0.4930058275192239,0.6961356766014184,14,29.247374273805697,1,1,1,1,1
0.4932644452362617,0.6959287824277882,15,31.644470025539125,1,1,1,1,1
0.4934426041079988,0.697400029884714,13,27.01905320476989,1,1,1,1,1
0.49301157457960254,0.6964057884392133,14,29.200887393270012,1,1,1,1,1
0.49041390328846796,0.6977333593866737,14,28.61066532199831,1,1,1,1,1
0.48789519470708087,0.69390009386232,15,31.432988397097173,1,1,1,1,1
0.4860469888170719,0.6931591486839256,14,29.30221973628348,1,1,1,1,1
0.4885648222339232,0.6948616103111193,15,31.374344669126213,1,1,1,1,1
0.4867936573076616,0.6909875403257982,17,36.140211836249314,1,1,1,1,1
0.4867936573076616,0.6909875403257982,17,36.140211836249314,1,1,1,1,1
0.49047640850713126,0.6945639980769671,14,29.03122823211832,1,1,1,1,1
0.4905748209790692,0.6973080769186562,14,28.344478954711125,1,1,1,1,1
0.4883072731851377,0.6958860831940661,13,25.894123378947544,1,1,1,1,1
0.4883416130583091,0.6945353815159909,16,33.194916517411016,1,1,1,1,1
0.4883416130583091,0.6945353815159909,16,33.194916517411016,1,1,1,1,1
0.4871527421542811,0.6934327371384927,13,26.716066538144172,1,1,1,1,1
0.4871527421542811,0.6934327371384927,13,26.716066538144172,1,1,1,1,1
0.48838167624367573,0.6956113642086948,15,31.94083179844796,1,1,1,1,1
0.48838167624367573,0.6956113642086948,15,31.94083179844796,1,1,1,1,1
0.48992697053638884,0.6942434925940341,13,27.091851916862222,1,1,1,1,1
0.48992697053638884,0.6942434925940341,13,27.091851916862222,1,1,1,1,1
0.4903562189510313,0.6945525514525767,13,26.735796031624336,1,1,1,1,1
0.4909342734827499,0.6932304663354777,17,35.685390528445154,1,1,1,1,1
0.4909285501705547,0.693556695130606,13,27.0554554190325,1,1,1,1,1
0.49110597284860696,0.6930415970330349,16,33.71894576410645,1,1,1,1,1
0.4909056569217738,0.6937226711842678,18,38.01301394944739,1,1,1,1,1
0.4904363453217646,0.6940488999793961,16,33.61843278803042,1,1,1,1,1
0.48935463931686546,0.6931961264623062,16,33.60672852609398,1,1,1,1,1
0.4883325923646022,0.691848204005791,15,31.295054629640525,1,1,1,1,1
0.4900242668437078,0.6956800439550377,14,29.384651500544607,1,1,1,1,1
0.4891543233900323,0.695027586364781,14,28.60406572746415,1,1,1,1,1
0.4868107565860721,0.6942478027427242,16,33.68082255560883,1,1,1,1,1
0.4862578799174675,0.6926404705721418,17,36.367938244698465,1,1,1,1,1
0.48588169579243756,0.6923326835607537,16,33.67253862745099,1,1,1,1,1
0.48563090637575096,0.6921844898145298,14,28.474758615898256,1,1,1,1,1
0.48563090637575096,0.6921844898145298,14,28.474758615898256,1,1,1,1,1
0.4856879039704525,0.6929368580645897,13,25.674563889646322,1,1,1,1,1
0.48515482695810563,0.6922188069216758,15,31.70521954920579,1,1,1,1,1
0.48541097449908926,0.6925034153005465,15,31.504139399851148,1,1,1,1,1
0.4848383361336906,0.6910278824758186,15,31.249989146809,1,1,1,1,1
0.4837995549702557,0.6909257072794152,14,29.33610701019746,1,1,1,1,1
0.4843274601516734,0.6913287316652287,15,31.360028056551183,1,1,1,1,1
0.48630917775269883,0.6934954344926644,15,31.167652393881454,1,1,1,1,1
0.48630917775269883,0.6934954344926644,15,31.167652393881454,1,1,1,1,1
0.48609258689283313,0.6939001174150451,14,29.403423222372115,1,1,1,1,1
0.4861780832848854,0.6934099381006121,16,33.921743325501566,1,1,1,1,1
0.48610398641177344,0.6933301414680301,15,30.904956458092563,1,1,1,1,1
0.48466452947729805,0.6922560989473205,14,28.56143491257881,1,1,1,1,1
0.4828594041494714,0.6900220476002035,16,34.21687120789629,1,1,1,1,1
0.4838612897382483,0.6907096277511096,16,33.50202406558054,1,1,1,1,1
0.4895124425749233,0.6959121325080082,14,28.659405521737042,1,1,1,1,1
0.4872905440738467,0.6916194893481572,14,28.87586927547537,1,1,1,1,1
0.48708591955982994,0.6915910692767661,16,33.32316986835084,1,1,1,1,1
0.48708591955982994,0.6915910692767661,16,33.32316986835084,1,1,1,1,1
0.4862161488995562,0.6915304320260846,13,26.875081538909072,1,1,1,1,1
0.4865388098904085,0.6897020197445883,15,31.634746683531077,1,1,1,1,1
0.4832844740105987,0.6883019506145,15,31.335358260158632,1,1,1,1,1
0.4846707725749479,0.6902228059052622,16,34.071738659613054,1,1,1,1,1
0.4865118341177273,0.6920457904190256,15,31.015167924602355,1,1,1,1,1
0.486784666803083,0.6918695859764,14,28.739684793363892,1,1,1,1,1
0.486784666803083,0.6918695859764,14,28.739684793363892,1,1,1,1,1
0.489045062298371,0.6931192503676344,15,31.389619245856586,1,1,1,1,1
0.4867448787031353,0.6900734374644749,14,29.01170942260518,1,1,1,1,1
0.48859343879489936,0.6944609784574529,18,38.45984775081714,1,1,1,1,1
0.4879612577586795,0.6895277720937635,18,38.86169415688231,1,1,1,1,1
0.4883250346724871,0.6907725712206989,19,40.52533920394155,1,1,1,1,1
0.48758042880203717,0.6911647682058978,16,34.065194309766184,1,1,1,1,1
0.48758042880203717,0.6911647682058978,16,34.065194309766184,1,1,1,1,1
0.48809767410135735,0.6906986790350818,18,38.92011460998663,1,1,1,1,1
0.4877111611304368,0.690005229293136,15,31.219618724980975,1,1,1,1,1
0.4877111611304368,0.690005229293136,15,31.219618724980975,1,1,1,1,1
0.4877111611304368,0.6904542664211173,14,29.218710455271896,1,1,1,1,1
0.48880758869458013,0.6917206976850372,14,28.74090982673918,1,1,1,1,1
0.4893374693802798,0.6924635425013164,16,33.53481996322908,1,1,1,1,1
0.487763921047202,0.6922468535796978,17,35.70458275170073,1,1,1,1,1
0.48830265239219645,0.6915533802526306,15,31.62708998894935,1,1,1,1,1
0.4873971252378442,0.6893640677655258,17,35.68818311948498,1,1,1,1,1
0.48590701726232777,0.6899085302950414,16,33.57797429541402,1,1,1,1,1
0.48590701726232777,0.6899085302950414,16,33.57797429541402,1,1,1,1,1
0.48518407834392707,0.6914403282720888,13,26.429312147897498,1,1,1,1,1
0.48683241252302023,0.6904408379373849,16,33.62422037373774,1,1,1,1,1
0.4878058633425669,0.6928150969529085,14,28.35074114182028,1,1,1,1,1
0.4889544385076322,0.6933378921869748,13,26.25749088907807,1,1,1,1,1
0.4875928210619428,0.6941444167694779,13,26.90064964817486,1,1,1,1,1
0.486140289449113,0.6934290382819794,15,30.796844603269463,1,1,1,1,1
0.48870645009416197,0.6961158192090395,13,26.208413552343597,1,1,1,1,1
0.48584739803094235,0.6903832630098453,16,33.30259694760543,1,1,1,1,1
0.48584739803094235,0.6903832630098453,16,33.30259694760543,1,1,1,1,1
0.48583451035781544,0.6917078625235404,14,28.708020049175428,1,1,1,1,1
0.4831154044790835,0.6882834874876754,17,36.409716161555686,1,1,1,1,1
0.48252955082742316,0.69,13,26.507660492436532,1,1,1,1,1
0.48249408983451536,0.6887647754137116,19,40.08090656012569,1,1,1,1,1
0.48047386102434136,0.6878764660812164,14,28.95280908572431,1,1,1,1,1
0.49749572133293063,0.7197158461693346,20.0,43.87713637209306,1,1,1,1,1
0.5022297469971888,0.7280475338614874,18.0,39.09049984540757,1,1,1,1,1
0.49940173877623756,0.7232405391988391,18.0,39.061484814899316,1,1,1,1,1
0.5043781709546988,0.7283666846944294,17.0,36.773736789204705,1,1,1,1,1
0.49481526225712275,0.7197535991140642,15.0,31.52718293503829,1,1,1,1,1
0.49376630543849087,0.7185430463576159,17.0,36.16592580193489,1,1,1,1,1
0.49376630543849087,0.7185430463576159,17.0,36.16592580193489,1,1,1,1,1
0.49189745133453744,0.7161599438089504,22.0,48.74467937641824,1,1,1,1,1
0.48363450601935054,0.7068059282601739,18.0,39.429441471023715,1,1,1,1,1
0.48656345754670355,0.7094803301373925,17.0,36.18222021528534,1,1,1,1,1
0.4848847338265425,0.7060743249046094,17.0,37.33310364329496,1,1,1,1,1
0.4863876722244715,0.7053504606966273,19.0,41.46280421920808,1,1,1,1,1
0.48835032757007046,0.7089490665484459,18.0,38.63014388119751,1,1,1,1,1
0.48654007191763954,0.7089367518841436,20.0,43.619497541851686,1,1,1,1,1
0.48654007191763954,0.7089367518841436,20.0,43.619497541851686,1,1,1,1,1
0.4819555026415656,0.7080449934270903,21.0,46.11816401256442,1,1,1,1,1
0.4819555026415656,0.7080449934270903,21.0,46.11816401256442,1,1,1,1,1
0.47251893571567294,0.6960453486113809,19.0,40.96020413595288,1,1,1,1,1
0.4729932987673645,0.7001076110350225,17.0,36.1905167019125,1,1,1,1,1
0.4760477582846004,0.6984892787524366,15.0,31.4484451135383,1,1,1,1,1
0.47810617492976065,0.698369465199308,18.0,39.36622356018384,1,1,1,1,1
0.4803957923882276,0.7043670659200751,18.0,38.131581499156916,1,1,1,1,1
0.4825960124102298,0.7036439599016081,17.0,36.66995150306847,1,1,1,1,1
0.48013644648046894,0.6987155805132752,17.0,36.55816141044424,1,1,1,1,1
0.48033348110930496,0.6985062312201369,20.0,43.93371820524812,1,1,1,1,1
0.4789017839542677,0.6983232308298837,17.0,36.33159173062928,1,1,1,1,1
0.48074544914918876,0.7015915611396913,17.0,36.38469950278701,1,1,1,1,1
0.48175547891867837,0.7015179045994487,16.0,34.15083284533523,1,1,1,1,1
0.4835959141274238,0.7013627819548872,16.0,34.18975230205733,1,1,1,1,1
0.4786552435192459,0.6971965828750982,19.0,41.14109704751253,1,1,1,1,1
0.478673861620343,0.6982924305144884,18.0,38.4378930760593,1,1,1,1,1
0.47950581575011436,0.6984029863660524,17.0,35.92156333811831,1,1,1,1,1
0.48118688273321714,0.6992187982843228,16.0,33.89362076411334,1,1,1,1,1
0.4793667799615782,0.6969422688537511,18.0,38.762051192206314,1,1,1,1,1
0.4776919856164721,0.6985370178808926,15.0,31.759261087686316,1,1,1,1,1
0.48028454530846343,0.7001396768890372,17.0,36.00243428678548,1,1,1,1,1
0.4798828197426484,0.6989345001915922,15.0,31.36806628889476,1,1,1,1,1
0.4798828197426484,0.6989345001915922,15.0,31.36806628889476,1,1,1,1,1
0.4807604355941212,0.6995649003102558,16.0,33.943391817337044,1,1,1,1,1
0.47921594717129906,0.6980337078651685,16.0,33.81531637008702,1,1,1,1,1
0.47921594717129906,0.6980337078651685,16.0,33.81531637008702,1,1,1,1,1
0.4778758346425766,0.6962882953652789,16.0,33.91664735872382,1,1,1,1,1
0.4783631348209448,0.6990727057780405,16.0,33.45207486184812,1,1,1,1,1
0.47798138022757497,0.6978966553371755,15.0,31.379871382990444,1,1,1,1,1
0.4793298359686715,0.6981860499482784,13.0,26.931525834883832,1,1,1,1,1
0.4800744119355756,0.6984895118725356,17.0,36.65245019694499,1,1,1,1,1
0.4798580981693675,0.6984956922658558,15.0,31.922326755787715,1,1,1,1,1
0.4798580981693675,0.6984956922658558,15.0,31.922326755787715,1,1,1,1,1
0.4796417844031594,0.6976613391676246,20.0,43.61836210614864,1,1,1,1,1
0.48055030222123335,0.6974141234348153,18.0,38.90642556039601,1,1,1,1,1
0.48267326732673266,0.7004888458770689,16.0,34.141226535605995,1,1,1,1,1
0.479604702043238,0.6978652921471923,14.0,30.11235511227647,1,1,1,1,1
0.48037792501054616,0.6988200699769225,14.0,29.246980238170813,1,1,1,1,1
0.4827706057596822,0.6994910625620655,14.0,29.89888820226858,1,1,1,1,1
0.48126504379761287,0.6987270155586988,15.0,31.474785912290173,1,1,1,1,1
0.4786652822585629,0.6971298253420848,19.0,41.38381902525614,1,1,1,1,1
0.4817737412839028,0.7008424526663193,20.0,42.70568144554751,1,1,1,1,1
0.4817737412839028,0.7008424526663193,20.0,42.70568144554751,1,1,1,1,1
0.4801085773644638,0.6965955184012663,18.0,38.77682627061893,1,1,1,1,1
0.4817427231444949,0.6982369289560535,20.0,44.2008923981779,1,1,1,1,1
0.48610387354524925,0.7024553959155314,17.0,36.94807389102906,1,1,1,1,1
0.4836906622993126,0.6999987592744237,18.0,38.807787314128014,1,1,1,1,1
0.4852606015318513,0.7016377109409054,17.0,37.05501106541078,1,1,1,1,1
0.4841770969549785,0.7010897316146709,20.0,43.38650756291379,1,1,1,1,1
0.4859110911091109,0.7039266426642664,15.0,31.464631600081823,1,1,1,1,1
0.48296282458434525,0.7018930194906283,16.0,33.62159894534837,1,1,1,1,1
0.4858769817379089,0.7052415713425647,18.0,38.64488010549191,1,1,1,1,1
0.4845932775209297,0.7023241284518306,16.0,34.097524879203725,1,1,1,1,1
0.4833752427426181,0.7007481451974307,17.0,36.74980058467954,1,1,1,1,1
0.4823338937667352,0.7005355252506382,16.0,34.72910811415825,1,1,1,1,1
0.48132749091271226,0.7008103868943882,14.0,29.248291900966706,1,1,1,1,1
0.482688834921228,0.7013076779376051,18.0,38.42891945017438,1,1,1,1,1
0.482688834921228,0.7013076779376051,18.0,38.42891945017438,1,1,1,1,1
0.48438710483568664,0.7004248406847432,15.0,31.526813769419945,1,1,1,1,1
0.4825377983256279,0.6992127952017994,18.0,38.93275959815859,1,1,1,1,1
0.48182318231823185,0.6975197519751976,20.0,43.87948054204749,1,1,1,1,1
0.4828165763596227,0.7012780955247843,19.0,41.422266982935476,1,1,1,1,1
0.4849734343917609,0.7029562108125803,16.0,34.183796767848115,1,1,1,1,1
0.48414461217984917,0.7003852476502404,21.0,46.15772700787621,1,1,1,1,1
0.4855085236572407,0.7021630196661043,15.0,31.670238076877236,1,1,1,1,1
0.4855085236572407,0.7021630196661043,15.0,31.670238076877236,1,1,1,1,1
0.48326811157936983,0.6998043347381095,13.0,26.72716652088592,1,1,1,1,1
0.484652380832473,0.7013446478483116,17.0,36.26501084621003,1,1,1,1,1
0.48439427895147685,0.7020497066451792,14.0,29.70364363951239,1,1,1,1,1
0.4866980941307315,0.7032821899802841,14.0,29.060120222161192,1,1,1,1,1
0.48679920125372833,0.7023848642636874,16.0,34.24915059079301,1,1,1,1,1
0.4849923198952484,0.7011935638204114,20.0,44.06629459991703,1,1,1,1,1
0.4849923198952484,0.7011935638204114,20.0,44.06629459991703,1,1,1,1,1
0.48465867600030216,0.7015209125475285,18.0,38.43246173397332,1,1,1,1,1
0.48836004246499165,0.7028461655123603,16.0,34.25844751815046,1,1,1,1,1
0.48836004246499165,0.7028461655123603,16.0,34.25844751815046,1,1,1,1,1
0.4840708408589203,0.6986190547862733,17.0,36.46045045378569,1,1,1,1,1
0.48342489464178207,0.7005129941802127,15.0,31.647339397614793,1,1,1,1,1
0.4832116696769015,0.6997228075456552,16.0,34.02059846110433,1,1,1,1,1
0.4854770478180948,0.7018230806033289,19.0,41.3314078479217,1,1,1,1,1
0.4850732221511124,0.7002346622494949,18.0,39.20074103302647,1,1,1,1,1
0.4842889231888968,0.6987664545922273,18.0,38.94519908358817,1,1,1,1,1
0.4842889231888968,0.6987664545922273,18.0,38.94519908358817,1,1,1,1,1
0.4865656412969541,0.7014586954878694,19.0,41.50173426389284,1,1,1,1,1
0.4864396745018013,0.7005328395434963,19.0,41.38219974820841,1,1,1,1,1
0.4876586117992013,0.7024543754107477,17.0,36.81414386059657,1,1,1,1,1
0.4884232344168647,0.7027261008038016,16.0,33.740017259659396,1,1,1,1,1
0.48968562076577604,0.7033315571794677,18.0,38.4643165365068,1,1,1,1,1
0.4891337443860851,0.7028240846464185,19.0,40.64044324847108,1,1,1,1,1
0.4896221866991449,0.702240491233412,17.0,36.063776422895515,1,1,1,1,1
0.4905940594059406,0.702976643818228,15.0,31.608135586142176,1,1,1,1,1
0.48879120042627694,0.7028875187130497,15.0,31.54726259783259,1,1,1,1,1
0.48879120042627694,0.7028875187130497,15.0,31.54726259783259,1,1,1,1,1
0.49214212939378504,0.7053234844625573,17.0,36.14704022724508,1,1,1,1,1
0.4887586459795405,0.7004349860273383,20.0,43.67580686541864,1,1,1,1,1
0.49370860927152316,0.7059666327050433,17.0,36.37688357649265,1,1,1,1,1
0.4895868897234551,0.701775349948788,21.0,45.68223360547184,1,1,1,1,1
0.4892454762717651,0.7014655488537359,16.0,34.273714587436174,1,1,1,1,1
0.49230132450331127,0.7055081507896077,16.0,34.05752007194043,1,1,1,1,1
0.4917982679572084,0.7061130922058074,14.0,29.355625176737604,1,1,1,1,1
0.49038973890538173,0.7014285351805334,17.0,36.58202933895151,1,1,1,1,1
0.49171551089797266,0.7033252137728045,16.0,34.28760023461594,1,1,1,1,1
0.49171551089797266,0.7033252137728045,16.0,34.28760023461594,1,1,1,1,1
0.49087183781177846,0.7030778209129431,16.0,33.70634547897268,1,1,1,1,1
0.49303362200713197,0.7045593479368314,18.0,39.08086188435783,1,1,1,1,1
0.48949531856588263,0.70268452969983,17.0,36.389963321545814,1,1,1,1,1
0.49024498603706523,0.7030972328002031,14.0,29.423500093879078,1,1,1,1,1
0.49024498603706523,0.7030972328002031,14.0,29.423500093879078,1,1,1,1,1
0.4896627593793862,0.7019397342033054,18.0,38.80408312461413,1,1,1,1,1
0.4917237877633917,0.7017961411525768,17.0,36.35866147793515,1,1,1,1,1
0.4917237877633917,0.7017961411525768,17.0,36.35866147793515,1,1,1,1,1
0.4941830090344942,0.7027791582247028,19.0,41.41519369014721,1,1,1,1,1
0.4941830090344942,0.7027791582247028,19.0,41.41519369014721,1,1,1,1,1
0.49652697827922326,0.7048059457108502,20.0,43.860041858912275,1,1,1,1,1
0.49652697827922326,0.7048059457108502,20.0,43.860041858912275,1,1,1,1,1
0.4985809865033196,0.7056092768809955,16.0,34.09041603499114,1,1,1,1,1
0.4985809865033196,0.7056092768809955,16.0,34.09041603499114,1,1,1,1,1
0.4968339857241538,0.7039808632025993,19.0,41.22359530284637,1,1,1,1,1
0.4978317599201781,0.7048315296645944,21.0,46.55407276281992,1,1,1,1,1
0.49632165442676457,0.7041832415340677,19.0,41.336418884301565,1,1,1,1,1
0.49590090779273766,0.7043681150550796,20.0,43.57058861128777,1,1,1,1,1
0.4980428275385678,0.7057461560109499,19.0,41.35677664632309,1,1,1,1,1
0.4964957885749965,0.704015189163704,17.0,36.462833065346196,1,1,1,1,1
0.4987783662087139,0.7064561107273518,19.0,41.0227040721063,1,1,1,1,1
0.4972603437949973,0.7046523185137047,16.0,34.304062411107,1,1,1,1,1
0.49665507091249667,0.7029384405622029,20.0,43.53130117718596,1,1,1,1,1
0.4972794576754973,0.7027536730507028,17.0,36.40687699490049,1,1,1,1,1
0.4960840314800711,0.7004950495049505,16.0,35.04491335941468,1,1,1,1,1
0.4988487220815105,0.7060595594443165,18.0,38.55371718907087,1,1,1,1,1
0.5001726916877735,0.7053176247857343,14.0,29.418763721048904,1,1,1,1,1
0.4986811422454987,0.7036838819017037,15.0,31.89981589564448,1,1,1,1,1
0.4974818951448388,0.7031504997960016,20.0,43.93692689373722,1,1,1,1,1
0.4974818951448388,0.7031504997960016,20.0,43.93692689373722,1,1,1,1,1
0.5005116790748843,0.7045884821040244,17.0,36.46284718781861,1,1,1,1,1
0.5005116790748843,0.7045884821040244,17.0,36.46284718781861,1,1,1,1,1
0.5007099547164019,0.7041407629135007,19.0,41.141655096384184,1,1,1,1,1
0.5025041414647301,0.7070603947554288,17.0,36.37238490246833,1,1,1,1,1
0.498406262749898,0.7035266217870257,18.0,39.32459309981904,1,1,1,1,1
0.4988525091799266,0.7026851285189718,21.0,46.61458536120525,1,1,1,1,1
0.49871226030191756,0.7032078743370053,23.0,51.36787326728419,1,1,1,1,1
0.4996034487169647,0.7054839204850718,17.0,36.10465421306991,1,1,1,1,1
0.49929644127203415,0.7056502161844092,18.0,38.826603672702376,1,1,1,1,1
0.49929644127203415,0.7056502161844092,18.0,38.826603672702376,1,1,1,1,1
0.5020679258896591,0.7083000489602391,15.0,32.01941069492168,1,1,1,1,1
0.5020679258896591,0.7083000489602391,15.0,32.01941069492168,1,1,1,1,1
0.5007191380616661,0.7057441152675579,15.0,31.843986442110463,1,1,1,1,1
0.5008959880363036,0.7070828176567657,16.0,34.0696309257835,1,1,1,1,1
0.4998266363601341,0.7058404284008167,16.0,34.627301118157405,1,1,1,1,1
0.5008315284653465,0.707340655940594,21.0,46.53992505011793,1,1,1,1,1
0.5027421357615894,0.7083441121688742,14.0,29.8575892575138,1,1,1,1,1
0.5033779848573092,0.7082378826117905,17.0,36.7971720588138,1,1,1,1,1
0.5009668935643564,0.7056131394389439,16.0,34.70715697828689,1,1,1,1,1
0.5009668935643564,0.7056131394389439,16.0,34.70715697828689,1,1,1,1,1
0.5005672442244224,0.7069796823432343,16.0,34.01135932869349,1,1,1,1,1
0.4991139191740186,0.7048516135660259,15.0,31.702817883958133,1,1,1,1,1
0.4982984679790936,0.7044149940285858,16.0,34.316674898002404,1,1,1,1,1
0.4975022794108205,0.7046589872995082,14.0,29.817266047603677,1,1,1,1,1
0.4985681447522184,0.7041902633843151,17.0,36.83660495819287,1,1,1,1,1
0.5007021929033422,0.7065799984538872,15.0,31.767616752859624,1,1,1,1,1
0.500637771536063,0.7054075295694076,16.0,34.76108421487827,1,1,1,1,1
0.5029943605132451,0.7086804118377483,16.0,34.03138814926956,1,1,1,1,1
0.5025804532284768,0.7075615687086093,20.0,44.3247180268722,1,1,1,1,1
0.501578323498338,0.7046151467518746,17.0,36.18049919292452,1,1,1,1,1
0.49904971041851265,0.7027455663854323,18.0,38.99390035570456,1,1,1,1,1
0.49823366782715545,0.7016498566455048,16.0,34.359811007748235,1,1,1,1,1
0.49815047102191273,0.702897808724145,23.0,50.55654329317456,1,1,1,1,1
0.5010764748349835,0.7051490305280528,17.0,36.83554824609981,1,1,1,1,1
0.500599474009901,0.7051425845709571,15.0,32.05816174613577,1,1,1,1,1
0.500599474009901,0.7051425845709571,15.0,32.05816174613577,1,1,1,1,1
0.49833699323239716,0.7043122600197763,15.0,31.711744638580704,1,1,1,1,1
0.49930654544053626,0.7041902633843151,21.0,46.701196098545196,1,1,1,1,1
0.5020111386138614,0.7070957095709571,18.0,39.069740870054176,1,1,1,1,1
0.5027421357615894,0.7084023178807947,18.0,39.06392465854049,1,1,1,1,1
0.49925517843613154,0.7047103543039129,18.0,38.80719545209253,1,1,1,1,1
0.49693364953080377,0.7009447674418605,17.0,36.82563977349352,1,1,1,1,1
0.49778059201268965,0.7022475503364289,19.0,41.83598975068362,1,1,1,1,1
0.49778059201268965,0.7022475503364289,19.0,41.83598975068362,1,1,1,1,1
0.500856804184812,0.7063223129847708,17.0,36.41787694825416,1,1,1,1,1
0.500856804184812,0.7063223129847708,17.0,36.41787694825416,1,1,1,1,1
0.4971985570650088,0.7013776959091258,20.0,43.10153294958465,1,1,1,1,1
0.49769608847020275,0.7027570141306574,18.0,38.52807455037,1,1,1,1,1
0.49965969359581874,0.7057184317653555,16.0,33.8005605804143,1,1,1,1,1
0.5010635829207921,0.7067605198019802,13.0,27.03723051394381,1,1,1,1,1
0.5008444203795379,0.7065993708745875,15.0,31.57480596015102,1,1,1,1,1
0.4989790807874562,0.7045498324151481,18.0,39.08061254501395,1,1,1,1,1
0.4989790807874562,0.7045498324151481,18.0,39.08061254501395,1,1,1,1,1
0.5004433079769737,0.705078125,17.0,36.592093557758936,1,1,1,1,1
0.4979456788859308,0.702033841900471,22.0,48.967054002798704,1,1,1,1,1
0.4976206923017883,0.7030790288331159,16.0,34.08325818886109,1,1,1,1,1
0.49434820158504367,0.6986956411298516,18.0,38.688878084567804,1,1,1,1,1
0.4963173923569963,0.7006638887827007,13.0,26.928711362492788,1,1,1,1,1
0.49771139330885356,0.7008618931048551,19.0,41.596164028223455,1,1,1,1,1
0.4996096149907844,0.70295540651239,21.0,46.7852565050127,1,1,1,1,1
0.4996096149907844,0.70295540651239,21.0,46.7852565050127,1,1,1,1,1
0.49830426356589147,0.7008555181558548,19.0,41.77757057281919,1,1,1,1,1
0.498886442760598,0.7016178578742577,19.0,41.93365281593465,1,1,1,1,1
0.4986560516076183,0.7030706020888798,22.0,49.0521903956037,1,1,1,1,1
0.5003405119243421,0.7040180407072368,20.0,44.251272926120066,1,1,1,1,1
0.500231291118421,0.7042172080592105,18.0,39.38012468305924,1,1,1,1,1
0.5006810238486842,0.7042878803453947,16.0,34.3334168948545,1,1,1,1,1
0.49849605775138234,0.7018546487814868,18.0,39.28214018231026,1,1,1,1,1
0.49893124104034403,0.7027122158509114,18.0,38.58561356191224,1,1,1,1,1
0.499897603932009,0.7028850092156461,21.0,45.99225240206063,1,1,1,1,1
0.5001023358149769,0.7021388185330161,20.0,43.579331359549315,1,1,1,1,1
0.5006356666795084,0.7044214149041363,16.0,34.352863885420184,1,1,1,1,1
0.5012649124834663,0.7049479266992847,17.0,36.614262562217355,1,1,1,1,1
0.5014446969988827,0.7052368660990612,17.0,36.66039973657647,1,1,1,1,1
0.5012970168612192,0.7044984654107435,17.0,36.392164619702086,1,1,1,1,1
0.5009438687059368,0.7040875293755057,20.0,44.08750903347634,1,1,1,1,1
0.49974958585352697,0.7055514890010401,18.0,39.09656365651043,1,1,1,1,1
0.498681650624616,0.7022194347737047,21.0,46.200101744495804,1,1,1,1,1
0.5002696767731248,0.7048259300638235,15.0,32.14323897969882,1,1,1,1,1
0.5008732390748802,0.7057184317653555,15.0,31.80043904646021,1,1,1,1,1
0.4991680319475732,0.7038129735818145,17.0,36.329392194175554,1,1,1,1,1
0.4991680319475732,0.7038129735818145,17.0,36.329392194175554,1,1,1,1,1
0.5018631784539473,0.7066264905427632,17.0,37.08027284059372,1,1,1,1,1
0.49851525701413063,0.7039025701413065,21.0,45.85848717679,1,1,1,1,1
0.49851525701413063,0.7039025701413065,21.0,45.85848717679,1,1,1,1,1
0.49937922383780464,0.7036657792340774,20.0,44.25226824809747,1,1,1,1,1
0.49937922383780464,0.7036657792340774,20.0,44.25226824809747,1,1,1,1,1
0.5030360457920792,0.7073471018976898,14.0,29.398627177843622,1,1,1,1,1
0.5030360457920792,0.7073471018976898,14.0,29.398627177843622,1,1,1,1,1
0.5008480674342105,0.7053286903782895,17.0,36.37925872910105,1,1,1,1,1
0.5007581208881579,0.7057527240953947,17.0,36.488368885550734,1,1,1,1,1
0.5012399773848685,0.7075002569901315,19.0,41.33683707809537,1,1,1,1,1
0.5001600922131147,0.7048732069672131,19.0,41.294484338095636,1,1,1,1,1
0.5001600922131147,0.7048732069672131,19.0,41.294484338095636,1,1,1,1,1
0.5021587171052632,0.7062731291118421,16.0,34.52972589170218,1,1,1,1,1
0.5008575670694245,0.7037489760393201,22.0,47.920273022069594,1,1,1,1,1
0.4979268992791988,0.7007080436307968,19.0,41.17550361306312,1,1,1,1,1
0.5016383120888158,0.7038124486019737,22.0,49.39305505263409,1,1,1,1,1
0.5010665090460527,0.7036646792763158,22.0,48.38850236802122,1,1,1,1,1
0.5010665090460527,0.7036646792763158,22.0,48.38850236802122,1,1,1,1,1
0.5005718030427632,0.7039730674342105,17.0,36.63489941978017,1,1,1,1,1
0.5005525287828947,0.7041786595394737,17.0,36.7820139120424,1,1,1,1,1
0.49971731085526316,0.70458984375,21.0,45.87161372486569,1,1,1,1,1
0.4963344043247654,0.7003391472868217,18.0,39.506492660859934,1,1,1,1,1
0.4981440712676633,0.7018802477984846,19.0,41.43425838986504,1,1,1,1,1
0.4998780033645388,0.7034454418204467,17.0,37.24163940538438,1,1,1,1,1
0.5003212376644737,0.7040630139802632,24.0,53.62167448603758,1,1,1,1,1
0.4997751336348684,0.7046219675164473,17.0,36.51435796171604,1,1,1,1,1
0.5011731641914191,0.7048073948019802,19.0,41.07007737394505,1,1,1,1,1
0.5022316821465428,0.7062113003095976,16.0,33.80728978787527,1,1,1,1,1
0.5022316821465428,0.7062113003095976,16.0,33.80728978787527,1,1,1,1,1
0.5031061929722384,0.7060311913544296,14.0,29.29663494880469,1,1,1,1,1
0.5033003300330033,0.7078690221963373,18.0,38.665176653986684,1,1,1,1,1
0.500922342621259,0.7047213622291022,20.0,44.31988196918363,1,1,1,1,1
0.5016382868937048,0.7045923632610939,20.0,43.64758106218306,1,1,1,1,1
0.5017285861713107,0.7045794633642931,20.0,43.53888663894587,1,1,1,1,1
0.5017285861713107,0.7045794633642931,20.0,43.53888663894587,1,1,1,1,1
0.5048987251666344,0.7065359477124183,16.0,34.38017550712566,1,1,1,1,1
0.5023026315789474,0.7045214138286894,19.0,41.67260046076455,1,1,1,1,1
0.5023026315789474,0.7045214138286894,19.0,41.67260046076455,1,1,1,1,1
0.5023152938741722,0.7053950227649006,14.0,29.910925696169542,1,1,1,1,1
0.5026143790849673,0.7053128842295995,18.0,39.05825028422038,1,1,1,1,1
0.501999484004128,0.7052051083591331,20.0,43.806685969688054,1,1,1,1,1
0.5007002981085527,0.7023540296052632,17.0,36.94477331726344,1,1,1,1,1
0.5003276624177632,0.7028487356085527,20.0,43.43931797406342,1,1,1,1,1
0.5013222394220846,0.7035410216718266,19.0,41.23308035130715,1,1,1,1,1
0.5020704334365325,0.7037667698658411,18.0,38.848743970400044,1,1,1,1,1
0.5020704334365325,0.7037667698658411,18.0,38.848743970400044,1,1,1,1,1
0.5016189370485036,0.7045730134158926,21.0,45.80797013641821,1,1,1,1,1
0.5016189370485036,0.7045730134158926,21.0,45.80797013641821,1,1,1,1,1
0.5029767682650618,0.7053905390539054,21.0,45.69862097281612,1,1,1,1,1
0.5011351909184727,0.7036119711042311,21.0,46.12524029186682,1,1,1,1,1
0.4999484004127967,0.7030572755417956,20.0,43.69824216376338,1,1,1,1,1
0.5000064499484004,0.7023219814241486,19.0,41.92013283775432,1,1,1,1,1
0.5012295347181777,0.7025820229081732,19.0,42.08459613300983,1,1,1,1,1
0.5034952314129051,0.7063680777526572,19.0,41.39029985167822,1,1,1,1,1
0.5000902992776057,0.7027154282765737,21.0,45.60586559741173,1,1,1,1,1
0.501219040247678,0.7027476780185758,22.0,48.587749345404525,1,1,1,1,1
0.5024202420242024,0.7041027632174982,18.0,38.512040157028736,1,1,1,1,1
0.503231195607128,0.7075735598839619,17.0,36.198973510339876,1,1,1,1,1
0.5030045586406963,0.7054949751346871,19.0,41.080934144520455,1,1,1,1,1
0.50372332159138,0.7053848943224202,19.0,41.730921346120006,1,1,1,1,1
0.50372332159138,0.7053848943224202,19.0,41.730921346120006,1,1,1,1,1
0.5023606811145511,0.7037216202270382,19.0,41.6697193199998,1,1,1,1,1
0.5070151558778107,0.7065217391304348,17.0,36.58109333736523,1,1,1,1,1
0.5069608151291319,0.7078029231494578,15.0,31.713210863423846,1,1,1,1,1
0.5094059405940594,0.7080858085808581,20.0,44.103086032971405,1,1,1,1,1
0.5184402586600123,0.7142061767152325,15.0,32.194457784565394,1,1,1,1,1
0.5300123762376238,0.7242574257425742,16.0,33.82466610796,1,1,1,1,1
0.5424878585949853,0.7307925796250282,23.0,50.22967064275802,1,1,1,1,1
0.5589116180340501,0.7424215989880927,18.0,38.355077236732576,1,1,1,1,1
0.5589116180340501,0.7424215989880927,18.0,38.355077236732576,1,1,1,1,1
0.5607348345454014,0.7440199772189608,19.0,40.307458548181195,1,1,1,1,1
0.560639913548877,0.7437644206898566,19.0,41.0950093198621,1,1,1,1,1
0.5519443248672693,0.736353852776582,15.0,31.642168785614434,1,1,1,1,1
0.5512871853546911,0.7366132723112128,17.0,36.19025591469402,1,1,1,1,1
0.5480823944463412,0.7356464094685331,16.0,33.84767372805632,1,1,1,1,1
0.5456734514653182,0.7329990509780592,15.0,31.904125038864464,1,1,1,1,1
0.5460384528130672,0.7340843352994555,15.0,31.053820086283398,1,1,1,1,1
0.5438139967842938,0.7315943132774816,17.0,35.689799020996425,1,1,1,1,1
0.542995966263293,0.7313686496854813,15.0,31.621685582239724,1,1,1,1,1
0.542995966263293,0.7313686496854813,15.0,31.621685582239724,1,1,1,1,1
0.5437187495573592,0.7335160554682078,18.0,38.37152973572282,1,1,1,1,1
0.5414858507127308,0.7293097394845868,16.0,33.90775265984968,1,1,1,1,1
0.5414928726915245,0.731416333122674,15.0,31.061402677964804,1,1,1,1,1
0.5392497200447929,0.7273446248600224,21.0,45.41520489349991,1,1,1,1,1
0.5379199328107502,0.7289823628219485,20.0,43.12815284996875,1,1,1,1,1
0.536407225691347,0.7264509924174843,23.0,49.983794789155766,1,1,1,1,1
0.536407225691347,0.7264509924174843,23.0,49.983794789155766,1,1,1,1,1
0.5351806422836753,0.7257192239072257,20.0,43.54894751042155,1,1,1,1,1
0.538900269390504,0.729451958693456,14.0,29.079903337394754,1,1,1,1,1
0.534012047523873,0.7225530202087497,18.0,38.647816796715176,1,1,1,1,1
0.5364924204284836,0.7252894781003524,17.0,36.290403024716475,1,1,1,1,1
0.5344349353256022,0.724618086529884,20.0,42.88743093371734,1,1,1,1,1
0.5344349353256022,0.724618086529884,20.0,42.88743093371734,1,1,1,1,1
0.5383751141071554,0.7289937504388737,17.0,35.661082900421306,1,1,1,1,1
0.5383751141071554,0.7289937504388737,17.0,35.661082900421306,1,1,1,1,1
0.538831542728741,0.7290148163752546,17.0,36.295290870329644,1,1,1,1,1
0.5367301560664541,0.7279954690384293,17.0,35.79391305308683,1,1,1,1,1
0.5369608994797785,0.7289603960396039,16.0,33.107937986174505,1,1,1,1,1
0.5402148725510849,0.7315146408257847,16.0,33.249891086496,1,1,1,1,1
0.5402148725510849,0.7315146408257847,16.0,33.249891086496,1,1,1,1,1
0.538775366898392,0.7300119373639492,15.0,31.394779805055375,1,1,1,1,1
0.538775366898392,0.7300119373639492,15.0,31.394779805055375,1,1,1,1,1
0.5341034103410341,0.7245756221191739,18.0,38.46103643776446,1,1,1,1,1
0.5372025479851835,0.7284698058143451,14.0,28.74685998539925,1,1,1,1,1
0.5371916428931028,0.7278975778933826,17.0,36.45586215239344,1,1,1,1,1
0.5355238055451115,0.7256966202949409,16.0,33.42286188195661,1,1,1,1,1
0.5364294904066678,0.728058399060245,19.0,41.02705313041697,1,1,1,1,1
0.5364294904066678,0.728058399060245,19.0,41.02705313041697,1,1,1,1,1
0.5379759238521836,0.7279255319148936,19.0,40.24376938837215,1,1,1,1,1
0.5351945807314897,0.7268133920606601,17.0,35.66495296800813,1,1,1,1,1
0.5351945807314897,0.7268133920606601,17.0,35.66495296800813,1,1,1,1,1
0.5369818761537171,0.7283380880460928,17.0,36.05596845965144,1,1,1,1,1
0.5347439807271867,0.7251813788973834,18.0,38.54946366928728,1,1,1,1,1
0.5344863600284079,0.7262814889083845,16.0,33.765996493644906,1,1,1,1,1
0.5374783241035967,0.7282611735749847,17.0,36.17736326764772,1,1,1,1,1
0.537003660547126,0.7280995892363149,18.0,38.808206201582344,1,1,1,1,1
0.5392317955199776,0.731472508953023,18.0,38.02426535348725,1,1,1,1,1
0.5375813783814121,0.727936637108542,16.0,34.21921739847943,1,1,1,1,1
0.5371532897970648,0.7286847833719542,18.0,38.19637429997712,1,1,1,1,1
0.5398266873326758,0.7297026912780048,17.0,36.31914575916249,1,1,1,1,1
0.5377431360157292,0.7278983217470684,20.0,43.22427168345124,1,1,1,1,1
0.5384663998314725,0.7282915525595113,15.0,31.506730551190376,1,1,1,1,1
0.5403514710445404,0.7308679585907308,19.0,40.97700920980599,1,1,1,1,1
0.5403514710445404,0.7308679585907308,19.0,40.97700920980599,1,1,1,1,1
0.5399283518095399,0.7295210290259795,17.0,36.46530666466862,1,1,1,1,1
0.5410015848757571,0.7300546216109131,19.0,41.08183251013455,1,1,1,1,1
0.545178446665621,0.7357520710649765,14.0,29.01792781634235,1,1,1,1,1
0.5423195927737299,0.7320091825531491,16.0,33.28279151190951,1,1,1,1,1
0.5415030727210652,0.7314996585865483,19.0,41.149807240882296,1,1,1,1,1
0.5432747202557662,0.7321663050924869,16.0,33.122777725671874,1,1,1,1,1
0.5478563518430628,0.7346938775510204,18.0,38.15788413061874,1,1,1,1,1
0.5448116240195449,0.7302087351592302,21.0,45.372183207497194,1,1,1,1,1
0.5448116240195449,0.7302087351592302,21.0,45.372183207497194,1,1,1,1,1
0.5480708321336021,0.7349481716095595,17.0,35.69005971643685,1,1,1,1,1
0.5511613399294927,0.7356772911256511,18.0,38.240787864718826,1,1,1,1,1
0.5567564798688659,0.7380903595943039,16.0,33.890542742220376,1,1,1,1,1
0.5644860926954993,0.7439849232006913,14.0,29.394250908816893,1,1,1,1,1
0.5836491819131845,0.758871055792117,21.0,46.006846895837135,1,1,1,1,1
0.5927777777777777,0.7636111111111111,25.0,56.19869260845571,1,1,1,1,1
0.5927777777777777,0.7636111111111111,25.0,56.19869260845571,1,1,1,1,1
0.593422519509476,0.7632744067526677,19.0,41.13166965614626,1,1,1,1,1
0.593422519509476,0.7632744067526677,19.0,41.13166965614626,1,1,1,1,1
0.5885659553755084,0.7582002606497401,18.0,38.91622830124696,1,1,1,1,1
0.5885659553755084,0.7582002606497401,18.0,38.91622830124696,1,1,1,1,1
0.5859437561825804,0.7603906605743715,13.0,26.692180911434995,1,1,1,1,1
0.5854093082861876,0.7583924608508111,17.0,36.16478927359171,1,1,1,1,1
0.5855607476635514,0.7585202492211838,17.0,36.0628349186616,1,1,1,1,1
0.5805324074074074,0.7544058641975309,21.0,46.205212729134146,1,1,1,1,1
0.579483024691358,0.7537345679012346,18.0,38.84331038137237,1,1,1,1,1
0.579483024691358,0.7537345679012346,18.0,38.84331038137237,1,1,1,1,1
0.5798688271604938,0.7551388888888889,18.0,38.62190332074839,1,1,1,1,1
0.5807940047070482,0.7563405797101449,18.0,38.54158685012729,1,1,1,1,1
0.5778632307384061,0.7539494166422638,14.0,29.282779848790565,1,1,1,1,1
0.5781406531757163,0.7528397268930228,17.0,36.48268051244952,1,1,1,1,1
0.5792224080267558,0.7562709030100334,16.0,34.27277172177073,1,1,1,1,1
0.5763451135120139,0.7524081808794292,18.0,38.40495053218809,1,1,1,1,1
0.5774856279765116,0.7519303977929503,17.0,36.653293533707654,1,1,1,1,1
0.5755453149001536,0.7516820276497695,19.0,41.12933014044093,1,1,1,1,1
0.5763682320484564,0.7525006550251992,17.0,36.4887887296187,1,1,1,1,1
0.573594470046083,0.7519738863287251,17.0,36.078758613220046,1,1,1,1,1
0.5744914240127642,0.7498159000951183,18.0,38.72398811203398,1,1,1,1,1
0.577816993665521,0.7536719942049536,14.0,28.780006736709264,1,1,1,1,1
0.5741769200085913,0.7520020864655886,15.0,31.17814711866453,1,1,1,1,1
0.5746601822589058,0.7523089196403915,16.0,34.44332228849137,1,1,1,1,1
0.5746601822589058,0.7523089196403915,16.0,34.44332228849137,1,1,1,1,1
0.5726376146788991,0.7503593272171254,19.0,41.42555926892966,1,1,1,1,1
0.5726376146788991,0.7503593272171254,19.0,41.42555926892966,1,1,1,1,1
0.5742766407904023,0.7516645699733056,16.0,34.00197350797545,1,1,1,1,1
0.5697869101978691,0.7480517503805175,17.0,36.68137541214982,1,1,1,1,1
0.5745834739652051,0.7534978981927526,14.0,28.65474914964528,1,1,1,1,1
0.5720208915563293,0.7507750339793222,17.0,36.79275505127879,1,1,1,1,1
0.5712709284627093,0.748310502283105,14.0,28.659239825783605,1,1,1,1,1
0.5736085626911315,0.7520412844036697,17.0,36.580663319601385,1,1,1,1,1
0.5735244648318043,0.7518807339449541,19.0,40.82682566630768,1,1,1,1,1
0.5735244648318043,0.7518807339449541,19.0,40.82682566630768,1,1,1,1,1
0.5725152905198777,0.7500993883792049,19.0,40.75488485038771,1,1,1,1,1
0.5714971501722088,0.7471349324880369,20.0,43.32083010805699,1,1,1,1,1
0.5730504587155963,0.7485321100917431,16.0,33.894750768676566,1,1,1,1,1
0.5720153006796915,0.7482855314090646,17.0,35.61908293250568,1,1,1,1,1
0.5723854432996004,0.7489321309919317,18.0,38.58367806421694,1,1,1,1,1
0.5735095578533951,0.750107391611181,17.0,35.834518215362195,1,1,1,1,1
0.5684324701527632,0.7452176155584884,18.0,38.63743712404042,1,1,1,1,1
0.5704033485540335,0.7467960426179604,21.0,45.39949104732188,1,1,1,1,1
0.5704033485540335,0.7467960426179604,21.0,45.39949104732188,1,1,1,1,1
0.5708295281582952,0.7470852359208524,19.0,41.10902610317723,1,1,1,1,1
0.5718425076452599,0.7513608562691132,19.0,40.901642744089884,1,1,1,1,1
0.5739391242981191,0.751718265778896,17.0,36.59335831318288,1,1,1,1,1
0.5724126292534749,0.7503835414685036,15.0,31.394753237568484,1,1,1,1,1
0.5721825043723727,0.7485885673959068,16.0,33.867828652718,1,1,1,1,1
0.5714384339234758,0.7481053051455924,14.0,29.463596308695625,1,1,1,1,1
0.5738637239338502,0.7504893423547,15.0,32.12949758726057,1,1,1,1,1
0.5743492131991431,0.7519535163293929,15.0,31.368510825507695,1,1,1,1,1
0.5754357844119415,0.7515065579581709,16.0,33.38892271809231,1,1,1,1,1
0.574079496940647,0.7518610421836228,16.0,33.57203851905615,1,1,1,1,1
0.5745264553118691,0.7508592389377803,18.0,38.625437943812976,1,1,1,1,1
0.5746189294576391,0.7521076399056764,18.0,38.70308929934243,1,1,1,1,1
0.5745958109211966,0.7508823574742228,15.0,31.32828695642763,1,1,1,1,1
0.5745958109211966,0.7508823574742228,15.0,31.32828695642763,1,1,1,1,1
0.5741103216559037,0.7507821771496386,15.0,31.38250129382408,1,1,1,1,1
0.5736556571058675,0.7505895226792842,17.0,35.9390308939271,1,1,1,1,1
0.5736556571058675,0.7505895226792842,17.0,35.9390308939271,1,1,1,1,1
0.5704412261053665,0.7471617931330735,18.0,38.1325026495267,1,1,1,1,1
0.5732098765432099,0.7517978395061728,19.0,41.25401693775795,1,1,1,1,1
0.5753282546760807,0.7525935216152607,15.0,31.601264347832537,1,1,1,1,1
0.5741103216559037,0.7491561734198481,16.0,33.98567216957205,1,1,1,1,1
0.5761411495107147,0.7521754614145918,16.0,34.00092235113945,1,1,1,1,1
0.5732780543439729,0.7493257093537599,15.0,31.53132167127097,1,1,1,1,1
0.5718433179723502,0.747357910906298,16.0,33.62531404075398,1,1,1,1,1
0.5727463280057951,0.7487708644791393,17.0,36.447866221990374,1,1,1,1,1
0.5753747058094885,0.7524773937817416,16.0,34.81279306436191,1,1,1,1,1
0.5719680039455636,0.7480310713129787,18.0,38.20460513728383,1,1,1,1,1
0.5719680039455636,0.7480310713129787,18.0,38.20460513728383,1,1,1,1,1
0.574623745819398,0.7496438746438746,18.0,38.11549650907577,1,1,1,1,1
0.5761452905032278,0.7541106012289025,14.0,28.743171818386955,1,1,1,1,1
0.574231935910399,0.7510072334137046,18.0,38.77462723784173,1,1,1,1,1
0.5748753894080997,0.7510046728971963,18.0,38.738355632995564,1,1,1,1,1
0.5748753894080997,0.7510046728971963,18.0,38.738355632995564,1,1,1,1,1
0.5737552676759794,0.7495785859216482,19.0,41.312480481383595,1,1,1,1,1
0.5769695164021827,0.7534733111710469,17.0,36.38963289270445,1,1,1,1,1
0.575097549555174,0.7511315748400187,19.0,40.85455294055761,1,1,1,1,1
0.5739737786795692,0.7506243171531137,17.0,37.05662180309579,1,1,1,1,1
0.5739737786795692,0.7506243171531137,17.0,37.05662180309579,1,1,1,1,1
0.5739458631575657,0.751289344544119,17.0,36.02186552991218,1,1,1,1,1
0.5749382677460695,0.7514300003125683,19.0,40.88730358951173,1,1,1,1,1
0.5742859372561261,0.7498751365693772,17.0,36.55652708385496,1,1,1,1,1
0.5742859372561261,0.7498751365693772,17.0,36.55652708385496,1,1,1,1,1
0.5752117650736098,0.7512737161254024,18.0,38.34327572379765,1,1,1,1,1
0.574797507788162,0.7497429906542056,20.0,43.06343712377716,1,1,1,1,1
0.5739519327992533,0.7502138912654585,16.0,33.565421029931045,1,1,1,1,1
0.5776908361036192,0.7542965564824688,20.0,43.23601466764043,1,1,1,1,1
0.5776908361036192,0.7542965564824688,20.0,43.23601466764043,1,1,1,1,1
0.5760478854749477,0.7507814209358297,18.0,38.751492158772685,1,1,1,1,1
0.5790192660982618,0.7530343712217564,21.0,45.66926764348919,1,1,1,1,1
0.5790192660982618,0.7530343712217564,21.0,45.66926764348919,1,1,1,1,1
0.5834297579609757,0.7574220545578468,24.0,52.97017755999953,1,1,1,1,1
0.5811667823562819,0.7558686186659935,19.0,40.50198317206359,1,1,1,1,1
0.5811667823562819,0.7558686186659935,19.0,40.50198317206359,1,1,1,1,1
0.5809853600050483,0.755876506594308,20.0,43.159399050533615,1,1,1,1,1
0.5809380324351612,0.7564602132895816,20.0,42.690998357094195,1,1,1,1,1
0.5782969836858386,0.7531756873459262,17.0,35.65470226562993,1,1,1,1,1
0.5791213277434956,0.753167836450139,16.0,33.934588961927275,1,1,1,1,1
0.5813010051359612,0.7537180577874405,19.0,41.01050367941518,1,1,1,1,1
0.5804187541355516,0.7549311529130037,19.0,40.99725256150506,1,1,1,1,1
0.5804187541355516,0.7549311529130037,19.0,40.99725256150506,1,1,1,1,1
0.5794419762422409,0.7543246053502222,19.0,40.98999787680514,1,1,1,1,1
0.5798043293316949,0.7538913570910925,16.0,33.86150931919289,1,1,1,1,1
0.5832594656198556,0.7567668101810814,15.0,31.541155980236987,1,1,1,1,1
0.5837264150943396,0.7565056350512853,19.0,41.443146013420005,1,1,1,1,1
0.585578421705525,0.7589379433188078,20.0,42.71072926806244,1,1,1,1,1
0.5883748801534037,0.7596676254394376,21.0,46.61378103768013,1,1,1,1,1
0.5908689509007418,0.7626842426383225,16.0,34.927954584859705,1,1,1,1,1
0.5897596153846154,0.7604326923076923,19.0,41.13271366080393,1,1,1,1,1
0.5897596153846154,0.7604326923076923,19.0,41.13271366080393,1,1,1,1,1
0.5975816339700568,0.7627452245740837,19.0,41.791615634287126,1,1,1,1,1
0.5967728968356059,0.7611027141754566,20.0,44.810701035565536,1,1,1,1,1
0.5935160686628808,0.7634631517811048,17.0,36.60025299999907,1,1,1,1,1
0.5935160686628808,0.7634631517811048,17.0,36.60025299999907,1,1,1,1,1
0.5972150758940057,0.7597520581425263,20.0,45.08422061818516,1,1,1,1,1
0.5967166195009005,0.7601058013892462,18.0,39.49995641562634,1,1,1,1,1
0.5922707100591716,0.7618102006688964,17.0,36.3674500710861,1,1,1,1,1
0.5856665074056379,0.7560280299410734,23.0,51.17732936907955,1,1,1,1,1
0.588364724520331,0.7581091677201517,21.0,46.604968553644426,1,1,1,1,1
0.588364724520331,0.7581091677201517,21.0,46.604968553644426,1,1,1,1,1
0.5860646599777034,0.7564978499761108,22.0,49.11613601054401,1,1,1,1,1
0.5833968253968254,0.7544285714285714,21.0,45.224492740601164,1,1,1,1,1
0.5834306177825456,0.7555215498201552,17.0,35.93088799041023,1,1,1,1,1
0.583359626427715,0.7552927998990345,19.0,40.74998572916634,1,1,1,1,1
0.5874558163863748,0.7598709759229025,17.0,35.611511546789544,1,1,1,1,1
0.5874558163863748,0.7598709759229025,17.0,35.611511546789544,1,1,1,1,1
0.5863700486614148,0.7579213492050912,17.0,36.210698301181644,1,1,1,1,1
0.5858707540141704,0.7568355814801312,16.0,34.098635538129386,1,1,1,1,1
0.5814779874213837,0.7512893081761006,20.0,43.76878335969284,1,1,1,1,1
0.5862142857142857,0.7574047619047619,19.0,40.468684477153246,1,1,1,1,1
0.5812106918238994,0.7521933962264151,21.0,45.61442160550434,1,1,1,1,1
0.5874263417741679,0.7580665711100494,21.0,46.103788497986066,1,1,1,1,1
0.5817504890515555,0.7532261626806336,22.0,48.05193320106648,1,1,1,1,1
0.5877209746774964,0.759356585443542,19.0,41.55460701286259,1,1,1,1,1
0.5877209746774964,0.759356585443542,19.0,41.55460701286259,1,1,1,1,1
0.5868131868131868,0.7580665711100494,17.0,36.01614584118783,1,1,1,1,1
0.5840162310386914,0.7556943365721441,19.0,40.41822981059815,1,1,1,1,1
0.5876877596676254,0.7597235538510706,18.0,37.88032609546518,1,1,1,1,1
0.5836278907575013,0.754553091664157,20.0,43.16029475768163,1,1,1,1,1
0.5844362725673256,0.7546640460302113,20.0,44.22055962882237,1,1,1,1,1
0.5845208180921785,0.756647794141035,19.0,41.06563964654094,1,1,1,1,1
0.5845208180921785,0.756647794141035,19.0,41.06563964654094,1,1,1,1,1
0.583168222669562,0.756003423734724,19.0,40.953355842468184,1,1,1,1,1
0.583168222669562,0.756003423734724,19.0,40.953355842468184,1,1,1,1,1
0.5843935875823022,0.7562342949839371,17.0,35.65940083544607,1,1,1,1,1
0.5830179076942651,0.7555663348070868,18.0,38.52619489567273,1,1,1,1,1
0.580251707904706,0.7527144193123999,20.0,43.876537909856346,1,1,1,1,1
0.580251707904706,0.7527144193123999,20.0,43.876537909856346,1,1,1,1,1
0.5829780151848976,0.7518584856314096,18.0,38.6004774819142,1,1,1,1,1
0.5829780151848976,0.7518584856314096,18.0,38.6004774819142,1,1,1,1,1
0.5842968625577322,0.7552795031055901,18.0,38.55604317525049,1,1,1,1,1
0.5850533524446568,0.7563863672559324,19.0,40.970564647787974,1,1,1,1,1
0.5860418664109939,0.7590044742729306,18.0,38.52939446290676,1,1,1,1,1
0.5860418664109939,0.7590044742729306,18.0,38.52939446290676,1,1,1,1,1
0.5858501118568232,0.7583972515180569,18.0,38.509620801699725,1,1,1,1,1
0.5839641846114698,0.7554709119246795,17.0,36.31218208379022,1,1,1,1,1
0.5837097235917172,0.7550812684881835,18.0,39.23896460107029,1,1,1,1,1
0.5890064545133425,0.7615121543945281,18.0,38.9953315321955,1,1,1,1,1
0.5898734786936836,0.7594088179570342,19.0,42.12630546606992,1,1,1,1,1
0.5934192694889003,0.7619546979865772,18.0,39.38207655106376,1,1,1,1,1
0.593080472379969,0.7613900361383583,22.0,48.81275808584281,1,1,1,1,1
0.5994412588779566,0.7660047566299603,19.0,40.798348106083594,1,1,1,1,1
0.6052852348993288,0.7699697328595868,19.0,41.653002727378095,1,1,1,1,1
0.6052852348993288,0.7699697328595868,19.0,41.653002727378095,1,1,1,1,1
0.6040761942360837,0.768596196868009,18.0,39.56761865729403,1,1,1,1,1
0.6155453020134228,0.7763422818791946,15.0,32.318248999379826,1,1,1,1,1
0.6142224080267559,0.7730852842809365,20.0,42.99206305045324,1,1,1,1,1
0.6165274533201123,0.7759449421018134,19.0,41.50270693212838,1,1,1,1,1
0.6134698996655519,0.7729264214046823,19.0,41.09129703405163,1,1,1,1,1
0.6133946488294314,0.7730434782608696,23.0,51.24908954738526,1,1,1,1,1
0.6105426047022413,0.7715768981181051,22.0,48.12662617127341,1,1,1,1,1
0.6071061955693897,0.7706381005993576,21.0,45.92484073515634,1,1,1,1,1
0.6072751016629748,0.7703408602506033,18.0,38.69472411248492,1,1,1,1,1
0.6072751016629748,0.7703408602506033,18.0,38.69472411248492,1,1,1,1,1
0.6016214177978884,0.7642058495639058,20.0,42.94894291054555,1,1,1,1,1
0.6026204105803395,0.7656681800236873,20.0,43.76201257408091,1,1,1,1,1
0.5986740874120151,0.7635210345392045,18.0,38.673951628369856,1,1,1,1,1
0.6008869179600886,0.7645232815964523,20.0,43.472062220892354,1,1,1,1,1
0.6017239110409265,0.7656928543229372,19.0,41.21699363091318,1,1,1,1,1
0.6018719568364258,0.7647141071193578,21.0,45.79883559287047,1,1,1,1,1
0.6043193371624744,0.7667772496203868,20.0,43.65230083838475,1,1,1,1,1
0.6008212203334155,0.7634721195696805,18.0,38.9763837531939,1,1,1,1,1
0.601535682023487,0.7649667405764967,20.0,43.262748206964034,1,1,1,1,1
0.6045999207763914,0.7677675447283291,21.0,46.04407128351001,1,1,1,1,1
0.6067004504504504,0.7699307763646,17.0,36.87074020967818,1,1,1,1,1
0.6043902358240594,0.7676536830948596,18.0,39.45624957866267,1,1,1,1,1
0.6038768547959724,0.7677530471648119,18.0,38.72666551680518,1,1,1,1,1
0.6038768547959724,0.7677530471648119,18.0,38.72666551680518,1,1,1,1,1
0.6073508853681268,0.7707612168819066,18.0,38.514213370918895,1,1,1,1,1
0.6070596458527493,0.7705282252696046,20.0,43.365096455098474,1,1,1,1,1
0.6070596458527493,0.7705282252696046,20.0,43.365096455098474,1,1,1,1,1
0.6050737257633809,0.7676684745650263,17.0,36.200286797108596,1,1,1,1,1
0.6046634870164282,0.7675460386857446,17.0,36.28926112845415,1,1,1,1,1
0.6046469263381028,0.7661963434022258,17.0,36.686750465113384,1,1,1,1,1
0.6031399046104928,0.7670906200317965,18.0,38.92705908843734,1,1,1,1,1
0.6031399046104928,0.7670906200317965,18.0,38.92705908843734,1,1,1,1,1
0.6037029676735559,0.7666600423953365,19.0,40.48015736156369,1,1,1,1,1
0.6025437201907791,0.7655670376258612,20.0,43.42047033633409,1,1,1,1,1
0.600622235426157,0.7638723839704232,19.0,41.58863391285845,1,1,1,1,1
0.6024940381558028,0.7665523979862215,18.0,38.65635973970297,1,1,1,1,1
0.6033386327503975,0.7685645204027557,17.0,36.369377923330326,1,1,1,1,1
0.6033386327503975,0.7685645204027557,17.0,36.369377923330326,1,1,1,1,1
0.6014584706657877,0.7627224785761371,19.0,41.35617381675329,1,1,1,1,1
0.6060049019607843,0.7672065447800742,19.0,41.271330459920165,1,1,1,1,1
0.6059469395866455,0.7679517753047165,18.0,38.8340758561205,1,1,1,1,1
0.6059469395866455,0.7679517753047165,18.0,38.8340758561205,1,1,1,1,1
0.6056157260201378,0.7672976285108638,20.0,43.05205947399355,1,1,1,1,1
0.6046552066772655,0.7668008081611023,19.0,41.19313833258731,1,1,1,1,1
0.6029991388447271,0.7660969793322735,15.0,31.553736364360617,1,1,1,1,1
0.6055452003727866,0.767732325921981,18.0,37.98335311009547,1,1,1,1,1
0.6055452003727866,0.767732325921981,18.0,37.98335311009547,1,1,1,1,1
0.6029246157922629,0.7651198993110758,20.0,43.450494746197556,1,1,1,1,1
0.6027258876523582,0.7659727742448331,22.0,47.41785945139416,1,1,1,1,1
0.6029494568097509,0.7665192766295708,18.0,38.15072864152329,1,1,1,1,1
0.6028914944356121,0.766593799682035,17.0,36.542622154355165,1,1,1,1,1
0.6028914944356121,0.766593799682035,17.0,36.542622154355165,1,1,1,1,1
0.6038520137784844,0.7660058956014838,17.0,36.08202329295477,1,1,1,1,1
0.6023965141612201,0.7652587971215422,19.0,41.11574751770001,1,1,1,1,1
0.6042825914149443,0.7669250132485427,15.0,31.472720626718868,1,1,1,1,1
0.6047380100688924,0.7675460386857446,19.0,40.8260940105456,1,1,1,1,1
0.6047380100688924,0.7675460386857446,19.0,40.8260940105456,1,1,1,1,1
0.6004449571522742,0.7647330257086354,16.0,34.31447655345836,1,1,1,1,1
0.5995220830586684,0.7642139090309822,17.0,36.75671545184294,1,1,1,1,1
0.6018067700052994,0.7668256491785903,19.0,41.3861740927414,1,1,1,1,1
0.6023863937466879,0.7655918786433492,20.0,43.59490526889626,1,1,1,1,1
0.6020965818759937,0.766295707472178,17.0,36.61235474098276,1,1,1,1,1
0.601657723900371,0.7653683094859566,20.0,43.8944139778521,1,1,1,1,1
0.601657723900371,0.7653683094859566,20.0,43.8944139778521,1,1,1,1,1
0.6016080418653948,0.76476384472708,17.0,36.548164769193534,1,1,1,1,1
0.6016080418653948,0.76476384472708,17.0,36.548164769193534,1,1,1,1,1
0.6007386062533121,0.7631657392686805,19.0,41.11913439677796,1,1,1,1,1
0.5991615501419423,0.7627500495147554,19.0,40.52532711970152,1,1,1,1,1
0.6042471042471043,0.7678405005991212,16.0,34.45022761529181,1,1,1,1,1
0.604371921182266,0.7676823991479164,19.0,41.045696219161435,1,1,1,1,1
0.6038144055385435,0.7669834243110105,17.0,36.15370777910875,1,1,1,1,1
0.6038144055385435,0.7669834243110105,17.0,36.15370777910875,1,1,1,1,1
0.6004901960784313,0.7630829358770536,20.0,43.46039724536696,1,1,1,1,1
0.6004901960784313,0.7630829358770536,20.0,43.46039724536696,1,1,1,1,1
0.601334790673026,0.7635797562268151,17.0,36.14721002677705,1,1,1,1,1
0.6007717276099629,0.7637867647058824,17.0,36.96245095445378,1,1,1,1,1
0.5999436936936937,0.7633644674085851,19.0,41.050172107558154,1,1,1,1,1
0.6029490081214219,0.7662678072160831,16.0,34.10585435746555,1,1,1,1,1
0.6003577106518283,0.7626192368839427,20.0,43.05530838013689,1,1,1,1,1
0.6003577106518283,0.7626192368839427,20.0,43.05530838013689,1,1,1,1,1
0.6002997482776895,0.7629090487546369,19.0,41.95058855406287,1,1,1,1,1
0.6007717276099629,0.7625281531531531,19.0,41.3470610240166,1,1,1,1,1
0.5985756255364099,0.7604311084703241,22.0,48.555376554947465,1,1,1,1,1
0.5985756255364099,0.7604311084703241,22.0,48.555376554947465,1,1,1,1,1
0.6033151377978965,0.765577153508188,21.0,45.483669763332315,1,1,1,1,1
0.6031570363466915,0.7665673678604713,20.0,43.27629894556403,1,1,1,1,1
0.6031570363466915,0.7665673678604713,20.0,43.27629894556403,1,1,1,1,1
0.602865796831314,0.7652942351218214,17.0,36.77012999523586,1,1,1,1,1
0.6030405405405406,0.7653691252829183,20.0,43.54469346172727,1,1,1,1,1
0.6030405405405406,0.7653691252829183,20.0,43.54469346172727,1,1,1,1,1
0.6013182299947006,0.7636542792792793,19.0,40.89227127503422,1,1,1,1,1
0.6009770911731696,0.7618175216214432,20.0,43.02646645213134,1,1,1,1,1
0.6013596316905141,0.7621803789083201,15.0,31.28270330593193,1,1,1,1,1
0.6005067567567568,0.7633065050344462,19.0,41.21774288471347,1,1,1,1,1
0.6005067567567568,0.7633065050344462,19.0,41.21774288471347,1,1,1,1,1
0.6029739715084542,0.766118026893889,16.0,34.06578006792778,1,1,1,1,1
0.602005498145204,0.7635880365659777,19.0,41.68926979336114,1,1,1,1,1
0.60267701647012,0.7661591282280937,19.0,40.795926054161605,1,1,1,1,1
0.5977421271538919,0.7608602363504324,22.0,48.860224531728086,1,1,1,1,1
0.6003333993530072,0.7636413151119034,21.0,46.339430006283294,1,1,1,1,1
0.6003333993530072,0.7636413151119034,21.0,46.339430006283294,1,1,1,1,1
0.6048780487804878,0.7682844707234951,16.0,33.331413054591614,1,1,1,1,1
0.6004624128961819,0.763663658842041,20.0,44.50482057429354,1,1,1,1,1
0.5777880184331797,0.7611290322580645,21.0,45.30740705081586,1,1,1,1,1
0.5692690058479533,0.7565058479532164,17.0,36.465893217397735,1,1,1,1,1
0.5597497842968076,0.7520559210526315,21.0,44.6526646834167,1,1,1,1,1
0.5852996788230419,0.7638507563199337,24.0,52.65637397978284,1,1,1,1,1
0.5993614551083591,0.7781782120743034,20.0,42.69452694801912,1,1,1,1,1
0.6631388229413969,0.8386979882544046,21.0,46.90079530813952,1,1,1,1,1
0.7019590443686007,0.8741569965870307,12.0,27.462221329022857,1,1,1,1,1
0.6701525553012967,0.8519908466819222,17.0,39.43666029884858,1,1,1,1,1
0.6257782101167315,0.7872568093385214,17.0,40.84457970159374,1,1,1,1,1
0.5214433599526768,0.6821288902034244,9.0,21.333602685973204,1,1,1,1,1
0.5214433599526768,0.6821288902034244,9.0,21.333602685973204,1,1,1,1,1
0.6035726322885069,0.6845410628019324,21.0,52.21739889116382,1,0,0,0,0
0.6035726322885069,0.6845410628019324,21.0,52.21739889116382,1,0,0,0,0
0.5983069422079084,0.6821546788334228,19.0,46.79498167963076,1,0,0,0,0
0.6029867853290184,0.6860054836389787,18.0,44.11416785256664,1,0,0,0,0
0.6009304207119741,0.6876910284070479,20.0,50.00603423318155,1,0,0,0,0
0.6019660712279519,0.6877766543085047,19.0,48.04065649405518,1,0,0,0,0
0.6019660712279519,0.6877766543085047,19.0,48.04065649405518,1,0,0,0,0
0.6031842818428185,0.6883581752484191,21.0,51.787991051688344,1,0,0,0,0
0.6038423689389874,0.6860350688853104,21.0,52.35236521638198,1,0,0,0,0
0.6000876483279396,0.6883989572096368,19.0,47.43825709322429,1,0,0,0,0
0.6003048780487805,0.6886291779584462,21.0,50.93324582451506,1,0,0,0,0
0.5984417344173442,0.68960027100271,17.0,41.82536390728664,1,0,0,0,0
0.593823396567299,0.6880758807588075,23.0,55.78474291254453,1,0,0,0,0
0.5936151564185544,0.6841626213592233,21.0,51.62390736998026,1,0,0,0,0
0.5982657672699748,0.6821389612413455,19.0,46.88024204282468,1,0,0,0,0
0.5982657672699748,0.6821389612413455,19.0,46.88024204282468,1,0,0,0,0
0.5889866182204891,0.677696295639844,23.0,56.32954324486714,1,0,0,0,0
0.6020660154785792,0.6838246643000463,17.0,42.54181824177882,1,0,0,0,0
0.5948262427925822,0.6856897971904985,17.0,40.99409807222962,1,0,0,0,0
0.5881114852889047,0.6788816022686991,22.0,52.76252938484774,1,0,0,0,0
0.5968185040765686,0.6857718894009217,20.0,49.17839179126713,1,0,0,0,0
0.5988223246287763,0.6873594692669026,20.0,48.736412139599885,1,0,0,0,0
0.5982398461263195,0.689859545535874,21.0,51.44144738427524,1,0,0,0,0
0.5975688853104312,0.6893451422436929,19.0,47.32422225555315,1,0,0,0,0
0.5986309337389826,0.6887275737103485,19.0,46.89742816236457,1,0,0,0,0
0.5986309337389826,0.6887275737103485,19.0,46.89742816236457,1,0,0,0,0
0.5933786078098472,0.6795691574978502,22.0,55.22033706509515,1,0,0,0,0
0.5942152605459057,0.6854727933356966,23.0,56.81297401592261,1,0,0,0,0
0.5943708244217583,0.6808590390933346,20.0,48.98154503757659,1,0,0,0,0
0.5960395378347693,0.6857120594848505,21.0,52.06313968856839,1,0,0,0,0
0.5948596362341103,0.6860126004586032,17.0,42.842645556949904,1,0,0,0,0
0.5926000133573767,0.6830071907210757,21.0,51.072157918809616,1,0,0,0,0
0.5935238985729869,0.6879828135087602,20.0,49.19853918014779,1,0,0,0,0
0.5935238985729869,0.6879828135087602,20.0,49.19853918014779,1,0,0,0,0
0.590105459057072,0.6846087380361574,20.0,48.76774430529245,1,0,0,0,0
0.5899725274725275,0.6833569656150301,20.0,48.64604606021039,1,0,0,0,0
0.5875686283156571,0.6802085859810817,21.0,52.255445777538945,1,0,0,0,0
0.597926731078905,0.6893786902844874,20.0,48.70132705755758,1,0,0,0,0
0.597926731078905,0.6893786902844874,20.0,48.70132705755758,1,0,0,0,0
0.5989077669902912,0.6899721323265012,18.0,44.38964483489734,1,0,0,0,0
0.5977920450986534,0.6875643147957585,21.0,52.440212028680655,1,0,0,0,0
0.5954990828150866,0.6889848328933829,17.0,41.03807102335957,1,0,0,0,0
0.5949062681759205,0.6879893517068587,23.0,55.6438388550959,1,0,0,0,0
0.5949062681759205,0.6879893517068587,23.0,55.6438388550959,1,0,0,0,0
0.5972445875827518,0.6878578457684738,22.0,53.45297692845884,1,0,0,0,0
0.5928782920367773,0.6833633874307086,22.0,53.48237663167106,1,0,0,0,0
0.6006217570227232,0.6860127035247808,24.0,58.083611658452725,1,0,0,0,0
0.5985329148021995,0.6827845677775551,20.0,51.151411631567484,1,0,0,0,0
0.5985329148021995,0.6827845677775551,20.0,51.151411631567484,1,0,0,0,0
0.5971971771410761,0.6820387809167613,24.0,58.63777771752855,1,0,0,0,0
0.5928894231839533,0.684320666087847,22.0,53.320349675778736,1,0,0,0,0
0.5928894231839533,0.684320666087847,22.0,53.320349675778736,1,0,0,0,0
0.5948262427925822,0.6829626661323716,23.0,56.613286856499265,1,0,0,0,0
0.5982101115340948,0.6859569447227232,23.0,56.957746935468826,1,0,0,0,0
0.593958013312852,0.6860348627529553,21.0,51.3838405468734,1,0,0,0,0
0.593958013312852,0.6860348627529553,21.0,51.3838405468734,1,0,0,0,0
0.5953716690042076,0.685088715242993,21.0,51.1901836865108,1,0,0,0,0
0.5953716690042076,0.685088715242993,21.0,51.1901836865108,1,0,0,0,0
0.5964068656915782,0.6860014693114272,23.0,56.32470517620091,1,0,0,0,0
0.5985885705380797,0.6869921414100937,20.0,49.83268412319451,1,0,0,0,0
0.5967296689596829,0.6865023709343485,21.0,51.97350978274524,1,0,0,0,0
0.597531111556357,0.6858678955453149,20.0,49.47323795305637,1,0,0,0,0
0.5951601772078631,0.6832632071061243,26.0,61.91798544840778,1,0,0,0,0
0.594369865758365,0.6827845677775551,20.0,49.44442150953254,1,0,0,0,0
0.5941469851494006,0.687444086598676,20.0,49.0883594974662,1,0,0,0,0
0.5941469851494006,0.687444086598676,20.0,49.0883594974662,1,0,0,0,0
0.5969077673144995,0.6846100759144237,23.0,56.72959765076168,1,0,0,0,0
0.5998277481991857,0.6889400921658986,21.0,51.63135680228474,1,0,0,0,0
0.5972862263184844,0.6854783053941539,20.0,49.22300257974343,1,0,0,0,0
0.6008006799069601,0.6890767579173376,19.0,47.350265217114796,1,0,0,0,0
0.5970969968164919,0.6858456332509628,22.0,54.61107985880504,1,0,0,0,0
0.594726062467998,0.6840535185556224,22.0,53.72308400322539,1,0,0,0,0
0.5958725706271288,0.6862686168436519,23.0,57.364889576755466,1,0,0,0,0
0.5946481444377657,0.6850219283599368,20.0,49.57047307480423,1,0,0,0,0
0.601784755770263,0.6888195562712471,19.0,47.66987729942912,1,0,0,0,0
0.601784755770263,0.6888195562712471,19.0,47.66987729942912,1,0,0,0,0
0.5955831608005521,0.6852890758921615,23.0,57.266112647092825,1,0,0,0,0
0.5939107869893965,0.6865017225180081,21.0,51.411450751509015,1,0,0,0,0
0.5922772100892718,0.6839533382310381,23.0,56.937715404684305,1,0,0,0,0
0.5947038001736459,0.6845098955898394,18.0,44.063059048021046,1,0,0,0,0
0.5921992920590397,0.6840423874084464,21.0,51.21306365850934,1,0,0,0,0
0.6020503573098244,0.6884837151316815,18.0,43.80907274243361,1,0,0,0,0
0.6024797234410317,0.685447413907725,22.0,54.40149259698738,1,0,0,0,0
0.6024797234410317,0.685447413907725,22.0,54.40149259698738,1,0,0,0,0
0.6034306195596518,0.687871502037,19.0,45.68188602465802,1,0,0,0,0
0.6034306195596518,0.687871502037,19.0,45.68188602465802,1,0,0,0,0
0.6028184064649703,0.688294485629689,21.0,52.14891732366126,1,0,0,0,0
0.6078051603998308,0.6920011576393063,20.0,49.20659321800504,1,0,0,0,0
0.6048887998397114,0.6902424363854939,22.0,53.15440851418117,1,0,0,0,0
0.6069146686257486,0.689886239675861,19.0,47.60691229015955,1,0,0,0,0
0.6045993900131348,0.6905095839177186,23.0,57.35053418762504,1,0,0,0,0
0.6045993900131348,0.6905095839177186,23.0,57.35053418762504,1,0,0,0,0
0.6030669680450295,0.6861343792935337,20.0,50.63146748306764,1,0,0,0,0
0.6063841631780529,0.6909904694041151,20.0,50.437397139921394,1,0,0,0,0
0.6063841631780529,0.6909904694041151,20.0,50.437397139921394,1,0,0,0,0
0.6091897454252606,0.6922620911816026,18.0,45.42869308756386,1,0,0,0,0
0.6062022752064827,0.6897192724682206,21.0,52.491944566722374,1,0,0,0,0
0.6096686559187673,0.6906787209405897,22.0,56.20714924716211,1,0,0,0,0
0.6089672218758351,0.6909125322882337,21.0,53.034797837952574,1,0,0,0,0
0.6095016478133072,0.6919591164157833,22.0,54.72095790662869,1,0,0,0,0
0.6077717669583027,0.6914223379861528,22.0,53.861269178624816,1,0,0,0,0
0.6094080455931788,0.6921903871412988,19.0,48.05963887253419,1,0,0,0,0
0.6069006781013163,0.6896024464831805,24.0,59.27415576034224,1,0,0,0,0
0.6094191767403548,0.6924464035263475,21.0,51.98185059422132,1,0,0,0,0
0.6117121930586166,0.6932589772701975,19.0,46.77245862896947,1,0,0,0,0
0.6076430439214644,0.689458405353898,20.0,49.93248827447807,1,0,0,0,0
0.6076430439214644,0.689458405353898,20.0,49.93248827447807,1,0,0,0,0
0.6087510526082525,0.6887160395337499,23.0,58.07652578897922,1,0,0,0,0
0.6075876434871249,0.6873864291096042,19.0,46.33809877539833,1,0,0,0,0
0.6041008078679312,0.6843826835265191,20.0,49.03283640886024,1,0,0,0,0
0.6078904991948471,0.6884609445657689,19.0,47.26899457032324,1,0,0,0,0
0.6077691747733439,0.6885491805086802,23.0,56.792925739731594,1,0,0,0,0
0.6089394140850064,0.6894362451801622,19.0,46.710379745949794,1,0,0,0,0
0.6125523292063775,0.6901888304979068,18.0,44.933178903846326,1,0,0,0,0
0.6070081397657335,0.6853506275781439,27.0,65.80728014501484,1,0,0,0,0
0.6088686438799485,0.6897747927472625,20.0,49.70531948716101,1,0,0,0,0
0.6088686438799485,0.6897747927472625,20.0,49.70531948716101,1,0,0,0,0
0.6063867325335215,0.6870037932251235,22.0,55.137085191919255,1,0,0,0,0
0.6098439508799929,0.6889435651904066,20.0,49.867871705942676,1,0,0,0,0
0.6124409904694041,0.6932951812594638,19.0,47.38465749356739,1,0,0,0,0
0.6144339538612273,0.6914469582257059,20.0,51.70428868580356,1,0,0,0,0
0.6156364122205398,0.6919702502894807,22.0,55.56656861040032,1,0,0,0,0
0.612141559189824,0.6901564508265745,22.0,54.86709121858016,1,0,0,0,0
0.6146566313351741,0.6935289926071079,19.0,46.95430480966124,1,0,0,0,0
0.6126623232726145,0.6892811239640119,19.0,46.69032942332311,1,0,0,0,0
0.6066363716192483,0.6840204601334738,19.0,47.690303009286964,1,0,0,0,0
0.6066363716192483,0.6840204601334738,19.0,47.690303009286964,1,0,0,0,0
0.6119975180605416,0.6890706023135221,23.0,56.59279523426347,1,0,0,0,0
0.6123265505164693,0.6907500997473068,17.0,43.62507265607101,1,0,0,0,0
0.6114177417209735,0.689386886554063,22.0,55.120860987178055,1,0,0,0,0
0.6107195105732145,0.6876690162698941,23.0,55.8736769578919,1,0,0,0,0
0.6116540353676373,0.689458405353898,19.0,47.1186296173343,1,0,0,0,0
0.6131535583860337,0.6926716843324129,22.0,55.43099106808255,1,0,0,0,0
0.6104867668572949,0.6897304606108968,20.0,49.51579906296499,1,0,0,0,0
0.610756548331339,0.6876523511944334,18.0,45.703228301593995,1,0,0,0,0
0.6106973445050317,0.6881123376335505,22.0,53.92472794143705,1,0,0,0,0
0.6106973445050317,0.6881123376335505,22.0,53.92472794143705,1,0,0,0,0
0.6101321097663697,0.6889657312585894,20.0,48.675752280253015,1,0,0,0,0
0.6150796302483573,0.6942309834057244,20.0,49.06634712891774,1,0,0,0,0
0.6164801969120609,0.6965987916759901,18.0,44.94806433091388,1,0,0,0,0
0.6113659531090724,0.689735407525595,19.0,47.474332419401705,1,0,0,0,0
0.6113659531090724,0.689735407525595,19.0,47.474332419401705,1,0,0,0,0
0.6114177417209735,0.6895420490313429,20.0,49.68979373623252,1,0,0,0,0
0.6114177417209735,0.6895420490313429,20.0,49.68979373623252,1,0,0,0,0
0.6139446734938157,0.6924679700314759,21.0,52.91094016887012,1,0,0,0,0
0.6166610981178305,0.6955228867357167,22.0,53.70190946152594,1,0,0,0,0
0.6135235181983419,0.6934432770315202,17.0,43.36968239829179,1,0,0,0,0
0.609919925881808,0.6888138883374142,20.0,48.912155054488885,1,0,0,0,0
0.6121368539474555,0.6903690468312267,20.0,49.16484917271931,1,0,0,0,0
0.6121368539474555,0.6903690468312267,20.0,49.16484917271931,1,0,0,0,0
0.6096000705887543,0.689376392473474,22.0,54.271386086863394,1,0,0,0,0
0.6096000705887543,0.689376392473474,22.0,54.271386086863394,1,0,0,0,0
0.6073561703996486,0.6861111111111111,26.0,63.66288557530598,1,0,0,0,0
0.6156625437779847,0.6928780422928581,19.0,46.32687807871854,1,0,0,0,0
0.6134459369597021,0.690783348849581,23.0,57.157834944974944,1,0,0,0,0
0.6084199148523151,0.6885491805086802,19.0,47.30155352389312,1,0,0,0,0
0.6084199148523151,0.6885491805086802,19.0,47.30155352389312,1,0,0,0,0
0.6133936451897617,0.6906994704324801,22.0,53.71967607898949,1,0,0,0,0
0.6133936451897617,0.6906994704324801,22.0,53.71967607898949,1,0,0,0,0
0.6158731214257215,0.6931329520769606,20.0,49.3494340356995,1,0,0,0,0
0.6155119152691968,0.6928729037952339,22.0,54.79009092632875,1,0,0,0,0
0.6113416776460254,0.6872310057092665,22.0,53.73279011741705,1,0,0,0,0
0.612819947043248,0.6891548984995587,22.0,54.42382172750271,1,0,0,0,0
0.612819947043248,0.6891548984995587,22.0,54.42382172750271,1,0,0,0,0
0.6149271844660195,0.689143865842895,20.0,49.09264856344267,1,0,0,0,0
0.6183003058917409,0.6937425189519884,24.0,59.831687101930726,1,0,0,0,0
0.614783759929391,0.6918468667255075,25.0,61.8116084523993,1,0,0,0,0
0.6120004391743522,0.6885595081247256,20.0,48.90624160347323,1,0,0,0,0
0.6165265921072949,0.691802880903536,22.0,54.28171813031744,1,0,0,0,0
0.6168705944939487,0.6948397393270381,19.0,49.93626295171233,1,0,0,0,0
0.6170035909030456,0.6940085117701822,19.0,47.45876466332117,1,0,0,0,0
0.6169703418007714,0.6939974287360908,23.0,58.40802785979376,1,0,0,0,0
0.617336081925788,0.6931107860087777,20.0,50.16616287204851,1,0,0,0,0
0.6170368400053199,0.6942190894179191,23.0,56.55089047750208,1,0,0,0,0
0.6147648180165802,0.6917586558496254,23.0,56.817149496322166,1,0,0,0,0
0.6166821829143947,0.6923238905882875,22.0,54.558714117906554,1,0,0,0,0
0.6166821829143947,0.6923238905882875,22.0,54.558714117906554,1,0,0,0,0
0.6132618622195751,0.6897624247237112,16.0,41.226882631725026,1,0,0,0,0
0.6135045110625813,0.6885160920300885,18.0,44.64391153879207,1,0,0,0,0
0.6125890631548762,0.6897955132023029,21.0,51.72227493733842,1,0,0,0,0
0.6121910856134157,0.6891107678729038,22.0,54.1437403682625,1,0,0,0,0
0.6145653234029348,0.6914372478609744,22.0,54.78627849341924,1,0,0,0,0
0.615673626812076,0.6915259121337057,16.0,40.22382069976382,1,0,0,0,0
0.6159617856984528,0.6932548654519661,23.0,56.62601415109017,1,0,0,0,0
0.6101998243302591,0.6882850241545894,21.0,51.99522750274719,1,0,0,0,0
0.6101998243302591,0.6882850241545894,21.0,51.99522750274719,1,0,0,0,0
0.61448613592747,0.6921447951823175,20.0,50.80066777848385,1,0,0,0,0
0.6121980676328502,0.6901624945103206,21.0,51.98393252546609,1,0,0,0,0
0.6122529644268775,0.6893390425999122,20.0,49.439662658490874,1,0,0,0,0
0.611846728151076,0.6883618796662275,20.0,50.11295084743743,1,0,0,0,0
0.6126043039086517,0.6881642512077295,19.0,48.35789349525415,1,0,0,0,0
0.6118028107158542,0.6883179622310057,22.0,54.75678377569712,1,0,0,0,0
0.6118028107158542,0.6883179622310057,22.0,54.75678377569712,1,0,0,0,0
0.6141990291262136,0.690986319505737,19.0,46.833855106061804,1,0,0,0,0
0.6125054896794028,0.6901734738691261,18.0,44.29353053733502,1,0,0,0,0
0.6123078612209047,0.6875054896794027,20.0,50.119508691015895,1,0,0,0,0
0.6123078612209047,0.6875054896794027,20.0,50.119508691015895,1,0,0,0,0
0.6144378568291612,0.6898880105401844,21.0,51.63352857147482,1,0,0,0,0
0.6196081039145276,0.6945515804406615,21.0,51.27088402125228,1,0,0,0,0
0.6168248014121801,0.6917917034421889,20.0,49.777804719464264,1,0,0,0,0
0.6147123407992974,0.6924901185770751,19.0,47.697639784197875,1,0,0,0,0
0.6147123407992974,0.6924901185770751,19.0,47.697639784197875,1,0,0,0,0
0.6154259991216513,0.6915458937198068,20.0,49.90052762670186,1,0,0,0,0
0.6154259991216513,0.6915458937198068,20.0,49.90052762670186,1,0,0,0,0
0.6148550724637681,0.6909859464207291,25.0,61.30246692113048,1,0,0,0,0
0.6151185770750988,0.6913153271848924,22.0,54.64429502461354,1,0,0,0,0
0.613625437062937,0.6876092657342657,22.0,54.25497642990162,1,0,0,0,0
0.613625437062937,0.6876092657342657,22.0,54.25497642990162,1,0,0,0,0
0.6148440931049627,0.6906346069389547,22.0,54.72763748990663,1,0,0,0,0
0.6164361001317523,0.6925010979358805,22.0,54.630925255138656,1,0,0,0,0
0.6164361001317523,0.6925010979358805,22.0,54.630925255138656,1,0,0,0,0
0.6168313570487484,0.6924462011418533,24.0,59.450779180578216,1,0,0,0,0
0.6143025772181783,0.6905917327912213,22.0,54.192920523392885,1,0,0,0,0
0.6158545915579163,0.6902638424377555,19.0,47.21318609792696,1,0,0,0,0
0.6165898111550285,0.6953337725076856,23.0,56.537088689657566,1,0,0,0,0
0.6146158239247902,0.6912204015287967,19.0,47.77171290858215,1,0,0,0,0
0.616779422747441,0.6918244519615165,19.0,46.912562872429575,1,0,0,0,0
0.616779422747441,0.6918244519615165,19.0,46.912562872429575,1,0,0,0,0
0.6178447480560558,0.6928897772701313,21.0,53.29091177973345,1,0,0,0,0
0.6220174373689438,0.6958393113342898,21.0,52.70209267583071,1,0,0,0,0
0.6178117998506348,0.691747572815534,21.0,52.463060478802916,1,0,0,0,0
0.6182511092562492,0.6915279181127268,25.0,61.85648004383566,1,0,0,0,0
0.6178337653209155,0.6925712779510609,21.0,51.47621491360864,1,0,0,0,0
0.6235144124168515,0.6990465631929047,22.0,53.331084812450584,1,0,0,0,0
0.6222062084257206,0.6978270509977827,20.0,49.09774783818453,1,0,0,0,0
0.6274509803921569,0.7018827985739751,21.0,52.28782254316586,1,0,0,0,0
0.6243126385809312,0.6990576496674058,22.0,54.361183365304,1,0,0,0,0
0.6252033970086709,0.7018255578093306,22.0,55.17952072181957,1,0,0,0,0
0.6233475290568716,0.6980192529500489,18.0,45.309918144150956,1,0,0,0,0
0.6192920862038509,0.6942457163045398,22.0,53.898215508687294,1,0,0,0,0
0.6308277616442673,0.7028995295018122,22.0,54.084612817365624,1,0,0,0,0
0.629786036036036,0.7015878378378378,24.0,58.969849193739655,1,0,0,0,0
0.6324795035557368,0.7038546904017756,26.0,64.6760434467754,1,0,0,0,0
0.6321276547312832,0.704331793039084,25.0,61.82662602767069,1,0,0,0,0
0.6394988673662799,0.7125421848273311,19.0,46.99986953675688,1,0,0,0,0
0.6336409241531664,0.705483707658321,23.0,56.13425583376582,1,0,0,0,0
0.6430558152580403,0.7120185115931189,21.0,52.77231123664954,1,0,0,0,0
0.6430558152580403,0.7120185115931189,21.0,52.77231123664954,1,0,0,0,0
0.6444799054373522,0.7134988179669031,20.0,49.45082097501734,1,0,0,0,0
0.6433228205610996,0.7089766522312182,18.0,44.742976094338516,1,0,0,0,0
0.6409340144343425,0.7106453275845909,22.0,53.33628547489213,1,0,0,0,0
0.6485097151480853,0.7115520656479909,21.0,52.62288558702259,1,0,0,0,0
0.6418302945301543,0.7069424964936887,22.0,54.92291037827316,1,0,0,0,0
0.6445839580209896,0.7083372376311844,26.0,64.54130744406298,1,0,0,0,0
0.6433009933009933,0.7087087087087087,20.0,50.252048303231525,1,0,0,0,0
0.6454829519345648,0.710366694237662,21.0,52.83520776906421,1,0,0,0,0
0.6474342928660826,0.7107065650244624,19.0,47.04090585509014,1,0,0,0,0
0.6435633575464084,0.7060801721818671,20.0,50.1522055802464,1,0,0,0,0
0.6487005117155938,0.7129230631115899,22.0,55.04612336457965,1,0,0,0,0
0.6513182863393834,0.7144866385372715,23.0,56.537542386755725,1,0,0,0,0
0.6513182863393834,0.7144866385372715,23.0,56.537542386755725,1,0,0,0,0
0.6491819371727748,0.7171247818499127,20.0,50.09792028407136,1,0,0,0,0
0.6387264250900615,0.7042805679169315,23.0,57.43087902464754,1,0,0,0,0
0.6438480350818013,0.7075286726260752,25.0,61.005253236380746,1,0,0,0,0
0.6445969376031417,0.7118505984834242,25.0,62.57210235317856,1,0,0,0,0
0.6456045660400769,0.7143743408400025,19.0,46.16966077168982,1,0,0,0,0
0.6434631147540983,0.7112704918032787,26.0,65.38138748052262,1,0,0,0,0
0.6434631147540983,0.7112704918032787,26.0,65.38138748052262,1,0,0,0,0
0.6315182600743524,0.7017057314963917,16.0,40.04040373493045,1,0,0,0,0
0.6315182600743524,0.7017057314963917,16.0,40.04040373493045,1,0,0,0,0
0.6408355523279271,0.7116214798676672,20.0,49.608193353565696,1,0,0,0,0
0.6295128316659417,0.7001067657874965,24.0,57.93150741569057,1,0,0,0,0
0.6416099497650299,0.7110071301247772,21.0,52.151134710295295,1,0,0,0,0
0.6316876140076573,0.7033996832842223,20.0,48.23664959775381,1,0,0,0,0
0.6223400007984988,0.6977981394977443,21.0,51.00119339471099,1,0,0,0,0
0.6397473214838669,0.7137032678929006,22.0,52.86955047126729,1,0,0,0,0
0.6373017350125111,0.7088942655665157,25.0,60.70205085472403,1,0,0,0,0
0.6466604882364092,0.7184742085641469,20.0,48.78717183949405,1,0,0,0,0
0.6364784205693297,0.7061315635695801,20.0,48.879066421115645,1,0,0,0,0
0.6400344003020514,0.7103347736711835,20.0,50.9492796835394,1,0,0,0,0
0.6443434811941305,0.7135899814471243,21.0,51.75961212893258,1,0,0,0,0
0.6418383185803582,0.7100411125561102,23.0,57.941694187727535,1,0,0,0,0
0.6429710114527835,0.7095796450895666,25.0,62.27380252434355,1,0,0,0,0
0.6452184179456907,0.7110073368190252,21.0,51.996006331812104,1,0,0,0,0
0.6452184179456907,0.7110073368190252,21.0,51.996006331812104,1,0,0,0,0
0.6403700130049922,0.7078071905021605,24.0,60.5190658969353,1,0,0,0,0
0.6425395884494877,0.7133965619442798,22.0,54.50254583706877,1,0,0,0,0
0.6412864732669927,0.7140854275594535,24.0,59.95826448513124,1,0,0,0,0
0.6385326291965296,0.7066410997946267,20.0,49.4125846999634,1,0,0,0,0
0.6415710912464159,0.7114289930848372,18.0,44.37821528281292,1,0,0,0,0
0.6415816326530612,0.7119876876370382,20.0,50.40595201405447,1,0,0,0,0
0.6414129701467364,0.7102905211671445,20.0,50.42365131546033,1,0,0,0,0
0.6411841523263896,0.7104598015881374,20.0,50.15522539990005,1,0,0,0,0
0.6409945868525813,0.7108389325357541,19.0,46.97135025996367,1,0,0,0,0
0.6409945868525813,0.7108389325357541,19.0,46.97135025996367,1,0,0,0,0
0.6483881263964252,0.716523034365358,21.0,51.43274627872937,1,0,0,0,0
0.6467496542185339,0.7153420576657091,22.0,55.6844680526002,1,0,0,0,0
0.6441485307816073,0.711014903886866,24.0,59.80785810450881,1,0,0,0,0
0.6436851027760119,0.7104789150243696,20.0,49.23927697877636,1,0,0,0,0
0.6436851027760119,0.7104789150243696,20.0,49.23927697877636,1,0,0,0,0
0.6415763400796003,0.7089402150901855,21.0,51.95747718106326,1,0,0,0,0
0.6426771953594715,0.7111525107968498,21.0,52.56283811055619,1,0,0,0,0
0.6426771953594715,0.7111525107968498,21.0,52.56283811055619,1,0,0,0,0
0.642910068591752,0.7121157591667372,19.0,47.991408346635495,1,0,0,0,0
0.6456727919383521,0.7136400203234821,20.0,50.11938547150137,1,0,0,0,0
0.6412045768892242,0.7113353451527725,22.0,54.80423805678904,1,0,0,0,0
0.6421863260706235,0.709366391184573,17.0,42.7417725396293,1,0,0,0,0
0.6445863594623925,0.7138325402788213,17.0,42.54492829334435,1,0,0,0,0
0.6445863594623925,0.7138325402788213,17.0,42.54492829334435,1,0,0,0,0
0.6384089870841813,0.7104634743967773,22.0,55.52423162642026,1,0,0,0,0
0.6384089870841813,0.7104634743967773,22.0,55.52423162642026,1,0,0,0,0
0.6386062544125587,0.708220856347855,24.0,60.097358379355924,1,0,0,0,0
0.639170631939227,0.7090429084230737,22.0,55.352697266721165,1,0,0,0,0
0.643566347700906,0.7122427809297993,23.0,56.97868440644057,1,0,0,0,0
0.643566347700906,0.7122427809297993,23.0,56.97868440644057,1,0,0,0,0
0.6420315013972394,0.7096705902277923,24.0,59.67231500319535,1,0,0,0,0
0.6420315013972394,0.7096705902277923,24.0,59.67231500319535,1,0,0,0,0
0.6427936319756118,0.7106973494792108,23.0,56.80219455997343,1,0,0,0,0
0.6468965222226976,0.7169653933353296,20.0,49.77774724815134,1,0,0,0,0
0.6468965222226976,0.7169653933353296,20.0,49.77774724815134,1,0,0,0,0
0.6440897967868923,0.711958719012661,22.0,54.40508035558216,1,0,0,0,0
0.6469606878555846,0.7134362835265432,22.0,54.9144803411939,1,0,0,0,0
0.6449287761474954,0.7110300722932797,22.0,54.474830617505724,1,0,0,0,0
0.646324683421839,0.7120159955281319,22.0,54.59229827628963,1,0,0,0,0
0.646324683421839,0.7120159955281319,22.0,54.59229827628963,1,0,0,0,0
0.644959473695526,0.7118762496506353,24.0,59.60375593136541,1,0,0,0,0
0.6447659794036076,0.7095865671962677,22.0,55.005390302441015,1,0,0,0,0
0.6458009499136442,0.7112586355785838,20.0,49.04389137297435,1,0,0,0,0
0.6452720207253886,0.7106001727115717,20.0,48.54141383698684,1,0,0,0,0
0.6461791147994468,0.7120180670816044,24.0,60.508597115805,1,0,0,0,0
0.6439705028701653,0.7105432889729753,22.0,54.975578772573925,1,0,0,0,0
0.645498357538036,0.7120288727524204,27.0,66.05492275619265,1,0,0,0,0
0.6477756076388889,0.7167426215277778,25.0,60.59052531118995,1,0,0,0,0
0.645995250431779,0.714745250431779,19.0,47.696641540048084,1,0,0,0,0
0.645995250431779,0.714745250431779,19.0,47.696641540048084,1,0,0,0,0
0.6433040225313353,0.7114785113839142,19.0,46.50083879692464,1,0,0,0,0
0.6470531088082901,0.7143458549222798,22.0,54.31532871910405,1,0,0,0,0
0.6466860967184801,0.7127266839378238,20.0,49.847328366219365,1,0,0,0,0
0.6440135016017028,0.7105217896072066,23.0,56.9196959850947,1,0,0,0,0
0.6452612262521589,0.7122841105354059,19.0,47.67591037095322,1,0,0,0,0
0.6424613402061856,0.710803264604811,23.0,57.41611794864882,1,0,0,0,0
0.6444649882828457,0.7121127426740911,24.0,58.88808564863758,1,0,0,0,0
0.6444649882828457,0.7121127426740911,24.0,58.88808564863758,1,0,0,0,0
0.6419343799461009,0.710024810711383,24.0,58.96517775823635,1,0,0,0,0
0.6419343799461009,0.710024810711383,24.0,58.96517775823635,1,0,0,0,0
0.6487046632124353,0.7164723661485319,23.0,57.0561157650245,1,0,0,0,0
0.642854087350815,0.7115861744449673,23.0,56.79268092272089,1,0,0,0,0
0.6441473367697594,0.7140034364261169,22.0,54.648411570027775,1,0,0,0,0
0.6437393162393162,0.712008547008547,20.0,49.229618009602106,1,0,0,0,0
0.6463810137457044,0.7126073883161512,22.0,55.76901337450733,1,0,0,0,0
0.6463810137457044,0.7126073883161512,22.0,55.76901337450733,1,0,0,0,0
0.639030612244898,0.7067389455782312,23.0,57.45534061730346,1,0,0,0,0
0.6408163265306123,0.7068983843537415,23.0,56.52599977753226,1,0,0,0,0
0.6394238945578231,0.7075361394557823,23.0,58.02716359734265,1,0,0,0,0
0.6420405982905983,0.7090811965811966,23.0,57.86031791917725,1,0,0,0,0
0.6370988229316623,0.7031713100177831,27.0,67.98443900859772,1,0,0,0,0
0.6453886298498525,0.7118214484322197,21.0,52.43910247912292,1,0,0,0,0
0.6425747863247864,0.7110576923076923,21.0,52.16619913691057,1,0,0,0,0
0.6425747863247864,0.7110576923076923,21.0,52.16619913691057,1,0,0,0,0
0.6414636752136752,0.7093055555555555,26.0,63.65404952097865,1,0,0,0,0
0.643258547008547,0.7105662393162393,18.0,44.86803504756668,1,0,0,0,0
0.6460481099656358,0.7136383161512028,21.0,51.96305199769137,1,0,0,0,0
0.647143470790378,0.7132302405498282,23.0,56.85098836007921,1,0,0,0,0
0.6472508591065292,0.7124140893470791,20.0,49.40047313251957,1,0,0,0,0
0.6432051282051282,0.7083440170940171,24.0,58.70776084233736,1,0,0,0,0
0.6433760683760684,0.7090277777777778,23.0,57.95436176512942,1,0,0,0,0
0.6411324786324787,0.7093803418803419,19.0,47.76878340487853,1,0,0,0,0
0.6411324786324787,0.7093803418803419,19.0,47.76878340487853,1,0,0,0,0
0.6431623931623932,0.7104166666666667,22.0,54.64539194560877,1,0,0,0,0
0.6431623931623932,0.7104166666666667,22.0,54.64539194560877,1,0,0,0,0
0.6407799145299146,0.7086645299145299,19.0,48.03143316629273,1,0,0,0,0
0.6410253668135347,0.7081212302690679,21.0,51.41615704826896,1,0,0,0,0
0.6396531545909139,0.7061708692414087,22.0,56.645836534710895,1,0,0,0,0
0.6451353092783505,0.7099226804123712,18.0,45.42318626250264,1,0,0,0,0
0.643921821305842,0.7110073024054983,20.0,49.42863894217497,1,0,0,0,0
0.6421367521367521,0.7092628205128205,20.0,50.222008918942144,1,0,0,0,0
0.6438788659793815,0.71384235395189,21.0,52.01742606438131,1,0,0,0,0
0.645178264604811,0.7145403780068729,23.0,56.815542382470205,1,0,0,0,0
0.6466817010309278,0.7147981099656358,21.0,52.68272595842444,1,0,0,0,0
0.6466817010309278,0.7147981099656358,21.0,52.68272595842444,1,0,0,0,0
0.6464220577191289,0.7133998498015235,22.0,54.734260856723076,1,0,0,0,0
0.6416666666666667,0.7085470085470086,23.0,56.95991351916563,1,0,0,0,0
0.6429338487972509,0.7110395189003437,22.0,55.45722230773744,1,0,0,0,0
0.6417418384879725,0.7085266323024055,21.0,52.47869662701275,1,0,0,0,0
0.6440077319587629,0.7100085910652921,24.0,59.03787129372124,1,0,0,0,0
0.6407905982905983,0.708440170940171,25.0,60.57997003086788,1,0,0,0,0
0.6436640893470791,0.7111576460481099,21.0,51.90359921515883,1,0,0,0,0
0.643932560137457,0.7096327319587629,21.0,52.89626189101278,1,0,0,0,0
0.6477442712511111,0.7138010275977194,20.0,49.77660568625862,1,0,0,0,0
0.6457749212785231,0.7107039641116335,23.0,57.0374906132752,1,0,0,0,0
0.6361394557823129,0.7045174319727892,27.0,67.65487861913213,1,0,0,0,0
0.6407478632478633,0.7086965811965812,23.0,57.98512276432991,1,0,0,0,0
0.6419697457354361,0.7103315094946894,24.0,58.1678774811563,1,0,0,0,0
0.6408119658119659,0.7092628205128205,23.0,57.86060033025133,1,0,0,0,0
0.6433634020618557,0.7105133161512027,18.0,44.61387397032243,1,0,0,0,0
0.6433526632302405,0.7126073883161512,21.0,51.51635119781299,1,0,0,0,0
0.6433526632302405,0.7126073883161512,21.0,51.51635119781299,1,0,0,0,0
0.6427777777777778,0.7111965811965812,25.0,61.93683474251484,1,0,0,0,0
0.6418965075569977,0.7094078217060883,21.0,52.11033176407286,1,0,0,0,0
0.6420299145299145,0.7095619658119658,23.0,58.266242845568975,1,0,0,0,0
0.6407905982905983,0.712008547008547,19.0,47.60686951113024,1,0,0,0,0
0.6407264957264958,0.7108760683760684,22.0,55.35146135079519,1,0,0,0,0
0.6407264957264958,0.7108760683760684,22.0,55.35146135079519,1,0,0,0,0
0.6387542517006802,0.7074085884353741,21.0,52.32368352320896,1,0,0,0,0
0.6387542517006802,0.7074085884353741,21.0,52.32368352320896,1,0,0,0,0
0.6419337606837607,0.7098290598290599,20.0,50.93948344856094,1,0,0,0,0
0.6419337606837607,0.7098290598290599,20.0,50.93948344856094,1,0,0,0,0
0.639260097344377,0.7080522585603279,20.0,50.67963423329604,1,0,0,0,0
0.6420940170940171,0.7084081196581197,20.0,50.07283700341236,1,0,0,0,0
0.6410042735042735,0.7087820512820513,20.0,49.322088031399836,1,0,0,0,0
0.6418302757214891,0.7115223688445446,24.0,60.07303827818662,1,0,0,0,0
0.6395726495726496,0.708034188034188,24.0,59.07616303910166,1,0,0,0,0
0.6423452419268318,0.7082180023602618,19.0,47.232690569629725,1,0,0,0,0
0.6423452419268318,0.7082180023602618,19.0,47.232690569629725,1,0,0,0,0
0.6417444480205986,0.7097199871258448,22.0,55.37293246162536,1,0,0,0,0
0.6465513522840012,0.7120950696631152,24.0,60.07047704876352,1,0,0,0,0
0.6395482879344206,0.706098966783366,25.0,61.29046171588302,1,0,0,0,0
0.6395482879344206,0.706098966783366,25.0,61.29046171588302,1,0,0,0,0
0.6402207326445223,0.7078601315002989,21.0,52.25498795481201,1,0,0,0,0
0.6412606837606838,0.7079914529914529,23.0,58.19933865277621,1,0,0,0,0
0.6412606837606838,0.7079914529914529,23.0,58.19933865277621,1,0,0,0,0
0.6444480205986483,0.7125093874047849,21.0,53.079195720766506,1,0,0,0,0
0.6444480205986483,0.7125093874047849,21.0,53.079195720766506,1,0,0,0,0
0.6433751743375175,0.7117262096341594,21.0,52.927289034057466,1,0,0,0,0
0.6410149572649573,0.7096047008547008,21.0,52.9134933257551,1,0,0,0,0
0.6409615384615385,0.7071047008547009,22.0,55.13101975067419,1,0,0,0,0
0.6443191580756014,0.7102878006872853,25.0,63.675530690302445,1,0,0,0,0
0.6393803418803419,0.7057371794871795,26.0,64.53474519017043,1,0,0,0,0
0.6412294818152559,0.7072202553374102,25.0,61.87658372378369,1,0,0,0,0
0.6412294818152559,0.7072202553374102,25.0,61.87658372378369,1,0,0,0,0
0.6430211350713443,0.7098594571397918,21.0,52.43327587257507,1,0,0,0,0
0.6400320512820513,0.7066239316239317,25.0,62.0499092434494,1,0,0,0,0
0.6435030068728522,0.7096756872852233,22.0,54.96467706479312,1,0,0,0,0
0.6441688144329897,0.7090206185567011,23.0,56.407326862745336,1,0,0,0,0
0.6423969072164949,0.7086447594501718,24.0,58.84541591933318,1,0,0,0,0
0.6435567010309279,0.7100945017182131,24.0,59.42480790834962,1,0,0,0,0
0.64284793814433,0.710180412371134,22.0,55.44437762646099,1,0,0,0,0
0.6411111111111111,0.7073504273504273,25.0,62.043687916125535,1,0,0,0,0
0.6401282051282051,0.7061217948717948,22.0,55.31235595211308,1,0,0,0,0
0.6401282051282051,0.7061217948717948,22.0,55.31235595211308,1,0,0,0,0
0.6410042735042735,0.7077884615384615,21.0,52.464602169837555,1,0,0,0,0
0.6398504273504273,0.7074252136752137,24.0,61.02990541161017,1,0,0,0,0
0.6432678897114044,0.7096448878875657,21.0,51.85363638130318,1,0,0,0,0
0.6466807574515809,0.7124293663460294,21.0,52.159993403602094,1,0,0,0,0
0.6456670836388733,0.7110921796143727,23.0,56.595601118646506,1,0,0,0,0
0.646227839365052,0.7120950696631152,23.0,57.125742946949586,1,0,0,0,0
0.6446965448820257,0.711793124272096,21.0,51.92834359624671,1,0,0,0,0
0.6446965448820257,0.711793124272096,21.0,51.92834359624671,1,0,0,0,0
0.6459151102100678,0.7121489884829401,20.0,50.100196929392965,1,0,0,0,0
0.6452249493163094,0.7124293663460294,23.0,57.160825740655085,1,0,0,0,0
0.6437177835051546,0.7086447594501718,22.0,53.97169251829178,1,0,0,0,0
0.6461200017254022,0.711749989216236,20.0,50.425725978838564,1,0,0,0,0
0.6416371633944856,0.7092050209205021,20.0,50.55945102723773,1,0,0,0,0
0.6429927101755597,0.7103480999007894,23.0,57.83479013640054,1,0,0,0,0
0.6448151662856404,0.7112000172540224,22.0,56.401773300025425,1,0,0,0,0
0.6400106837606837,0.7061217948717948,16.0,40.522065838418754,1,0,0,0,0
0.6400106837606837,0.7061217948717948,16.0,40.522065838418754,1,0,0,0,0
0.6444909793814433,0.7097830756013745,24.0,58.796906407622686,1,0,0,0,0
0.6446950171821306,0.7111898625429554,27.0,66.8067698540837,1,0,0,0,0
0.6478022689039382,0.7127744467929086,26.0,63.633113888002896,1,0,0,0,0
0.6439540378006873,0.7114153780068728,23.0,56.851919375729466,1,0,0,0,0
0.6407051282051283,0.7077991452991453,22.0,54.96038982630399,1,0,0,0,0
0.6416559829059829,0.7086324786324786,19.0,48.562639081217284,1,0,0,0,0
0.6410576923076923,0.7084615384615385,22.0,53.914855190278274,1,0,0,0,0
0.6445124570446735,0.7111469072164949,21.0,51.09667629575611,1,0,0,0,0
0.6413782051282051,0.7074786324786325,22.0,55.17199099045198,1,0,0,0,0
0.6460600172711571,0.7138061312607945,23.0,56.8828543654462,1,0,0,0,0
0.6460600172711571,0.7138061312607945,23.0,56.8828543654462,1,0,0,0,0
0.6448668384879725,0.7134772336769759,25.0,61.522691117730055,1,0,0,0,0
0.6453004356640641,0.7132381486434025,25.0,60.812584679016,1,0,0,0,0
0.6405106748202982,0.7078746915566999,27.0,67.10483604139124,1,0,0,0,0
0.6416049780066516,0.7069198583842935,24.0,60.79208077225708,1,0,0,0,0
0.6401602564102564,0.7048076923076924,25.0,62.05762829347951,1,0,0,0,0
0.6399893162393162,0.7074358974358974,27.0,66.64779986040982,1,0,0,0,0
0.6396047008547009,0.7059722222222222,24.0,58.977706732398914,1,0,0,0,0
0.6409294871794872,0.707275641025641,21.0,53.10276292923546,1,0,0,0,0
0.6435889175257732,0.7086984536082475,23.0,57.40898775755328,1,0,0,0,0
0.6435889175257732,0.7086984536082475,23.0,57.40898775755328,1,0,0,0,0
0.6422649572649572,0.70625,25.0,61.12603898429976,1,0,0,0,0
0.6447379725085911,0.7113724226804123,20.0,49.989686847454536,1,0,0,0,0
0.6436963058419244,0.708655498281787,22.0,54.521521467978616,1,0,0,0,0
0.64284793814433,0.7096542096219931,25.0,62.90050146662167,1,0,0,0,0
0.640940170940171,0.7073717948717949,24.0,59.90041311831229,1,0,0,0,0
0.6424358974358975,0.7078525641025641,24.0,59.92956521759181,1,0,0,0,0
0.6409081196581197,0.7068696581196581,22.0,54.19001342603127,1,0,0,0,0
0.6404807692307692,0.7062072649572649,19.0,48.13250526154682,1,0,0,0,0
0.6404807692307692,0.7062072649572649,19.0,48.13250526154682,1,0,0,0,0
0.6421047008547008,0.7075641025641025,25.0,61.714696623361874,1,0,0,0,0
0.6419551282051282,0.7087179487179487,21.0,51.89607561949114,1,0,0,0,0
0.6425213675213676,0.7084188034188034,22.0,54.275863204618915,1,0,0,0,0
0.6406410256410257,0.7074145299145299,23.0,56.340326215839774,1,0,0,0,0
0.642321735395189,0.7100945017182131,19.0,48.66669656449053,1,0,0,0,0
0.6433741408934708,0.7103200171821306,22.0,54.84547587919575,1,0,0,0,0
0.6426116838487973,0.7097508591065292,26.0,65.46316250571068,1,0,0,0,0
0.6402884615384615,0.7058867521367521,22.0,55.83116348318431,1,0,0,0,0
0.6445231958762887,0.7093320446735395,24.0,60.29856173423843,1,0,0,0,0
0.6449420103092783,0.708301116838488,23.0,57.464184083979056,1,0,0,0,0
0.6424038461538462,0.7059508547008547,22.0,54.52507391624207,1,0,0,0,0
0.6415705128205128,0.7067628205128205,27.0,66.39881662008747,1,0,0,0,0
0.6412606837606838,0.7077350427350427,23.0,57.97034862411299,1,0,0,0,0
0.6412606837606838,0.7077350427350427,23.0,57.97034862411299,1,0,0,0,0
0.6398717948717949,0.7088247863247863,21.0,53.69010727306424,1,0,0,0,0
0.6439540378006873,0.7096005154639176,26.0,65.04082572528685,1,0,0,0,0
0.6439540378006873,0.7096005154639176,26.0,65.04082572528685,1,0,0,0,0
0.6446641935901307,0.71008928956563,20.0,49.99631399181688,1,0,0,0,0
0.6418277491408935,0.7072272336769759,22.0,54.68806367984848,1,0,0,0,0
0.6488932729204153,0.7149500292670237,21.0,51.97427291654068,1,0,0,0,0
0.6488932729204153,0.7149500292670237,21.0,51.97427291654068,1,0,0,0,0
0.642321735395189,0.7102770618556701,20.0,49.28350205815052,1,0,0,0,0
0.6474392361111111,0.7145182291666666,25.0,62.369055561156635,1,0,0,0,0
0.6434153713298791,0.7088298791018999,23.0,57.93219934209054,1,0,0,0,0
0.6437176165803109,0.7113881692573403,21.0,52.23205669025971,1,0,0,0,0
0.644084628670121,0.7101683937823834,18.0,45.21176170370434,1,0,0,0,0
0.6444192573402417,0.7088622625215889,25.0,61.866536333322976,1,0,0,0,0
0.6404746563573883,0.706958762886598,26.0,64.60995906588778,1,0,0,0,0
0.6446857611180606,0.7095069663115213,29.0,70.98235117721111,1,0,0,0,0
0.6422787800687285,0.7079896907216495,23.0,57.40064314784776,1,0,0,0,0
0.6422787800687285,0.7079896907216495,23.0,57.40064314784776,1,0,0,0,0
0.6401495726495726,0.7046581196581196,23.0,57.23021587042112,1,0,0,0,0
0.64,0.7057799145299145,24.0,59.86472079003994,1,0,0,0,0
0.645401554404145,0.7127698618307426,20.0,49.368017140794095,1,0,0,0,0
0.6394444444444445,0.705267094017094,23.0,57.12657344488018,1,0,0,0,0
0.6422573024054983,0.7096219931271478,22.0,54.49820502237351,1,0,0,0,0
0.6390064102564103,0.7068910256410257,20.0,49.26286333715126,1,0,0,0,0
0.6412048969072165,0.7096112542955326,21.0,52.02064857737384,1,0,0,0,0
0.6409901202749141,0.7099763745704467,22.0,54.77969503257813,1,0,0,0,0
0.6406894329896907,0.7090957903780069,23.0,56.60691725814313,1,0,0,0,0
0.6403994845360824,0.7072809278350516,19.0,48.2991548322381,1,0,0,0,0
0.6377147766323024,0.7070768900343642,24.0,59.097892642531626,1,0,0,0,0
0.6377266839378238,0.7086355785837651,25.0,62.16623182335362,1,0,0,0,0
0.6382772020725389,0.7061960276338515,22.0,55.15127224541273,1,0,0,0,0
0.6416232638888889,0.7079752604166667,22.0,55.1420301457363,1,0,0,0,0
0.6382232297063903,0.7046740069084628,25.0,61.733776492020546,1,0,0,0,0
0.6382232297063903,0.7046740069084628,25.0,61.733776492020546,1,0,0,0,0
0.6384283246977548,0.7050194300518134,24.0,60.77440782488656,1,0,0,0,0
0.6409071180555556,0.7085394965277778,25.0,61.28081682817999,1,0,0,0,0
0.6409071180555556,0.7085394965277778,25.0,61.28081682817999,1,0,0,0,0
0.637683506044905,0.7061420552677029,24.0,60.34469782293431,1,0,0,0,0
0.6360395189003436,0.7039304123711341,27.0,67.30842564739264,1,0,0,0,0
0.6442972662431982,0.7114596657055521,19.0,47.35008673647767,1,0,0,0,0
0.6442249568221071,0.7090889464594128,20.0,50.08464726599145,1,0,0,0,0
0.6442249568221071,0.7090889464594128,20.0,50.08464726599145,1,0,0,0,0
0.6400918776689816,0.709668722770996,21.0,52.03974860903481,1,0,0,0,0
0.639014175257732,0.709203178694158,24.0,59.655453949551756,1,0,0,0,0
0.6395401554404145,0.706509067357513,27.0,66.15729042441613,1,0,0,0,0
0.6429423114444902,0.7109068441476792,24.0,59.2148849307979,1,0,0,0,0
0.6440027894002789,0.7106650976290098,23.0,57.46390962419045,1,0,0,0,0
0.6354166666666666,0.7053864421416235,22.0,54.4488496773511,1,0,0,0,0
0.6413114539748954,0.7094774232914923,20.0,50.565554777606565,1,0,0,0,0
0.6371221934369603,0.7028065630397237,25.0,62.98856639598568,1,0,0,0,0
0.6371221934369603,0.7028065630397237,25.0,62.98856639598568,1,0,0,0,0
0.6366796200345423,0.7045120898100172,23.0,58.32708987964807,1,0,0,0,0
0.6429973821989529,0.712565445026178,20.0,49.16185550036153,1,0,0,0,0
0.64033203125,0.7092556423611112,21.0,51.24833401875181,1,0,0,0,0
0.6387737478411053,0.7034434369602763,20.0,50.99552264948684,1,0,0,0,0
0.6390975820379965,0.7064766839378238,18.0,44.83609986788456,1,0,0,0,0
0.6334729381443299,0.7013530927835051,22.0,55.11233477634479,1,0,0,0,0
0.6334729381443299,0.7013530927835051,22.0,55.11233477634479,1,0,0,0,0
0.6426866319444444,0.7114800347222222,21.0,53.386880359092046,1,0,0,0,0
0.6391839378238342,0.7061960276338515,26.0,65.04968385886477,1,0,0,0,0
0.6413194444444444,0.7109700520833333,20.0,49.21156718719978,1,0,0,0,0
0.64150390625,0.7096137152777777,22.0,55.72302267981505,1,0,0,0,0
0.6386226252158894,0.7057426597582038,24.0,60.425484111565375,1,0,0,0,0
0.6374352331606218,0.7054835924006908,21.0,52.34068108152554,1,0,0,0,0
0.6379857512953367,0.7071567357512953,22.0,54.27126332901871,1,0,0,0,0
0.6379857512953367,0.7071567357512953,22.0,54.27126332901871,1,0,0,0,0
0.6390220207253886,0.7072970639032815,24.0,59.06833956819894,1,0,0,0,0
0.6424370659722223,0.7091796875,24.0,58.47927352406819,1,0,0,0,0
0.6389464594127806,0.7076748704663213,21.0,52.45480730351665,1,0,0,0,0
0.6403645833333333,0.7097764756944445,22.0,54.6011571528697,1,0,0,0,0
0.6386118307426597,0.7080742659758203,22.0,54.962354565703166,1,0,0,0,0
0.6425238715277778,0.7108723958333333,25.0,62.4505375421126,1,0,0,0,0
0.6392487046632125,0.7075237478411054,21.0,52.99061537312414,1,0,0,0,0
0.6406032986111111,0.7084526909722222,23.0,56.87183518700519,1,0,0,0,0
0.6406032986111111,0.7084526909722222,23.0,56.87183518700519,1,0,0,0,0
0.6380967881944445,0.7050455729166667,26.0,64.86570375631618,1,0,0,0,0
0.6407448570432357,0.7084640864714087,22.0,54.67243824222709,1,0,0,0,0
0.6356797537234158,0.7049667223101437,24.0,59.786761744314646,1,0,0,0,0
0.6380208333333334,0.7059035041841004,25.0,62.92622213779515,1,0,0,0,0
0.638587430264993,0.7076359832635983,21.0,52.06176558411621,1,0,0,0,0
0.6354493549511855,0.703876830543933,24.0,59.35762894691478,1,0,0,0,0
0.6340494791666667,0.70234375,21.0,52.79329828081843,1,0,0,0,0
0.6340494791666667,0.70234375,21.0,52.79329828081843,1,0,0,0,0
0.6352639616055846,0.7036321989528795,24.0,58.68992961156772,1,0,0,0,0
0.6352639616055846,0.7036321989528795,24.0,58.68992961156772,1,0,0,0,0
0.6375986842105263,0.7046162280701754,22.0,54.550050556537705,1,0,0,0,0
0.6386317101397667,0.7089935903142527,23.0,58.053200944506884,1,0,0,0,0
0.6324633061034735,0.6965530982267384,24.0,60.77671492586902,1,0,0,0,0
0.6324633061034735,0.6965530982267384,24.0,60.77671492586902,1,0,0,0,0
0.6365619157838511,0.701103890323155,18.0,46.09809455558617,1,0,0,0,0
0.6366509391970088,0.7027285676132823,22.0,55.34124795315876,1,0,0,0,0
0.6369959049229947,0.7033739873586753,26.0,65.25478156742975,1,0,0,0,0
0.6361050231343118,0.7031391822186801,26.0,64.57365428028083,1,0,0,0,0
0.6361050231343118,0.7031391822186801,26.0,64.57365428028083,1,0,0,0,0
0.6348763587257311,0.7013902725199797,27.0,66.99628165649366,1,0,0,0,0
0.6414248197275884,0.7074690643639278,24.0,61.03417670593625,1,0,0,0,0
0.6374443780301521,0.7045449514068761,25.0,63.0611796258557,1,0,0,0,0
0.639093666290319,0.7051758871842554,21.0,52.596572978806,1,0,0,0,0
0.6350977397002502,0.704810608576299,21.0,52.684385682151714,1,0,0,0,0
0.6342876018498128,0.7048227262717464,21.0,52.319656329954206,1,0,0,0,0
0.6345188284518829,0.704745650737723,24.0,61.12327170119435,1,0,0,0,0
0.6343096234309623,0.702003963884607,23.0,58.129829463459956,1,0,0,0,0
0.6343096234309623,0.702003963884607,23.0,58.129829463459956,1,0,0,0,0
0.6374807311164942,0.7032481832195552,21.0,52.52982980923607,1,0,0,0,0
0.6372274829332746,0.7012442193349483,25.0,63.47648156986033,1,0,0,0,0
0.6448410932075136,0.7131109231727945,22.0,54.98309173732264,1,0,0,0,0
0.640488366429789,0.7078103207810321,23.0,57.79673571128867,1,0,0,0,0
0.6409089902813753,0.7098027495517035,22.0,55.69608265269477,1,0,0,0,0
0.6381634001321295,0.7040739925126624,27.0,66.48998358175177,1,0,0,0,0
0.6338145413919254,0.7003986943854191,23.0,56.59439880383888,1,0,0,0,0
0.6365998678705131,0.704789693900022,25.0,61.73217653984252,1,0,0,0,0
0.6321277574536135,0.7011325549300094,25.0,62.79783566393089,1,0,0,0,0
0.6321277574536135,0.7011325549300094,25.0,62.79783566393089,1,0,0,0,0
0.6344207840204145,0.7052334022614282,23.0,57.30081704160583,1,0,0,0,0
0.6344207840204145,0.7052334022614282,23.0,57.30081704160583,1,0,0,0,0
0.631363319386332,0.6989517956764296,22.0,56.288361344301485,1,0,0,0,0
0.6377009469279894,0.7068597225280775,22.0,54.8981543391267,1,0,0,0,0
0.6359394510285,0.7052618896361366,21.0,52.68077372183884,1,0,0,0,0
0.633760460251046,0.7044870118549512,23.0,56.595430061625926,1,0,0,0,0
0.6355256276150628,0.7048138947001394,20.0,51.75940898285676,1,0,0,0,0
0.6307962731311737,0.7010632791269464,25.0,61.92813100167471,1,0,0,0,0
0.6378138075313807,0.7077449442119944,22.0,54.94121570488562,1,0,0,0,0
0.6378138075313807,0.7077449442119944,22.0,54.94121570488562,1,0,0,0,0
0.6327265668809041,0.7027347625415175,21.0,52.01795202457328,1,0,0,0,0
0.6350076961432567,0.7062674789169033,21.0,53.91836133519204,1,0,0,0,0
0.637083769177127,0.7072219316596932,19.0,47.43338853840582,1,0,0,0,0
0.6383477161785216,0.7066335425383543,18.0,45.06745261023798,1,0,0,0,0
0.6327180483592401,0.6999136442141624,23.0,57.49769805162358,1,0,0,0,0
0.6306670984455959,0.6994818652849741,19.0,47.876852637205666,1,0,0,0,0
0.6353949652777777,0.7027994791666666,22.0,54.81891198916821,1,0,0,0,0
0.6347258655451254,0.7044464196674399,26.0,64.05190021400217,1,0,0,0,0
0.6359182257679884,0.703254059444577,23.0,58.4893021558855,1,0,0,0,0
0.6359182257679884,0.703254059444577,23.0,58.4893021558855,1,0,0,0,0
0.6407121687587168,0.7090633716875872,24.0,58.83800868870499,1,0,0,0,0
0.6344559585492228,0.7039507772020726,21.0,52.14952100412424,1,0,0,0,0
0.6347366148531952,0.7031843696027634,22.0,54.436602286022335,1,0,0,0,0
0.6358462199312714,0.7067439862542956,20.0,49.77020824434932,1,0,0,0,0
0.636694587628866,0.7047573024054983,19.0,47.677246606726094,1,0,0,0,0
0.6383449079066558,0.7070267005995773,19.0,49.27919766635288,1,0,0,0,0
0.6375214776632302,0.7052835051546392,21.0,53.1848624826213,1,0,0,0,0
0.6363831615120275,0.7065614261168385,23.0,58.162077067117984,1,0,0,0,0
0.6388840961049045,0.7082021308717594,21.0,52.68591020460032,1,0,0,0,0
0.6390975820379965,0.7095746977547496,21.0,52.24704986904243,1,0,0,0,0
0.6390975820379965,0.7095746977547496,21.0,52.24704986904243,1,0,0,0,0
0.6339423076923076,0.7017521367521368,24.0,60.68402956281872,1,0,0,0,0
0.6363616838487972,0.7034686426116838,25.0,60.75461159370119,1,0,0,0,0
0.6363616838487972,0.7034686426116838,25.0,60.75461159370119,1,0,0,0,0
0.6353395558416479,0.7062225083145586,22.0,54.937563306070494,1,0,0,0,0
0.6414614156925333,0.7115558814648665,16.0,40.02246288537085,1,0,0,0,0
0.6394340680671181,0.7097981279385757,23.0,57.128264144774654,1,0,0,0,0
0.6394340680671181,0.7097981279385757,23.0,57.128264144774654,1,0,0,0,0
0.637854381443299,0.7074634879725086,23.0,55.840134842645384,1,0,0,0,0
0.636608676975945,0.7062822164948453,19.0,46.55420264727246,1,0,0,0,0
0.6378822014805279,0.7075957515288059,25.0,62.92404379956745,1,0,0,0,0
0.6343910256410257,0.7045619658119658,24.0,59.67242248704428,1,0,0,0,0
0.6350534188034188,0.7053311965811966,22.0,54.46130924798709,1,0,0,0,0
0.639466419359013,0.7091079670448174,24.0,58.56967439069223,1,0,0,0,0
0.6374316060508529,0.7095268747988414,21.0,53.15147404890895,1,0,0,0,0
0.6357585470085471,0.7065064102564103,22.0,54.937226051771376,1,0,0,0,0
0.6357585470085471,0.7065064102564103,22.0,54.937226051771376,1,0,0,0,0
0.638128956120588,0.7086149554768801,18.0,45.77974204514662,1,0,0,0,0
0.6404153905879308,0.7104667213044041,21.0,53.09866736231852,1,0,0,0,0
0.6340064102564102,0.7032371794871795,20.0,51.13844358193925,1,0,0,0,0
0.6405232282275806,0.7094530474916965,19.0,47.52697157192174,1,0,0,0,0
0.6408575249104947,0.7105529914161239,21.0,51.461952446514715,1,0,0,0,0
0.6402967691843161,0.7094099124358366,28.0,69.77466625670309,1,0,0,0,0
0.6406202821032653,0.7097334253547858,21.0,53.01341417811138,1,0,0,0,0
0.6407928223267049,0.7115127464090066,26.0,64.7583304671285,1,0,0,0,0
0.6440154356450669,0.7135083573611984,22.0,54.53955876698226,1,0,0,0,0
0.6440154356450669,0.7135083573611984,22.0,54.53955876698226,1,0,0,0,0
0.6417849286114825,0.7095932364232411,23.0,56.12761132895809,1,0,0,0,0
0.6396907216494845,0.7078286082474227,19.0,48.0207319049527,1,0,0,0,0
0.6356944444444445,0.7034188034188035,25.0,62.04463626023831,1,0,0,0,0
0.6362606837606838,0.7045726495726495,26.0,64.28385566463864,1,0,0,0,0
0.6362713675213675,0.705448717948718,24.0,58.70485923684497,1,0,0,0,0
0.6354594017094017,0.704647435897436,25.0,61.783822816397084,1,0,0,0,0
0.6376032614526338,0.7051496620534278,25.0,61.43116356274914,1,0,0,0,0
0.6354059829059829,0.7032799145299146,26.0,64.88590543760029,1,0,0,0,0
0.6354059829059829,0.7032799145299146,26.0,64.88590543760029,1,0,0,0,0
0.6377212745413582,0.7063512498658943,21.0,52.27552456042986,1,0,0,0,0
0.6358012820512821,0.7058119658119658,19.0,48.307437949644076,1,0,0,0,0
0.6358226495726496,0.7054059829059829,22.0,55.222336026561294,1,0,0,0,0
0.6358226495726496,0.7054059829059829,22.0,55.222336026561294,1,0,0,0,0
0.6389390034364261,0.706335910652921,22.0,54.324615232521126,1,0,0,0,0
0.6380476804123711,0.707409793814433,22.0,54.12729174889594,1,0,0,0,0
0.6380476804123711,0.707409793814433,22.0,54.12729174889594,1,0,0,0,0
0.6387779209621993,0.7089776632302406,19.0,48.51621770399019,1,0,0,0,0
0.6385094501718213,0.7081400343642612,22.0,55.00901434767494,1,0,0,0,0
0.6377792096219931,0.706518470790378,17.0,42.417652345475254,1,0,0,0,0
0.6331303418803419,0.7036004273504274,21.0,52.08666686301861,1,0,0,0,0
0.6385309278350515,0.70534793814433,20.0,49.90940047745524,1,0,0,0,0
0.6363616838487972,0.7049828178694159,20.0,49.622431371122026,1,0,0,0,0
0.6368449312714777,0.7043921821305842,23.0,56.198361247111116,1,0,0,0,0
0.6374892611683849,0.7049183848797251,20.0,50.36336762345833,1,0,0,0,0
0.6401565802527714,0.7098843980502955,23.0,56.101427393575925,1,0,0,0,0
0.6388101374570446,0.7086447594501718,18.0,45.0680967492318,1,0,0,0,0
0.6368522690698423,0.7081429031219826,20.0,50.78196904446094,1,0,0,0,0
0.6366913421306727,0.7079712477202017,25.0,62.64841580130871,1,0,0,0,0
0.636390945177556,0.707531380753138,22.0,54.68574208137811,1,0,0,0,0
0.6370024675464006,0.7087007831777706,18.0,45.12118129480637,1,0,0,0,0
0.633034188034188,0.7038354700854701,24.0,58.48962932319522,1,0,0,0,0
0.633034188034188,0.7038354700854701,24.0,58.48962932319522,1,0,0,0,0
0.6328846153846154,0.7029166666666666,23.0,57.014834403862956,1,0,0,0,0
0.6328846153846154,0.7029166666666666,23.0,57.014834403862956,1,0,0,0,0
0.6390328151986183,0.7094883419689119,18.0,45.353360574524984,1,0,0,0,0
0.6364905498281787,0.707581615120275,19.0,47.766794388856,1,0,0,0,0
0.6372422680412371,0.70759235395189,21.0,52.40712968906697,1,0,0,0,0
0.6372422680412371,0.70759235395189,21.0,52.40712968906697,1,0,0,0,0
0.6367482817869415,0.7077749140893471,18.0,45.09617760891369,1,0,0,0,0
0.6379295532646048,0.7087414089347079,19.0,47.044357413931856,1,0,0,0,0
0.6350900457714848,0.7063459810925269,21.0,51.86035258481585,1,0,0,0,0
0.6399948237932969,0.7105961264719838,20.0,49.05378079562429,1,0,0,0,0
0.638305412371134,0.7078393470790378,20.0,49.725705266601736,1,0,0,0,0
0.6373389175257732,0.7076460481099657,22.0,54.92151495672935,1,0,0,0,0
0.6375751718213059,0.7071305841924399,25.0,61.82670476455299,1,0,0,0,0
0.6367697594501718,0.7048324742268042,21.0,51.70534147102127,1,0,0,0,0
0.6369630584192439,0.7059385738831615,19.0,47.49313686966892,1,0,0,0,0
0.634465811965812,0.7021688034188034,22.0,55.04852306167767,1,0,0,0,0
0.6389572538860103,0.7081714162348878,21.0,52.19385260514869,1,0,0,0,0
0.6380584192439862,0.7067332474226804,23.0,58.22776049723589,1,0,0,0,0
0.6414831606217617,0.7089378238341969,22.0,54.71991658903179,1,0,0,0,0
0.6411269430051814,0.709412780656304,26.0,65.42128140487186,1,0,0,0,0
0.6369093642611684,0.7071198453608247,23.0,58.5363539115214,1,0,0,0,0
0.6401673640167364,0.7105853427080188,22.0,54.61640724836287,1,0,0,0,0
0.6418604149592374,0.710941206918863,24.0,59.357917955358985,1,0,0,0,0
0.6399948237932969,0.7086226976663935,24.0,59.36848003017154,1,0,0,0,0
0.6406957684510202,0.7073825648104214,23.0,57.40973099337351,1,0,0,0,0
0.6363802167149447,0.7046132389228623,20.0,51.52613803419675,1,0,0,0,0
0.6388733123409395,0.7078786179528103,25.0,61.97213383543856,1,0,0,0,0
0.6374606392615279,0.7068110253202778,21.0,52.38278173576877,1,0,0,0,0
0.6350284304259199,0.7063834352537282,22.0,56.02090730973126,1,0,0,0,0
0.6379782599318466,0.7080188068843549,18.0,45.54025565195366,1,0,0,0,0
0.639466419359013,0.707522753741966,22.0,54.768470769335096,1,0,0,0,0
0.6406957684510202,0.7096040201872061,22.0,55.82713941683832,1,0,0,0,0
0.6385902417962004,0.7090673575129534,20.0,50.163415039500244,1,0,0,0,0
0.6385902417962004,0.7090673575129534,20.0,50.163415039500244,1,0,0,0,0
0.6353307560137457,0.7038445017182131,24.0,59.33869615310098,1,0,0,0,0
0.6355455326460481,0.7042740549828179,24.0,60.77101747847008,1,0,0,0,0
0.642967660390516,0.7118745641562064,21.0,51.914314853627296,1,0,0,0,0
0.642967660390516,0.7118745641562064,21.0,51.914314853627296,1,0,0,0,0
0.6367704783677695,0.7068541603761377,24.0,59.5284359663076,1,0,0,0,0
0.6390400416242115,0.7083812084028877,18.0,46.12693198758109,1,0,0,0,0
0.6429567642956764,0.7109157078103208,19.0,47.51614099301907,1,0,0,0,0
0.6390942398161598,0.7105274568040411,15.0,37.62695847772909,1,0,0,0,0
0.6393869100526807,0.7093459362195678,20.0,50.428086116358294,1,0,0,0,0
0.633643186817927,0.7051287581417418,21.0,53.31673016096674,1,0,0,0,0
0.6351685003898466,0.7083405527159318,22.0,53.97502706998383,1,0,0,0,0
0.6384005029592212,0.7071021310729074,19.0,48.221077278840575,1,0,0,0,0
0.636587154380365,0.7064982961652936,19.0,47.645534569489094,1,0,0,0,0
0.6368998835353492,0.706735538972523,21.0,52.36263081093108,1,0,0,0,0
0.6376547470128974,0.7082021308717594,22.0,54.633997813864674,1,0,0,0,0
0.6376547470128974,0.7082021308717594,22.0,54.633997813864674,1,0,0,0,0
0.6417716304984066,0.7107984477637826,25.0,61.09255877754848,1,0,0,0,0
0.6433708158995816,0.7132474721059973,21.0,51.393400849277626,1,0,0,0,0
0.6426407775453278,0.7131494072524407,22.0,54.20024442197184,1,0,0,0,0
0.6391701172848874,0.7087172371929672,22.0,55.51931341495685,1,0,0,0,0
0.6391267587313287,0.7078934246753529,24.0,60.02848858497204,1,0,0,0,0
0.6391267587313287,0.7078934246753529,24.0,60.02848858497204,1,0,0,0,0
0.6376978820687573,0.7078894017167752,19.0,48.13062826516552,1,0,0,0,0
0.6377625846525471,0.7070590518914722,22.0,54.18712566344764,1,0,0,0,0
0.6454192817294282,0.7139121338912134,22.0,54.66942119612403,1,0,0,0,0
0.6363373028644995,0.7047848943246433,24.0,59.14133412263237,1,0,0,0,0
0.6406202821032653,0.7086981840141483,24.0,59.53374057750246,1,0,0,0,0
0.6407928223267049,0.7099598843980502,21.0,51.98655918438319,1,0,0,0,0
0.6402859854203511,0.7080619419402148,21.0,51.69157738265608,1,0,0,0,0
0.6397360134581375,0.7079433205366001,22.0,55.74536510881637,1,0,0,0,0
0.6411104125566371,0.71248943135257,17.0,43.14062814683433,1,0,0,0,0
0.6411104125566371,0.71248943135257,17.0,43.14062814683433,1,0,0,0,0
0.6419667439894206,0.7130639321872222,18.0,44.930917887060396,1,0,0,0,0
0.6393477979553983,0.7094422637277316,17.0,43.2410860962467,1,0,0,0,0
0.6383214824391295,0.7107950872656755,23.0,57.087093033396584,1,0,0,0,0
0.6383214824391295,0.7107950872656755,23.0,57.087093033396584,1,0,0,0,0
0.6376139899152451,0.7097629009762901,20.0,49.14082968658944,1,0,0,0,0
0.6363694882523334,0.7100525694667954,20.0,49.022528083623634,1,0,0,0,0
0.6340940141747076,0.7073584663991119,21.0,52.52893042606546,1,0,0,0,0
0.6382255122840896,0.7092586632335587,21.0,52.70378773318432,1,0,0,0,0
0.6376032614526338,0.7086149554768801,19.0,47.24936171750812,1,0,0,0,0
0.6365332355605401,0.7074796186861062,23.0,56.74097289997734,1,0,0,0,0
0.636996336996337,0.7086942469295411,21.0,52.51142913450033,1,0,0,0,0
0.6378582202111613,0.7092544710191769,24.0,59.4203410095344,1,0,0,0,0
0.6388193935211146,0.7101755596773498,22.0,55.25056519645342,1,0,0,0,0
0.6388193935211146,0.7101755596773498,22.0,55.25056519645342,1,0,0,0,0
0.6364338590280013,0.7090011801308872,20.0,49.27606379097798,1,0,0,0,0
0.6350546494748527,0.7050849628554351,26.0,63.783564179896246,1,0,0,0,0
0.6369380967707328,0.7075206522905267,20.0,51.40953292835222,1,0,0,0,0
0.638204055358867,0.7068018452955691,20.0,50.6200484075219,1,0,0,0,0
0.6409869300780745,0.7099814519259803,19.0,48.8313162622266,1,0,0,0,0
0.639466419359013,0.7078678341888452,20.0,50.17914920499996,1,0,0,0,0
0.6413085852897861,0.7112644026682838,21.0,52.767636593199846,1,0,0,0,0
0.6413085852897861,0.7112644026682838,21.0,52.767636593199846,1,0,0,0,0
0.6367700926524456,0.7068411980176686,23.0,56.33086786605504,1,0,0,0,0
0.6367700926524456,0.7068411980176686,23.0,56.33086786605504,1,0,0,0,0
0.6352187028657617,0.7079616461969404,22.0,54.65653690471671,1,0,0,0,0
0.6363380403707874,0.7101165208351382,22.0,55.300922156395586,1,0,0,0,0
0.6363380403707874,0.7101165208351382,22.0,55.300922156395586,1,0,0,0,0
0.6371827081348003,0.7105930000866326,20.0,49.98395479191774,1,0,0,0,0
0.6371827081348003,0.7105930000866326,20.0,49.98395479191774,1,0,0,0,0
0.6315061738981307,0.7039530097753387,24.0,58.93807125004143,1,0,0,0,0
0.6332533013205283,0.7040709140799177,20.0,50.307405157670985,1,0,0,0,0
0.6398250021658147,0.7101706662046262,21.0,51.68170922154792,1,0,0,0,0
0.6398250021658147,0.7101706662046262,21.0,51.68170922154792,1,0,0,0,0
0.6357789269553975,0.7075522516698988,22.0,54.083975181264734,1,0,0,0,0
0.6352009876115394,0.7057199168327125,21.0,51.699278913847024,1,0,0,0,0
0.6429006835894979,0.7125549701745983,22.0,55.98272654419636,1,0,0,0,0
0.6429006835894979,0.7125549701745983,22.0,55.98272654419636,1,0,0,0,0
0.6377073906485671,0.708338720103426,23.0,56.86215082944786,1,0,0,0,0
0.6377073906485671,0.708338720103426,23.0,56.86215082944786,1,0,0,0,0
0.6431820150740709,0.7114160097028502,20.0,50.02351551249582,1,0,0,0,0
0.6443919536726608,0.7135564070187661,21.0,51.37718276378193,1,0,0,0,0
0.6405938664125443,0.7109828467469462,22.0,53.59311789755979,1,0,0,0,0
0.6398791475353027,0.7111452828554102,22.0,54.71700270840973,1,0,0,0,0
0.635477267830209,0.707099762982116,20.0,50.84750030720086,1,0,0,0,0
0.6394026682838083,0.7098349649138006,21.0,52.22981121480574,1,0,0,0,0
0.637351863822452,0.7056561085972851,17.0,42.52574091902998,1,0,0,0,0
0.637351863822452,0.7056561085972851,17.0,42.52574091902998,1,0,0,0,0
0.6349747881128635,0.7067052891320674,21.0,52.06776677967577,1,0,0,0,0
0.6384743130742354,0.7106392615278436,24.0,59.81031199057871,1,0,0,0,0
0.6361012766870507,0.7065014483424525,20.0,50.61498423093197,1,0,0,0,0
0.6433227930347397,0.7111344537815126,19.0,46.664693365589535,1,0,0,0,0
0.6425106124924197,0.7140149874382743,21.0,52.133634490371186,1,0,0,0,0
0.6410595165901413,0.7126613532010743,23.0,57.98532190330531,1,0,0,0,0
0.6352966419912026,0.7060508529127776,24.0,59.19000209978374,1,0,0,0,0
0.6352966419912026,0.7060508529127776,24.0,59.19000209978374,1,0,0,0,0
0.642497886270514,0.7128362997810394,19.0,48.32490167988982,1,0,0,0,0
0.6380198233139409,0.708586511527688,22.0,55.94893613770704,1,0,0,0,0
0.637395936677738,0.7077060777293707,17.0,43.70579643641508,1,0,0,0,0
0.6370932988580047,0.7045464339581987,20.0,50.313525154515844,1,0,0,0,0
0.6371371263425786,0.7061208644265194,17.0,42.67487611157052,1,0,0,0,0
0.6359509123064314,0.7068325928482078,22.0,54.623017854195965,1,0,0,0,0
0.632346314773093,0.7024782748632121,25.0,62.13530733127744,1,0,0,0,0
0.6405575909987643,0.7109176837860689,20.0,49.29167090337007,1,0,0,0,0
0.639148438008108,0.7086088408090706,23.0,57.19899178574459,1,0,0,0,0
0.6415402719665272,0.710185669456067,22.0,54.53458805783375,1,0,0,0,0
0.6386119214525189,0.7108895371620151,18.0,44.8067340380301,1,0,0,0,0
0.6386119214525189,0.7108895371620151,18.0,44.8067340380301,1,0,0,0,0
0.6379336645746164,0.7089762029288703,24.0,59.85489928617124,1,0,0,0,0
0.6379551820728291,0.706155899859944,20.0,50.70774421886155,1,0,0,0,0
0.6379551820728291,0.706155899859944,20.0,50.70774421886155,1,0,0,0,0
0.6337611377284453,0.7033624558284736,21.0,51.60472046115824,1,0,0,0,0
0.6398543710677989,0.709061111355537,25.0,62.48126708882214,1,0,0,0,0
0.6388888888888888,0.7074542897327707,21.0,51.81179714962925,1,0,0,0,0
0.6397706938829612,0.709413038195595,21.0,52.20311082783124,1,0,0,0,0
0.6371639384098792,0.7063975964830892,21.0,53.09629210454702,1,0,0,0,0
0.6395975685508918,0.7110657556127429,23.0,57.199925041738574,1,0,0,0,0
0.6336585794655415,0.7062785689170182,24.0,59.17141896538432,1,0,0,0,0
0.6350870253164557,0.7067620428973277,23.0,56.46497804874604,1,0,0,0,0
0.6396539548022598,0.7106616348870056,24.0,60.319235236307236,1,0,0,0,0
0.6396539548022598,0.7106616348870056,24.0,60.319235236307236,1,0,0,0,0
0.6391855661040787,0.7087948312236287,23.0,57.26248773105946,1,0,0,0,0
0.635851861568396,0.7055267702936097,22.0,55.1582398474847,1,0,0,0,0
0.639898367724053,0.710820977605702,24.0,58.73103322581108,1,0,0,0,0
0.6340945704706753,0.7036400052248879,28.0,69.32690332301937,1,0,0,0,0
0.637247569184742,0.7102820185665889,21.0,51.63684432315207,1,0,0,0,0
0.6345486111111112,0.7045314697609001,21.0,51.365056536676924,1,0,0,0,0
0.6355207004267676,0.7055743763473976,22.0,54.61301221374091,1,0,0,0,0
0.6355207004267676,0.7055743763473976,22.0,54.61301221374091,1,0,0,0,0
0.6361366536143254,0.7056953671520965,23.0,56.43515138592255,1,0,0,0,0
0.6408066376785873,0.7088140030171266,23.0,58.45075886712925,1,0,0,0,0
0.6408066376785873,0.7088140030171266,23.0,58.45075886712925,1,0,0,0,0
0.6350118172268907,0.7027092086834734,24.0,59.85272260944374,1,0,0,0,0
0.6377461322081576,0.7066082102672293,23.0,58.753424353148574,1,0,0,0,0
0.6388754454661446,0.7084671564961063,24.0,58.22454950932042,1,0,0,0,0
0.6419908542646962,0.7090816709744405,20.0,50.67104100584884,1,0,0,0,0
0.6387654538255093,0.7066522944256236,21.0,52.448069756565864,1,0,0,0,0
0.6417478516358495,0.7087834404754015,17.0,42.389030001201796,1,0,0,0,0
0.6417478516358495,0.7087834404754015,17.0,42.389030001201796,1,0,0,0,0
0.6332346410066617,0.7025732572821874,26.0,64.47761213388985,1,0,0,0,0
0.6352943748496972,0.7041275879407971,19.0,47.33960784937741,1,0,0,0,0
0.6325053337397135,0.6999390429747029,22.0,55.24557771311041,1,0,0,0,0
0.6325053337397135,0.6999390429747029,22.0,55.24557771311041,1,0,0,0,0
0.6392957341993063,0.7079550224225153,24.0,59.7342945124719,1,0,0,0,0
0.6340482280667236,0.7039089656981702,23.0,56.73745001216837,1,0,0,0,0
0.6343881302521008,0.7045036764705882,21.0,52.08173658234584,1,0,0,0,0
0.6393833509142054,0.7097617791842475,24.0,59.68925975299946,1,0,0,0,0
0.6359418767507002,0.7073047969187675,22.0,55.3955364057976,1,0,0,0,0
0.6366312149859944,0.7069108893557423,22.0,54.882527635557814,1,0,0,0,0
0.6346321478382148,0.7050427126917713,25.0,61.609159122655846,1,0,0,0,0
0.6367844012605042,0.7058604691876751,22.0,54.62481018043751,1,0,0,0,0
0.6394144045052575,0.7091381055039817,20.0,50.17616109714909,1,0,0,0,0
0.6394144045052575,0.7091381055039817,20.0,50.17616109714909,1,0,0,0,0
0.6359065916011304,0.7072115489934062,22.0,53.74340718244539,1,0,0,0,0
0.6359065916011304,0.7072115489934062,22.0,53.74340718244539,1,0,0,0,0
0.6349427150649521,0.7064448290214462,23.0,57.77348363103069,1,0,0,0,0
0.6377315324035373,0.7081701790663909,25.0,61.63602924150556,1,0,0,0,0
0.6365528270060681,0.7052837959210497,27.0,66.60546001666516,1,0,0,0,0
0.6388644463020811,0.7078842008007391,25.0,61.43782413792412,1,0,0,0,0
0.6393044128646223,0.7070812618241014,24.0,58.64463532805402,1,0,0,0,0
0.6353181897759104,0.7038471638655462,24.0,59.33285934434754,1,0,0,0,0
0.6378562509583999,0.7056123901947469,26.0,65.1367975811235,1,0,0,0,0
0.6347054446778712,0.7037049194677871,28.0,68.98320604965595,1,0,0,0,0
0.6347054446778712,0.7037049194677871,28.0,68.98320604965595,1,0,0,0,0
0.6359942167407829,0.7042761068150453,27.0,67.10214718579351,1,0,0,0,0
0.6358871673669467,0.706484156162465,26.0,63.59715568136975,1,0,0,0,0
0.6354932598039216,0.7055540966386554,24.0,58.91514620236259,1,0,0,0,0
0.6367406337535014,0.7056744572829131,27.0,66.6996819634374,1,0,0,0,0
0.6360184698879552,0.705641631652661,26.0,64.63876428203862,1,0,0,0,0
0.6360184698879552,0.705641631652661,26.0,64.63876428203862,1,0,0,0,0
0.6366968662464986,0.7056197478991597,23.0,56.952524031627476,1,0,0,0,0
0.6366968662464986,0.7056197478991597,23.0,56.952524031627476,1,0,0,0,0
0.6376481412517251,0.7069815330018182,25.0,60.84310116467679,1,0,0,0,0
0.6397223810990365,0.708709138105504,24.0,59.910948846337504,1,0,0,0,0
0.6425917735515259,0.7105705440070765,22.0,55.31911412035387,1,0,0,0,0
0.6425917735515259,0.7105705440070765,22.0,55.31911412035387,1,0,0,0,0
0.6403383342865943,0.7093140921289982,21.0,52.789472227199674,1,0,0,0,0
0.6403383342865943,0.7093140921289982,21.0,52.789472227199674,1,0,0,0,0
0.639627835278573,0.709953754679586,25.0,61.89505677001143,1,0,0,0,0
0.6357422944642818,0.7042870599575018,23.0,58.06435049109369,1,0,0,0,0
0.634537448794059,0.7034874805581721,21.0,52.24023265774418,1,0,0,0,0
0.634537448794059,0.7021402440360139,23.0,57.46065781732461,1,0,0,0,0
0.6350412933470613,0.7035970119827378,27.0,65.79539122340697,1,0,0,0,0
0.6355013253302373,0.7045499353764595,26.0,64.97158416994759,1,0,0,0,0
0.638978198634662,0.7082911253027967,25.0,61.52297755298675,1,0,0,0,0
0.638978198634662,0.7082911253027967,25.0,61.52297755298675,1,0,0,0,0
0.6396058136974234,0.7079828231667034,23.0,57.644300439781425,1,0,0,0,0
0.6353260750509321,0.702852198295691,22.0,55.041902340967056,1,0,0,0,0
0.6344169642270368,0.7032246051392145,29.0,71.77208379447666,1,0,0,0,0
0.6377315324035373,0.7059153504333671,23.0,56.542836081692364,1,0,0,0,0
0.6378525232082362,0.7050684148004752,23.0,56.862431685625296,1,0,0,0,0
0.6347565116431905,0.7029069640079739,28.0,68.78777351397588,1,0,0,0,0
0.6381193569698305,0.7057035895177274,22.0,56.18272152474751,1,0,0,0,0
0.6381193569698305,0.7057035895177274,22.0,56.18272152474751,1,0,0,0,0
0.6373155692578727,0.7073772296850914,25.0,63.45479354838774,1,0,0,0,0
0.6373155692578727,0.7073772296850914,25.0,63.45479354838774,1,0,0,0,0
0.6366096176690571,0.70589335210524,22.0,54.659838406241406,1,0,0,0,0
0.6386114655286198,0.7087971314180123,24.0,60.03854654444667,1,0,0,0,0
0.6354137001905846,0.7049771079322658,25.0,61.56553358516322,1,0,0,0,0
0.6354137001905846,0.7049771079322658,25.0,61.56553358516322,1,0,0,0,0
0.6418841220698805,0.710327288810261,20.0,49.37916998150467,1,0,0,0,0
0.6423927465723132,0.710249889429456,19.0,47.122067980120626,1,0,0,0,0
0.6360708887379789,0.7028631514381476,22.0,55.41065423839369,1,0,0,0,0
0.6385344713801752,0.7048044348629504,23.0,57.054868352004455,1,0,0,0,0
0.6353619572829131,0.7012539390756303,25.0,61.512819154193664,1,0,0,0,0
0.6371552498411794,0.703925606256435,21.0,52.65080813786643,1,0,0,0,0
0.6371552498411794,0.703925606256435,21.0,52.65080813786643,1,0,0,0,0
0.6432330827067669,0.7104489164086687,19.0,47.821918386089806,1,0,0,0,0
0.6432330827067669,0.7104489164086687,19.0,47.821918386089806,1,0,0,0,0
0.6389912280701754,0.7064035087719298,27.0,66.61730506598585,1,0,0,0,0
0.6389912280701754,0.7064035087719298,27.0,66.61730506598585,1,0,0,0,0
0.6389364035087719,0.7064802631578947,29.0,70.97620494971778,1,0,0,0,0
0.6357002617801047,0.7054428446771379,25.0,61.376924906480916,1,0,0,0,0
0.6398433719037353,0.7090501121914734,23.0,56.1198501828081,1,0,0,0,0
0.6369580932769612,0.7044294508094372,23.0,57.25504765531291,1,0,0,0,0
0.6383694839192221,0.7054423863786352,18.0,45.14930842048268,1,0,0,0,0
0.6357886904761905,0.7015056022408963,26.0,64.48606045032055,1,0,0,0,0
0.6393594086849399,0.705024418144221,21.0,52.47516722391505,1,0,0,0,0
0.6355370273109243,0.7031359418767507,23.0,58.860154346688105,1,0,0,0,0
0.6382594922785868,0.7059813454177483,24.0,58.8962216359089,1,0,0,0,0
0.6342130602240896,0.7029718137254902,23.0,57.03976053018342,1,0,0,0,0
0.6382845188284518,0.7076414886588857,20.0,51.107586298703666,1,0,0,0,0
0.6389854371067799,0.7071032601522285,22.0,55.54303647502046,1,0,0,0,0
0.6376700475366383,0.7063133913119674,23.0,57.54573763297458,1,0,0,0,0
0.6392204360273067,0.7077846289363576,24.0,59.79586031935269,1,0,0,0,0
0.6387654538255093,0.7066852919178143,22.0,55.24675066140048,1,0,0,0,0
0.6337713563458857,0.702928870292887,26.0,63.99118091144274,1,0,0,0,0
0.6330849023709902,0.7022424163179917,23.0,57.4704774871203,1,0,0,0,0
0.6373752626050421,0.7045365021008403,23.0,57.463916957625294,1,0,0,0,0
0.6373752626050421,0.7045365021008403,23.0,57.463916957625294,1,0,0,0,0
0.6373862044817927,0.7049194677871149,22.0,54.46648477770493,1,0,0,0,0
0.6403273351225307,0.7058163579567953,26.0,63.887155292675956,1,0,0,0,0
0.6367625175070029,0.7040660014005602,19.0,47.579235892525475,1,0,0,0,0
0.6367625175070029,0.7040660014005602,19.0,47.579235892525475,1,0,0,0,0
0.6412402657398037,0.7076752166835321,22.0,55.28112665341424,1,0,0,0,0
0.638469626935968,0.7046266073736555,23.0,57.744456171400415,1,0,0,0,0
0.6408552949975802,0.7085551498086146,23.0,57.939445036571755,1,0,0,0,0
0.6412732632319944,0.7084891548242334,21.0,52.96793825622213,1,0,0,0,0
0.6425586023883237,0.7113777089783282,20.0,50.12088064524099,1,0,0,0,0
0.6327798117154811,0.7019700139470014,24.0,60.427971106241536,1,0,0,0,0
0.6413392582163756,0.7093800871133794,25.0,62.491556187068056,1,0,0,0,0
0.6403713317787848,0.7099740419728101,23.0,57.89019222669353,1,0,0,0,0
0.6386664613489375,0.7072682476131814,19.0,47.35296748530189,1,0,0,0,0
0.637549562969616,0.7064119695940766,28.0,68.74954948812268,1,0,0,0,0
0.6375885432707115,0.7065862994412425,23.0,56.391658858608366,1,0,0,0,0
0.6342896533613446,0.7020308123249299,21.0,52.114406188002896,1,0,0,0,0
0.6378745215363633,0.7059923445818118,21.0,52.367876663975906,1,0,0,0,0
0.6403914197257851,0.7096859796550199,21.0,52.05887920914929,1,0,0,0,0
0.6403914197257851,0.7096859796550199,21.0,52.05887920914929,1,0,0,0,0
0.6302657232359964,0.7002343972485706,25.0,63.01716362510952,1,0,0,0,0
0.6302657232359964,0.7002343972485706,25.0,63.01716362510952,1,0,0,0,0
0.634232547896939,0.701816780444836,24.0,60.27572746135483,1,0,0,0,0
0.634232547896939,0.701816780444836,24.0,60.27572746135483,1,0,0,0,0
0.6397401732178548,0.7056628914057295,23.0,57.67707951642156,1,0,0,0,0
0.6407506107039751,0.7080168776371308,20.0,50.05453877515886,1,0,0,0,0
0.6400337912942955,0.7078275754746343,23.0,57.45300450472248,1,0,0,0,0
0.6365656789031402,0.7038146837682442,23.0,57.405788816484275,1,0,0,0,0
0.6365656789031402,0.7038146837682442,23.0,57.405788816484275,1,0,0,0,0
0.6365103936311367,0.7047434763379036,22.0,54.727134315662106,1,0,0,0,0
0.6367757629367536,0.7043675364882795,23.0,56.58912100533061,1,0,0,0,0
0.637234066104359,0.7051869562329813,23.0,57.42374014693962,1,0,0,0,0
0.6377432423457529,0.7052312324278851,24.0,59.602428280757096,1,0,0,0,0
0.6378482972136222,0.7043454223794781,27.0,67.30077247750586,1,0,0,0,0
0.637671384343211,0.7043122512162759,26.0,64.60634926528262,1,0,0,0,0
0.6392960248723073,0.705607372862536,24.0,59.904100619504575,1,0,0,0,0
0.6348051090068267,0.7021030609997798,30.0,73.21865348253637,1,0,0,0,0
0.6375661375661376,0.7047663323813952,22.0,55.339982308422734,1,0,0,0,0
0.6360238832375056,0.702156125608138,25.0,62.36638107608613,1,0,0,0,0
0.6360238832375056,0.702156125608138,25.0,62.36638107608613,1,0,0,0,0
0.6434599156118144,0.7087044850757931,19.0,47.76873569661839,1,0,0,0,0
0.6393890889689209,0.7081721577519897,22.0,54.293739652248554,1,0,0,0,0
0.6363777089783281,0.7056833259619637,24.0,60.06560699355673,1,0,0,0,0
0.6379920389208315,0.7043011941618753,22.0,55.42157038505014,1,0,0,0,0
0.6319415540318517,0.6995881618436329,25.0,62.14179873270947,1,0,0,0,0
0.6382242370632464,0.70578283945157,23.0,57.65925879105438,1,0,0,0,0
0.6355097996036115,0.7031050429420832,19.0,48.53296853262772,1,0,0,0,0
0.6352345298392424,0.7043933054393305,26.0,64.22135913517923,1,0,0,0,0
0.6352345298392424,0.7043933054393305,26.0,64.22135913517923,1,0,0,0,0
0.6403952920275372,0.708327781479014,19.0,47.288366274030665,1,0,0,0,0
0.635674961462233,0.7023563091829993,26.0,64.58512531135688,1,0,0,0,0
0.6438059518228295,0.7091844707878463,17.0,42.719011969943644,1,0,0,0,0
0.6420345916144236,0.7083277755546663,20.0,50.14983219809281,1,0,0,0,0
0.6388501472183481,0.7063824134953842,24.0,58.53869074455427,1,0,0,0,0
0.6359722528077516,0.7038978198634662,25.0,62.25373135631373,1,0,0,0,0
0.638390092879257,0.7044781070322866,27.0,66.63172107681925,1,0,0,0,0
0.6367868199911544,0.7035824856258293,19.0,48.38181171879957,1,0,0,0,0
0.6397114401316082,0.7069827931172469,20.0,50.075866157627374,1,0,0,0,0
0.6397114401316082,0.7069827931172469,20.0,50.075866157627374,1,0,0,0,0
0.6424552943540285,0.7087491349094724,25.0,61.87396274305857,1,0,0,0,0
0.6442342221025227,0.7106338091390609,20.0,50.21720400975808,1,0,0,0,0
0.6400004446222933,0.7066715575118937,25.0,61.90466688814879,1,0,0,0,0
0.6402561024409764,0.7071495264772576,22.0,54.15650619365938,1,0,0,0,0
0.6393182322895847,0.7059626915389741,23.0,57.33099365401724,1,0,0,0,0
0.6431473667760588,0.7094523697899225,22.0,53.78357051836095,1,0,0,0,0
0.643125041859219,0.7079900877369232,20.0,48.64707740411421,1,0,0,0,0
0.5764713558658489,0.667601896559224,19.0,47.75392707750872,0,1,0,0,0
0.575068511027013,0.6661446778894253,18.0,45.82673269767727,0,1,0,0,0
0.5761886119448432,0.6657423115403018,16.0,40.47288374996279,0,1,0,0,0
0.5732089260080908,0.6673300274044108,17.0,44.53814603292013,0,1,0,0,0
0.5659061277705345,0.6681877444589309,14.0,34.89377917280714,0,1,0,0,0
0.5618882944016703,0.6656335638783766,18.0,44.66513942059592,0,1,0,0,0
0.5609421897429205,0.6682326329983905,18.0,44.54357891799185,0,1,0,0,0
0.5609421897429205,0.6682326329983905,18.0,44.54357891799185,0,1,0,0,0
0.5617795467397451,0.6689829918656749,17.0,42.445886248044566,0,1,0,0,0
0.5595526988915852,0.6687763713080169,18.0,44.55811524087373,0,1,0,0,0
0.5571041297741632,0.6645023064646597,16.0,39.671991383790115,0,1,0,0,0
0.5587219343696027,0.6656828665748453,18.0,44.12187321545447,0,1,0,0,0
0.5569948186528497,0.6657375221355021,18.0,44.96333795486922,0,1,0,0,0
0.5569948186528497,0.6657375221355021,18.0,44.96333795486922,0,1,0,0,0
0.5523728739832093,0.6602940536778459,16.0,39.62420935269769,0,1,0,0,0
0.5484466889661355,0.6605671060973743,17.0,41.411318543311815,0,1,0,0,0
0.5485669311995802,0.660020550490807,17.0,40.88398984716812,0,1,0,0,0
0.5485669311995802,0.660020550490807,17.0,40.88398984716812,0,1,0,0,0
0.5507968780743753,0.6613978706193568,17.0,41.892196089641864,0,1,0,0,0
0.5566653481012658,0.666106276371308,16.0,39.024646128882544,0,1,0,0,0
0.5581597222222222,0.6666446905766527,17.0,41.25337860531903,0,1,0,0,0
0.5741912798874824,0.6712376933895922,17.0,42.33190031993062,0,1,0,0,0
0.5609462535014006,0.6654083508403361,17.0,41.63746265890594,0,1,0,0,0
0.5700685537372844,0.6697036709420611,17.0,42.24095380569116,0,1,0,0,0
0.5566896915834396,0.6633375863434379,16.0,38.92066203760615,0,1,0,0,0
0.5576808129109384,0.6685926811449824,15.0,37.10647482012289,0,1,0,0,0
0.5576808129109384,0.6685926811449824,15.0,37.10647482012289,0,1,0,0,0
0.5675675675675675,0.6703716216216217,18.0,44.22839039732071,0,1,0,0,0
0.5663673672992767,0.6681745006008661,19.0,46.83844166998851,0,1,0,0,0
0.5871019627954683,0.6758590144062661,17.0,42.526280301361886,0,1,0,0,0
0.5859765103031156,0.6795719342663572,15.0,36.915962959337264,0,1,0,0,0
0.56737135290626,0.6638281357015662,20.0,48.2900158826475,0,1,0,0,0
0.5721544014529738,0.6664597558452307,17.0,41.21004293968402,0,1,0,0,0
0.5721544014529738,0.6664597558452307,17.0,41.21004293968402,0,1,0,0,0
0.5629106700316031,0.6620853511584021,16.0,39.35569930652147,0,1,0,0,0
0.5806106904940546,0.6639269717845532,21.0,53.06128597616647,0,1,0,0,0
0.5806106904940546,0.6639269717845532,21.0,53.06128597616647,0,1,0,0,0
0.5780839597862513,0.6640702834888145,19.0,47.7154963857458,0,1,0,0,0
0.5787632460827824,0.6652703559460194,22.0,55.02480114478053,0,1,0,0,0
0.5653399481339497,0.6627804713045439,20.0,48.402979927782305,0,1,0,0,0
0.5682522571082065,0.6596595247720433,18.0,43.24004198520603,0,1,0,0,0
0.5722326454033771,0.6570847851335656,18.0,45.68452381484291,0,1,0,0,0
0.5702052512328402,0.6553600781909459,19.0,46.943735432165305,0,1,0,0,0
0.5663591513462092,0.6554058538527908,19.0,47.49721560558405,0,1,0,0,0
0.5660904136513892,0.6609376395961761,14.0,34.02842706890957,0,1,0,0,0
0.5749655203096499,0.66268852604885,17.0,43.15421701082452,0,1,0,0,0
0.5774792009609824,0.664846287315923,18.0,45.52507743480517,0,1,0,0,0
0.5718204653622422,0.659758945884012,19.0,47.92443049725279,0,1,0,0,0
0.577234506384304,0.6656026160074743,17.0,43.207882281296826,0,1,0,0,0
0.577234506384304,0.6656026160074743,17.0,43.207882281296826,0,1,0,0,0
0.5749844913151365,0.6628633463310882,14.0,36.145315522657604,0,1,0,0,0
0.5751285005317264,0.6638381779510811,18.0,46.261407518265514,0,1,0,0,0
0.5672483694694165,0.6586021505376344,20.0,50.28729295789724,0,1,0,0,0
0.5710272342675833,0.6622928785475057,19.0,47.53801207454909,0,1,0,0,0
0.5748294044665012,0.6628079581708614,23.0,57.15753155809793,0,1,0,0,0
0.5724767200670815,0.6612604263206673,20.0,49.591030975910215,0,1,0,0,0
0.5748238857067615,0.6636601049004762,18.0,45.88574629887144,0,1,0,0,0
0.5698260869565217,0.6627826086956522,19.0,48.410838764523014,0,1,0,0,0
0.5644587425698276,0.6553784860557769,21.0,52.28086171974438,0,1,0,0,0
0.5676012527430385,0.6596714745296888,22.0,55.07848875487885,0,1,0,0,0
0.569358927924665,0.6615356754798986,19.0,47.83932541765332,0,1,0,0,0
0.5658455758189801,0.6575270178993583,20.0,51.317754440055495,0,1,0,0,0
0.5631574544618023,0.658688332601376,20.0,49.013387943409086,0,1,0,0,0
0.5533568172399502,0.653387898881061,23.0,56.68569480740368,0,1,0,0,0
0.5624183006535948,0.6540032679738562,18.0,45.181451057920576,0,1,0,0,0
0.562094682230869,0.656766780155642,16.0,41.2309363719392,0,1,0,0,0
0.546965646965647,0.6455994455994456,24.0,58.74573034242634,0,1,0,0,0
0.546965646965647,0.6455994455994456,24.0,58.74573034242634,0,1,0,0,0
0.544086753549893,0.651770083641315,19.0,48.97830709378495,0,1,0,0,0
0.5361698891613909,0.6473982395102569,17.0,43.11003278633168,0,1,0,0,0
0.5346279963817278,0.6456919945725916,18.0,44.92591795921642,0,1,0,0,0
0.5332023943135055,0.6443696221473999,18.0,45.35221326371524,0,1,0,0,0
0.5365787504676394,0.6492143658810325,17.0,41.65212073827886,0,1,0,0,0
0.53403549110868,0.6448385840642326,16.0,40.89088840304636,0,1,0,0,0
0.5315498154981549,0.6427398523985239,22.0,53.688849158701956,0,1,0,0,0
0.5329589122080993,0.645968814661543,22.0,55.188586907935985,0,1,0,0,0
0.5314162725391665,0.6454330475908957,17.0,42.68811459961885,0,1,0,0,0
0.5333760398098634,0.6464460784313726,16.0,39.955677445523605,0,1,0,0,0
0.5291727941176471,0.6428584558823529,20.0,50.257683920428406,0,1,0,0,0
0.5347407902554961,0.648544266191325,19.0,47.476193559760965,0,1,0,0,0
0.5313331362695832,0.6440659178244162,21.0,52.26174113447316,0,1,0,0,0
0.5311945758202778,0.6441952409104346,18.0,46.269628481156204,0,1,0,0,0
0.5333481877599525,0.6477736928104575,21.0,52.974190354920125,0,1,0,0,0
0.5333296197266786,0.6469474153297683,20.0,50.39889584858488,0,1,0,0,0
0.5325404783125371,0.6453041443850267,19.0,47.8248417725469,0,1,0,0,0
0.5325404783125371,0.6453041443850267,19.0,47.8248417725469,0,1,0,0,0
0.5341477473457169,0.6479890667707927,20.0,49.494986615575414,0,1,0,0,0
0.5334783659656757,0.6467432736468269,17.0,43.14589870835472,0,1,0,0,0
0.5360600284069672,0.6494729760035882,20.0,50.396682515408784,0,1,0,0,0
0.5335341477473458,0.6455532623045314,21.0,52.85587871589277,0,1,0,0,0
0.5343150926907272,0.6465387404473699,20.0,49.808473439265335,0,1,0,0,0
0.5343150926907272,0.6465387404473699,20.0,49.808473439265335,0,1,0,0,0
0.5330971904575965,0.6461947527937376,24.0,60.62943592909994,0,1,0,0,0
0.5357516633026838,0.6478190177169769,17.0,42.65832451418091,0,1,0,0,0
0.5341519856673634,0.6453232308151687,16.0,41.17194014600236,0,1,0,0,0
0.5359487545018007,0.6457739345738295,17.0,43.53480830389466,0,1,0,0,0
0.5358362094837935,0.6490096038415366,17.0,41.95465561863363,0,1,0,0,0
0.5340448679471789,0.646608643457383,16.0,40.868320196254786,0,1,0,0,0
0.5316792326067483,0.6453698865332935,18.0,45.0815805442505,0,1,0,0,0
0.5316792326067483,0.6453698865332935,18.0,45.0815805442505,0,1,0,0,0
0.5328083009853688,0.6429344580471783,17.0,42.965404495985155,0,1,0,0,0
0.530251567632129,0.6426918483129292,18.0,45.39761547585191,0,1,0,0,0
0.5317380446531738,0.643930075664393,19.0,47.306409927596924,0,1,0,0,0
0.5317380446531738,0.643930075664393,19.0,47.306409927596924,0,1,0,0,0
0.531859182228186,0.6436412091393641,17.0,42.95150983563439,0,1,0,0,0
0.5349139543583988,0.6453984287317621,21.0,52.50394330475051,0,1,0,0,0
0.5370587796787059,0.6501640016400164,22.0,54.27227959304518,0,1,0,0,0
0.5370587796787059,0.6501640016400164,22.0,54.27227959304518,0,1,0,0,0
0.5382780005941771,0.6477179887106358,19.0,48.09596135441681,0,1,0,0,0
0.5415214759931042,0.6507629387814987,19.0,48.036701390190444,0,1,0,0,0
0.5415214759931042,0.6507629387814987,19.0,48.036701390190444,0,1,0,0,0
0.5546642899584076,0.656695632798574,16.0,40.71308898113182,0,1,0,0,0
0.5546642899584076,0.656695632798574,16.0,40.71308898113182,0,1,0,0,0
0.5506363936470674,0.6500018339874555,19.0,48.54532488379247,0,1,0,0,0
0.5577145091613288,0.6587498137941308,20.0,50.4519332582734,0,1,0,0,0
0.5501545508714435,0.6533591538805303,14.0,35.66791060784433,0,1,0,0,0
0.5441118881118882,0.6493706293706294,19.0,48.0943676196284,0,1,0,0,0
0.5441118881118882,0.6493706293706294,19.0,48.0943676196284,0,1,0,0,0
0.5440979745642958,0.6507206782854451,22.0,54.87946749823433,0,1,0,0,0
0.5450605445246691,0.6534766095066186,21.0,53.48272237896466,0,1,0,0,0
0.540074190647482,0.6510510341726619,20.0,49.886363906526086,0,1,0,0,0
0.5395130768796249,0.6489860475625601,20.0,49.84086635577959,0,1,0,0,0
0.5433671537820852,0.6529965169985613,17.0,43.20159703872312,0,1,0,0,0
0.546301203907019,0.6520689785719694,17.0,43.84439924304865,0,1,0,0,0
0.5443669648898579,0.6476486730321028,20.0,50.41147998487968,0,1,0,0,0
0.5464656216871119,0.6489947751022263,19.0,47.67201787955832,0,1,0,0,0
0.5471849916704529,0.6499886415265789,17.0,43.52533353001986,0,1,0,0,0
0.5471849916704529,0.6499886415265789,17.0,43.52533353001986,0,1,0,0,0
0.5511632341723874,0.6540617848970252,19.0,47.39534697881701,0,1,0,0,0
0.5520897121861604,0.6523270055113288,23.0,58.56200467061744,0,1,0,0,0
0.552542633277001,0.6519338608081119,21.0,53.42386654666561,0,1,0,0,0
0.5541615075065779,0.655364881597276,20.0,49.93757683466368,0,1,0,0,0
0.5507250574446311,0.6503214968429589,20.0,51.674184687922036,0,1,0,0,0
0.5548479788762475,0.6553702481264319,22.0,55.73982262678563,0,1,0,0,0
0.5567420885149249,0.6549792085586553,20.0,50.83641398484531,0,1,0,0,0
0.5567420885149249,0.6549792085586553,20.0,50.83641398484531,0,1,0,0,0
0.5560365135453474,0.6532783667059285,20.0,50.59718957707133,0,1,0,0,0
0.5560365135453474,0.6532783667059285,20.0,50.59718957707133,0,1,0,0,0
0.5534102404482142,0.6498035172360127,25.0,64.22921933697626,0,1,0,0,0
0.55114858970631,0.6501502374721334,23.0,58.071361039351906,0,1,0,0,0
0.5502374721333722,0.6488223320732771,25.0,63.1779206870064,0,1,0,0,0
0.5503048188560556,0.6500407719488992,22.0,56.81539458009964,0,1,0,0,0
0.5506737079175241,0.6501960936589912,18.0,46.303314807401165,0,1,0,0,0
0.5506737079175241,0.6501960936589912,18.0,46.303314807401165,0,1,0,0,0
0.5520230652739486,0.6523803052071603,22.0,55.38846966982714,0,1,0,0,0
0.5568610129564193,0.6553788771103258,17.0,43.465262244452894,0,1,0,0,0
0.5568610129564193,0.6553788771103258,17.0,43.465262244452894,0,1,0,0,0
0.5549449472983033,0.6511598291602994,21.0,54.41011419199654,0,1,0,0,0
0.5544649504329767,0.6520316602014028,17.0,43.28272637476448,0,1,0,0,0
0.5544649504329767,0.6520316602014028,17.0,43.28272637476448,0,1,0,0,0
0.5511098529957246,0.6525486597817387,22.0,56.390109583195795,0,1,0,0,0
0.5511098529957246,0.6525486597817387,22.0,56.390109583195795,0,1,0,0,0
0.5585013839462238,0.6593020956899961,22.0,56.30719531913809,0,1,0,0,0
0.5605479234179606,0.6653909620469591,17.0,43.85118571661804,0,1,0,0,0
0.5591735863977857,0.6602708580466587,21.0,52.82696327479726,0,1,0,0,0
0.5604982206405694,0.6612258693015766,21.0,53.83600966280747,0,1,0,0,0
0.563623595505618,0.6633527287319422,23.0,57.65460827481886,0,1,0,0,0
0.5619482343499197,0.6594502407704654,18.0,45.47172472005194,0,1,0,0,0
0.5619482343499197,0.6594502407704654,18.0,45.47172472005194,0,1,0,0,0
0.5588282073202251,0.6579156643273226,23.0,58.59734589223372,0,1,0,0,0
0.559656823623304,0.6613527533918595,23.0,58.237842410317015,0,1,0,0,0
0.5598264166001596,0.6598862729449322,21.0,53.39125698738162,0,1,0,0,0
0.5565394825468521,0.6585245057252664,23.0,58.30516817708037,0,1,0,0,0
0.5607281378703667,0.6632112439521772,21.0,52.9417396248035,0,1,0,0,0
0.5586790989880515,0.6589793037634943,23.0,58.01968597231894,0,1,0,0,0
0.562327562077652,0.6632412331560639,21.0,53.875897356032176,0,1,0,0,0
0.5599549764921508,0.6623834568491513,20.0,50.19499217250192,0,1,0,0,0
0.5599549764921508,0.6623834568491513,20.0,50.19499217250192,0,1,0,0,0
0.5578667934545742,0.6579301874083759,20.0,51.36231764143287,0,1,0,0,0
0.5598379492055945,0.6632295257339831,22.0,55.448113532543296,0,1,0,0,0
0.5641584986851542,0.6643457646027572,21.0,53.07016807567347,0,1,0,0,0
0.558264405708984,0.6607082930295912,22.0,56.3262902562697,0,1,0,0,0
0.5602539720274179,0.663110662070605,20.0,51.35530440496059,0,1,0,0,0
0.5601252030587582,0.6624172907008994,22.0,55.629399937828794,0,1,0,0,0
0.5601252030587582,0.6624172907008994,22.0,55.629399937828794,0,1,0,0,0
0.5631821706196942,0.6634624942841806,19.0,49.060015109602695,0,1,0,0,0
0.5662261585829101,0.6664600743732256,21.0,53.928601524195166,0,1,0,0,0
0.5662261585829101,0.6664600743732256,21.0,53.928601524195166,0,1,0,0,0
0.5570724980299449,0.6586879432624113,21.0,53.50198700152098,0,1,0,0,0
0.5597686120686239,0.6587424224414596,21.0,53.18251769575541,0,1,0,0,0
0.5649566156183774,0.6654004558358991,18.0,46.47546056983811,0,1,0,0,0
0.5645067775600784,0.6664000959654525,16.0,40.91027508432907,0,1,0,0,0
0.5661479381546937,0.6674005267708145,19.0,48.22752527817887,0,1,0,0,0
0.5647566875924667,0.6632212403534727,22.0,55.23745519935666,0,1,0,0,0
0.5640369466991882,0.6649006357711224,21.0,53.32235855123277,0,1,0,0,0
0.5611145350802202,0.6607089604167081,22.0,55.42062514280546,0,1,0,0,0
0.5571095801172592,0.6556941784945812,23.0,58.10469992526799,0,1,0,0,0
0.5617379870906049,0.6594449756952745,24.0,60.47824176471639,0,1,0,0,0
0.5617678699497968,0.6595147023667225,24.0,61.323713414325724,0,1,0,0,0
0.561598533747709,0.6613475177304965,22.0,55.22180973999157,0,1,0,0,0
0.5630452576311114,0.6628935337685412,21.0,53.07480069505907,0,1,0,0,0
0.5603287410171914,0.6597451066026124,25.0,62.741052381169105,0,1,0,0,0
0.5608016575025898,0.661735994899992,19.0,48.85323777932262,0,1,0,0,0
0.5608016575025898,0.661735994899992,19.0,48.85323777932262,0,1,0,0,0
0.5603733365208383,0.6605805243445693,19.0,48.461918916577325,0,1,0,0,0
0.5603733365208383,0.6605805243445693,19.0,48.461918916577325,0,1,0,0,0
0.5588177027615991,0.6575042592812711,23.0,59.149364611960245,0,1,0,0,0
0.5598952107737668,0.659056498525779,19.0,48.785104062925846,0,1,0,0,0
0.5562889585897487,0.655040298566721,19.0,48.79205990264533,0,1,0,0,0
0.5603838602396122,0.660415915374444,24.0,60.59189927947489,0,1,0,0,0
0.5603838602396122,0.660415915374444,24.0,60.59189927947489,0,1,0,0,0
0.5603337740914373,0.6601254157150298,19.0,48.14823825546947,0,1,0,0,0
0.5626093250497618,0.6621730301385287,21.0,52.6874367772923,0,1,0,0,0
0.5620066514404776,0.6596345714629163,19.0,48.49681552008634,0,1,0,0,0
0.5616861000921585,0.6596445886925512,21.0,53.27761492681752,0,1,0,0,0
0.5608991635223892,0.6575033439140764,21.0,53.002431253102024,0,1,0,0,0
0.5605098720329001,0.658771036713182,23.0,59.53852646366569,0,1,0,0,0
0.563082235785416,0.662654593639576,21.0,53.95805059031707,0,1,0,0,0
0.5585833782515821,0.6595596015252241,29.0,72.85034821024642,0,1,0,0,0
0.5627509637006104,0.663116366848699,27.0,67.22752081966362,0,1,0,0,0
0.5613496318822023,0.6602612836107554,23.0,57.895766245649135,0,1,0,0,0
0.5603693181818182,0.6595810659411011,22.0,55.97054493577352,0,1,0,0,0
0.5603693181818182,0.6595810659411011,22.0,55.97054493577352,0,1,0,0,0
0.5602004352079216,0.6595296560260326,22.0,55.812532445736785,0,1,0,0,0
0.5604998901998363,0.6593100556986285,21.0,53.42042268019327,0,1,0,0,0
0.5589127787426883,0.6595196741929688,23.0,60.27817634676515,0,1,0,0,0
0.5565966419988859,0.6573864088485717,19.0,48.70315812085491,0,1,0,0,0
0.558981448090716,0.6595644508554714,18.0,46.64037511247519,0,1,0,0,0
0.558981448090716,0.6595644508554714,18.0,46.64037511247519,0,1,0,0,0
0.5617671859942178,0.6610283488596209,22.0,55.796656028363145,0,1,0,0,0
0.5617671859942178,0.6610283488596209,22.0,55.796656028363145,0,1,0,0,0
0.561967956954706,0.6617009315772566,21.0,54.186730141236325,0,1,0,0,0
0.558872851410433,0.6593300193647561,23.0,57.12028386940156,0,1,0,0,0
0.563361938414942,0.6645229681978798,22.0,55.205337118707455,0,1,0,0,0
0.5575752131121359,0.6570242159270129,21.0,53.01816220531251,0,1,0,0,0
0.5590668165756505,0.658117169932541,24.0,60.41043006916324,0,1,0,0,0
0.5630085815244826,0.6609389197375063,24.0,61.393957472899686,0,1,0,0,0
0.564549138804458,0.6637082066869301,21.0,52.849309804192785,0,1,0,0,0
0.564549138804458,0.6637082066869301,21.0,52.849309804192785,0,1,0,0,0
0.5620999495204442,0.6625744573447754,22.0,56.59688495365855,0,1,0,0,0
0.5620999495204442,0.6625744573447754,22.0,56.59688495365855,0,1,0,0,0
0.557671458400257,0.6585387889495663,22.0,56.855934802700496,0,1,0,0,0
0.5597293607452618,0.6612592354641824,22.0,55.36869113213343,0,1,0,0,0
0.5581934628975265,0.6578260520398329,24.0,61.72919794447599,0,1,0,0,0
0.5546305723583079,0.6556467229642051,25.0,63.17613667027734,0,1,0,0,0
0.5624696700097056,0.6632764477515367,20.0,50.39278575530959,0,1,0,0,0
0.5620365892972276,0.6626370083816893,18.0,46.4435815446558,0,1,0,0,0
0.5644984802431611,0.6633839918946302,18.0,45.69733252593997,0,1,0,0,0
0.5644984802431611,0.6633839918946302,18.0,45.69733252593997,0,1,0,0,0
0.5622582205029013,0.6614684074790458,22.0,56.551097501046335,0,1,0,0,0
0.5629432624113475,0.6634832366215345,18.0,46.18209783445186,0,1,0,0,0
0.5629432624113475,0.6653469535783365,22.0,55.92704310712755,0,1,0,0,0
0.56340667311412,0.6638257575757576,24.0,62.151011434844264,0,1,0,0,0
0.56340667311412,0.6638257575757576,24.0,62.151011434844264,0,1,0,0,0
0.5650759878419452,0.6658865248226951,21.0,54.17336929684539,0,1,0,0,0
0.5598128781504187,0.6634511359538406,22.0,56.214390653202344,0,1,0,0,0
0.5626108156028369,0.6629392327530625,20.0,51.45743745931474,0,1,0,0,0
0.5603316736267266,0.6640298747189206,23.0,58.49046307328073,0,1,0,0,0
0.5629432624113475,0.6658909574468085,17.0,43.29836014581827,0,1,0,0,0
0.5629432624113475,0.6658909574468085,17.0,43.29836014581827,0,1,0,0,0
0.5600104400899454,0.6629758271763572,22.0,56.62772273992411,0,1,0,0,0
0.5658054711246201,0.6664133738601824,18.0,46.44482667023158,0,1,0,0,0
0.5662917933130699,0.6683586626139818,25.0,63.738525540134425,0,1,0,0,0
0.5618149580915538,0.6651152482269503,21.0,53.399536608420775,0,1,0,0,0
0.5663323201621074,0.6668794326241134,20.0,52.18593496625275,0,1,0,0,0
0.5638648495632481,0.6654804270462633,21.0,53.177712079266044,0,1,0,0,0
0.5611500644745325,0.6631104932301741,22.0,55.96493729903013,0,1,0,0,0
0.5631499242806663,0.6647854618879354,21.0,53.92582357992659,0,1,0,0,0
0.5645219993529602,0.6667947266256875,20.0,52.61752414727052,0,1,0,0,0
0.5627518536428111,0.6662939232753062,24.0,59.89143782683079,0,1,0,0,0
0.5627518536428111,0.6662939232753062,24.0,59.89143782683079,0,1,0,0,0
0.5643971631205674,0.6655015197568389,21.0,53.52445327535307,0,1,0,0,0
0.5657041540020263,0.6659777102330294,28.0,70.88056468530755,0,1,0,0,0
0.564549138804458,0.6683991894630192,22.0,56.574376953920705,0,1,0,0,0
0.5633922261484099,0.6659767794043412,23.0,58.77682810453747,0,1,0,0,0
0.5632508833922262,0.6631499242806663,24.0,60.46150453536761,0,1,0,0,0
0.562806663301363,0.6645633518425038,19.0,49.06646584987954,0,1,0,0,0
0.562806663301363,0.6645633518425038,19.0,49.06646584987954,0,1,0,0,0
0.5669377190837206,0.6669112252384446,19.0,48.7442446366989,0,1,0,0,0
0.564741641337386,0.6673353596757852,23.0,57.15584605097088,0,1,0,0,0
0.564741641337386,0.6673353596757852,23.0,57.15584605097088,0,1,0,0,0
0.5665653495440729,0.667983789260385,19.0,48.45004289452515,0,1,0,0,0
0.5645896656534954,0.6670820668693009,22.0,55.35156620643931,0,1,0,0,0
0.5623791102514507,0.665447695035461,18.0,46.49468224138098,0,1,0,0,0
0.5686190592646939,0.6702739056003912,18.0,46.26516052713362,0,1,0,0,0
0.5686190592646939,0.6702739056003912,18.0,46.26516052713362,0,1,0,0,0
0.5610343719884356,0.6606468840346932,19.0,48.94212206555082,0,1,0,0,0
0.5662512664640325,0.668581560283688,18.0,47.63105328895031,0,1,0,0,0
0.5662310030395137,0.6701823708206687,17.0,43.33072785423092,0,1,0,0,0
0.5662310030395137,0.6701823708206687,17.0,43.33072785423092,0,1,0,0,0
0.5681545500762583,0.6707880020335536,21.0,53.087291793385866,0,1,0,0,0
0.5640312701482915,0.6678453417150225,21.0,54.22249924012414,0,1,0,0,0
0.57006603081438,0.6726787315562077,22.0,55.949542864314445,0,1,0,0,0
0.5636182301740812,0.6655484364925854,20.0,52.19160888141662,0,1,0,0,0
0.5714198061111793,0.6755225590051949,20.0,50.118078968194524,0,1,0,0,0
0.5714198061111793,0.6755225590051949,20.0,50.118078968194524,0,1,0,0,0
0.5684050705143882,0.6699580174451781,22.0,56.25333100275924,0,1,0,0,0
0.5665480427046263,0.6689476359938994,19.0,47.372531129061834,0,1,0,0,0
0.5692620771464801,0.6700924448807625,19.0,49.28942169608731,0,1,0,0,0
0.5614422147001934,0.6637552385557705,23.0,59.04341195493157,0,1,0,0,0
0.5678291814946619,0.668266395526182,20.0,51.17727814002241,0,1,0,0,0
0.567243417298443,0.6685721855384364,20.0,50.30312462488565,0,1,0,0,0
0.5705812574139977,0.6729762343027774,22.0,55.20840887109005,0,1,0,0,0
0.5705812574139977,0.6729762343027774,22.0,55.20840887109005,0,1,0,0,0
0.5668835790543976,0.6702999491611591,21.0,52.99346896365042,0,1,0,0,0
0.5653292806484296,0.667983789260385,25.0,62.28233315976755,0,1,0,0,0
0.5703173041446317,0.6719448202353134,21.0,54.38793790112533,0,1,0,0,0
0.5666192170818505,0.6704829689883071,20.0,51.07910514096671,0,1,0,0,0
0.5660385005065857,0.6705065856129686,21.0,54.02491274395328,0,1,0,0,0
0.5643971631205674,0.6680040526849037,22.0,55.89867318150412,0,1,0,0,0
0.5704789953777559,0.6709923507996891,18.0,45.7282554640379,0,1,0,0,0
0.5704789953777559,0.6709923507996891,18.0,45.7282554640379,0,1,0,0,0
0.5668061224489795,0.6681734693877551,20.0,50.56500864342859,0,1,0,0,0
0.5675236225303718,0.6701640283061316,22.0,55.567980896040986,0,1,0,0,0
0.566030814380044,0.6692447216108258,21.0,52.532505706849896,0,1,0,0,0
0.5632117527862208,0.6656534954407295,21.0,54.30084170813994,0,1,0,0,0
0.5695586370515809,0.6732625680042541,16.0,40.89764142086531,0,1,0,0,0
0.5711538065949437,0.6762285808322877,21.0,53.75871899109614,0,1,0,0,0
0.5711538065949437,0.6762285808322877,21.0,53.75871899109614,0,1,0,0,0
0.5695177322370844,0.6702560641387492,20.0,50.591907979948466,0,1,0,0,0
0.570110852047286,0.6710639342250583,20.0,50.37847854475694,0,1,0,0,0
0.5706017098212459,0.6740806642941874,20.0,50.56271238849716,0,1,0,0,0
0.5693029819609768,0.6723422096780791,21.0,53.06879128659699,0,1,0,0,0
0.5693029819609768,0.6723422096780791,21.0,53.06879128659699,0,1,0,0,0
0.5704235492563717,0.6732972661633719,21.0,53.95668919488383,0,1,0,0,0
0.5724607762180016,0.6757638315441784,18.0,46.39873915267246,0,1,0,0,0
0.5691995968156666,0.6697076913582787,26.0,65.59134332504662,0,1,0,0,0
0.5714079273327828,0.6734310487200661,18.0,46.62884835424521,0,1,0,0,0
0.5693951279933939,0.6711808422791081,16.0,41.468960809941436,0,1,0,0,0
0.5724460132890365,0.6733492524916943,21.0,53.04904857384979,0,1,0,0,0
0.573702242524917,0.6742628737541528,21.0,53.221370368851545,0,1,0,0,0
0.5708505367464906,0.6731007431874484,19.0,48.19070582838882,0,1,0,0,0
0.5706337737407101,0.6737200660611066,18.0,46.30585681521116,0,1,0,0,0
0.5709124690338563,0.6737510322047894,18.0,46.278757352714926,0,1,0,0,0
0.5718104872006606,0.6752683732452519,19.0,48.61570636279158,0,1,0,0,0
0.5702323569398097,0.6722695999670416,16.0,41.44502954519709,0,1,0,0,0
0.5714388934764657,0.6742774566473988,22.0,55.967985551249264,0,1,0,0,0
0.574916609691922,0.6759794476557482,18.0,45.878976210813065,0,1,0,0,0
0.572508548593087,0.6749989700490256,20.0,50.971364012186775,0,1,0,0,0
0.5749587118084228,0.6764657308009909,23.0,57.728728129502535,0,1,0,0,0
0.5740194054500413,0.6765070189925682,24.0,59.95846017098768,0,1,0,0,0
0.5710591133004926,0.6742200328407225,23.0,57.54897473415018,0,1,0,0,0
0.5706999178981937,0.6719622331691297,21.0,53.79328049961353,0,1,0,0,0
0.5716338259441708,0.6737787356321839,21.0,53.62372319696577,0,1,0,0,0
0.5705767651888342,0.67501026272578,24.0,61.79901276174591,0,1,0,0,0
0.5704125615763547,0.6739839901477832,20.0,50.96383258573347,0,1,0,0,0
0.5730491329479769,0.6755986787778695,17.0,43.857847639373084,0,1,0,0,0
0.5730491329479769,0.6755986787778695,17.0,43.857847639373084,0,1,0,0,0
0.5744838976052848,0.6764863748967795,16.0,41.3441028594258,0,1,0,0,0
0.5745974401321222,0.6765792733278282,24.0,61.16418217464914,0,1,0,0,0
0.5743909991742362,0.6726156069364162,18.0,46.794832579444886,0,1,0,0,0
0.5733071841453344,0.6742671345995045,23.0,57.23734003647848,0,1,0,0,0
0.5733071841453344,0.6742671345995045,23.0,57.23734003647848,0,1,0,0,0
0.5746593724194881,0.676981833195706,20.0,50.184272278490845,0,1,0,0,0
0.5740606936416185,0.6773534269199009,20.0,51.41642061683381,0,1,0,0,0
0.5746180842279108,0.6764450867052023,21.0,53.31877920348621,0,1,0,0,0
0.5746180842279108,0.6764450867052023,21.0,53.31877920348621,0,1,0,0,0
0.5717467159277504,0.6714285714285714,22.0,56.49969782798729,0,1,0,0,0
0.5682959183673469,0.670704081632653,22.0,55.95940630207957,0,1,0,0,0
0.5688979591836735,0.6728367346938775,22.0,57.194050326529386,0,1,0,0,0
0.5744942196531792,0.67684764657308,17.0,43.219615878156596,0,1,0,0,0
0.5758980181668043,0.678003715937242,25.0,63.19192249154201,0,1,0,0,0
0.572167487684729,0.6746305418719212,22.0,56.416485134960695,0,1,0,0,0
0.572167487684729,0.6746305418719212,22.0,56.416485134960695,0,1,0,0,0
0.5711412151067323,0.6728858784893268,19.0,49.00339077723357,0,1,0,0,0
0.5730697770437655,0.6756399669694467,21.0,54.30283869789362,0,1,0,0,0
0.5730697770437655,0.6756399669694467,21.0,54.30283869789362,0,1,0,0,0
0.576515780730897,0.6775228405315614,20.0,51.00338238507541,0,1,0,0,0
0.5766922757475083,0.6779588870431894,18.0,45.753454101814704,0,1,0,0,0
0.5761108803986711,0.6788621262458472,23.0,57.099387213094374,0,1,0,0,0
0.575,0.6774086378737542,21.0,54.08413926248048,0,1,0,0,0
0.5715627580511974,0.672677539223782,21.0,53.82882033826688,0,1,0,0,0
0.5699404761904762,0.671243842364532,24.0,60.81598536149214,0,1,0,0,0
0.5699404761904762,0.671243842364532,24.0,60.81598536149214,0,1,0,0,0
0.5749684049143307,0.6781444879524313,20.0,51.472034112565154,0,1,0,0,0
0.5739739366440839,0.6750471336523919,23.0,57.89606386422078,0,1,0,0,0
0.5754967161828993,0.6791596743116415,21.0,53.411762002843304,0,1,0,0,0
0.5738680838792074,0.6741750092695588,23.0,58.46582801495536,0,1,0,0,0
0.5758592827397601,0.6763938094350177,20.0,50.96483602642117,0,1,0,0,0
0.5737407101568951,0.6752064409578861,22.0,56.22284430503652,0,1,0,0,0
0.5740813377374071,0.6755780346820809,19.0,48.71273130506948,0,1,0,0,0
0.5761493359852488,0.6785381316427372,20.0,51.20806411811684,0,1,0,0,0
0.5755174342718627,0.6791700333561232,21.0,53.460099938511746,0,1,0,0,0
0.5755174342718627,0.6791700333561232,21.0,53.460099938511746,0,1,0,0,0
0.5716330902649034,0.6743501009351955,24.0,60.68974202305202,0,1,0,0,0
0.5719214765377169,0.6734231450582953,20.0,50.99954568009257,0,1,0,0,0
0.5746472745353969,0.6771500196821845,22.0,56.09981382243937,0,1,0,0,0
0.5751755858039654,0.6787038763544451,20.0,50.677611571800085,0,1,0,0,0
0.572415853005397,0.6733613479998352,20.0,50.80345052278593,0,1,0,0,0
0.5789572393098275,0.678336250729349,23.0,58.47766857781276,0,1,0,0,0
0.5746369154909151,0.6763316551681273,21.0,52.563896218149395,0,1,0,0,0
0.5716227907551601,0.6752461582828657,22.0,55.4856761107925,0,1,0,0,0
0.5716227907551601,0.6752461582828657,22.0,55.4856761107925,0,1,0,0,0
0.5761286178962852,0.6772639691714836,19.0,48.94026818700379,0,1,0,0,0
0.5763047216524748,0.6800298340481074,18.0,46.97506424672274,0,1,0,0,0
0.5754863571384176,0.6787763896658172,20.0,50.71388789064147,0,1,0,0,0
0.5766154929869269,0.6813972279196967,20.0,50.99742710572694,0,1,0,0,0
0.5722819593787336,0.6744942940716022,19.0,48.30145038577243,0,1,0,0,0
0.5709256978653531,0.6734605911330049,22.0,55.38562958078284,0,1,0,0,0
0.5702278325123152,0.6731424466338259,22.0,55.27302265704589,0,1,0,0,0
0.5720347711448935,0.6751431631854323,21.0,53.83232483808213,0,1,0,0,0
0.5720347711448935,0.6751431631854323,21.0,53.83232483808213,0,1,0,0,0
0.575154867715002,0.6780408975076139,20.0,50.514273768391966,0,1,0,0,0
0.5743054260674996,0.6768392483477325,20.0,51.12900855498057,0,1,0,0,0
0.5707679314464631,0.6755963416141392,24.0,60.65507023300441,0,1,0,0,0
0.5769671584562808,0.6763774276902559,21.0,53.27304096226169,0,1,0,0,0
0.5737874738434127,0.6732757370460148,19.0,48.53016253740754,0,1,0,0,0
0.5738599871547848,0.6740423063376634,24.0,61.04078166177645,0,1,0,0,0
0.5744504526902439,0.6747881575403485,18.0,45.68648241157531,0,1,0,0,0
0.5744504526902439,0.6747881575403485,18.0,45.68648241157531,0,1,0,0,0
0.5745851202685064,0.675834421033004,17.0,43.167551889915835,0,1,0,0,0
0.5722613603592469,0.6749989700490256,23.0,58.50138780677154,0,1,0,0,0
0.5719832735961768,0.6752358587731224,21.0,53.19491279403823,0,1,0,0,0
0.5719832735961768,0.6752358587731224,21.0,53.19491279403823,0,1,0,0,0
0.5760353864959497,0.6783205917086208,18.0,46.11091366701629,0,1,0,0,0
0.5745045417010735,0.674452931461602,18.0,46.52481866905458,0,1,0,0,0
0.5739368290668869,0.6756193228736581,21.0,53.21444385585689,0,1,0,0,0
0.5740257318664926,0.6772328920380384,22.0,55.27769719902236,0,1,0,0,0
0.5738650458943191,0.6758351939138344,16.0,41.0790842351967,0,1,0,0,0
0.5739014233327118,0.6778337166179792,16.0,40.80039664772056,0,1,0,0,0
0.5739014233327118,0.6778337166179792,16.0,40.80039664772056,0,1,0,0,0
0.5741707584892369,0.6778751527959062,17.0,43.76730945753456,0,1,0,0,0
0.5748742046824967,0.677475360751861,20.0,51.17327552730053,0,1,0,0,0
0.5775263510122135,0.6805671741676427,17.0,44.592459885374694,0,1,0,0,0
0.573145213085545,0.6772846872604471,21.0,53.38333864859367,0,1,0,0,0
0.5722027250206441,0.6741742361684558,20.0,50.684610075037575,0,1,0,0,0
0.5732384444858806,0.6772846872604471,19.0,48.605810160149574,0,1,0,0,0
0.5753737541528239,0.6778239202657808,20.0,51.426345560667244,0,1,0,0,0
0.5746677740863787,0.6791424418604651,21.0,53.61832843024171,0,1,0,0,0
0.5717485549132948,0.6771160198183319,23.0,56.9656272315855,0,1,0,0,0
0.574570726014837,0.6774401933816787,20.0,51.11623876202167,0,1,0,0,0
0.5701589595375722,0.6716866226259289,20.0,51.45324956216288,0,1,0,0,0
0.5678776683087028,0.6700533661740559,21.0,53.899668866993196,0,1,0,0,0
0.5714905037159372,0.6755057803468208,18.0,46.15401801981247,0,1,0,0,0
0.5715008257638315,0.6753922378199835,20.0,50.7844587817004,0,1,0,0,0
0.5728655188845381,0.6770153521039219,19.0,48.97072229349441,0,1,0,0,0
0.570014450867052,0.6759083402146986,22.0,55.184537463846,0,1,0,0,0
0.5723372076159695,0.6767667350363602,20.0,51.65036327421554,0,1,0,0,0
0.5743310827706927,0.6786384096024006,19.0,48.60414302959034,0,1,0,0,0
0.5717467420805105,0.6739594339818095,23.0,58.02356183161891,0,1,0,0,0
0.5717467420805105,0.6739594339818095,23.0,58.02356183161891,0,1,0,0,0
0.57416437442694,0.6774610319246478,21.0,53.077600971215496,0,1,0,0,0
0.570695706028076,0.6723781998348473,22.0,55.458997130241364,0,1,0,0,0
0.5734145482420702,0.677761203306607,20.0,50.52834301215515,0,1,0,0,0
0.5754667833625073,0.6793156622488955,20.0,50.530065937182734,0,1,0,0,0
0.5716120745022479,0.675554726831997,19.0,48.60589335467208,0,1,0,0,0
0.5756960073351671,0.6787321830457614,20.0,50.7645475533937,0,1,0,0,0
0.5735361295681063,0.6763808139534884,24.0,61.102046721193936,0,1,0,0,0
0.5735361295681063,0.6763808139534884,24.0,61.102046721193936,0,1,0,0,0
0.5729443521594685,0.6770867940199335,20.0,51.39310833161089,0,1,0,0,0
0.5726121262458472,0.6756540697674419,22.0,55.63630733723361,0,1,0,0,0
0.5701203720968778,0.6732550189570514,22.0,55.50923483435488,0,1,0,0,0
0.5702931461601982,0.6741432700247729,21.0,52.91357146901515,0,1,0,0,0
0.5702931461601982,0.6741432700247729,21.0,52.91357146901515,0,1,0,0,0
0.5670155993431856,0.670002052545156,21.0,53.57921723152314,0,1,0,0,0
0.5722646573080099,0.6749071015689513,18.0,46.25535031839254,0,1,0,0,0
0.5727497935590421,0.6754025598678778,20.0,51.03083178538138,0,1,0,0,0
0.5720691995968157,0.6743155123115216,18.0,45.67836006487064,0,1,0,0,0
0.5748451692815855,0.6775289017341041,22.0,55.16163985427869,0,1,0,0,0
0.5750206440957886,0.6761354252683732,17.0,42.91239963911069,0,1,0,0,0
0.5732452518579686,0.6750825763831544,19.0,48.07572500608343,0,1,0,0,0
0.5732452518579686,0.6750825763831544,19.0,48.07572500608343,0,1,0,0,0
0.5750103820598007,0.6778239202657808,20.0,49.98590147844273,0,1,0,0,0
0.5743874584717608,0.6795473421926911,20.0,49.707567133533935,0,1,0,0,0
0.5702791461412151,0.6739737274220032,21.0,53.32472198223508,0,1,0,0,0
0.5702791461412151,0.6739737274220032,21.0,53.32472198223508,0,1,0,0,0
0.5700738916256157,0.6739121510673235,20.0,50.904218169691234,0,1,0,0,0
0.5724917423616845,0.6749483897605285,19.0,48.6638651999315,0,1,0,0,0
0.5725330305532618,0.6773637489677952,18.0,45.95006396809515,0,1,0,0,0
0.5725123864574732,0.6757122213047069,19.0,48.80977334030841,0,1,0,0,0
0.5745974401321222,0.6794281585466556,17.0,44.210117029649616,0,1,0,0,0
0.5745974401321222,0.6794281585466556,17.0,44.210117029649616,0,1,0,0,0
0.5734826589595375,0.6793971924029728,16.0,41.26061145549684,0,1,0,0,0
0.570824676526855,0.6769176969123486,20.0,51.11253369179064,0,1,0,0,0
0.5714212247752659,0.6780696521506593,19.0,48.36933162818855,0,1,0,0,0
0.5709892415608994,0.6781210787237981,22.0,55.15050460168595,0,1,0,0,0
0.5713800835167547,0.6775759570485261,20.0,50.86918821158761,0,1,0,0,0
0.5696818759480179,0.6744147911286025,22.0,55.26735370465351,0,1,0,0,0
0.5668469387755102,0.6721020408163265,21.0,53.30598957643014,0,1,0,0,0
0.5680962899333252,0.6728944246737841,18.0,46.07910335561993,0,1,0,0,0
0.5696325944170771,0.6760160098522168,19.0,48.21088548125145,0,1,0,0,0
0.5667668834621835,0.6709923507996891,20.0,51.33349607139173,0,1,0,0,0
0.5667668834621835,0.6709923507996891,20.0,51.33349607139173,0,1,0,0,0
0.5698784275810997,0.6728241416904943,21.0,52.95500576417649,0,1,0,0,0
0.5681678733586943,0.6721785904200924,23.0,57.952856177857,0,1,0,0,0
0.5704852611441384,0.6746857836381215,19.0,48.054442366281826,0,1,0,0,0
0.5714006541460104,0.6753337584596713,20.0,51.717201785077116,0,1,0,0,0
0.5698784275810997,0.6734206899389052,22.0,55.152522308752715,0,1,0,0,0
0.5698784275810997,0.6734206899389052,22.0,55.152522308752715,0,1,0,0,0
0.5731399486882397,0.6767359099561367,20.0,50.90177328638171,0,1,0,0,0
0.5722646573080099,0.6788604459124691,22.0,55.46302026353217,0,1,0,0,0
0.5717072667217176,0.6750103220478944,22.0,56.26702947459274,0,1,0,0,0
0.5723472336911644,0.6751961189099918,23.0,58.64643222520976,0,1,0,0,0
0.5739617940199335,0.6767753322259136,22.0,55.74809206194629,0,1,0,0,0
0.5739617940199335,0.6767753322259136,22.0,55.74809206194629,0,1,0,0,0
0.5710156895127994,0.6728633360858794,21.0,53.899601084305324,0,1,0,0,0
0.5718724194880265,0.6761457473162675,23.0,59.30092890478704,0,1,0,0,0
0.5674568965517242,0.6716851395730706,21.0,53.637979841420794,0,1,0,0,0
0.566902709359606,0.672793513957307,21.0,53.10512310210249,0,1,0,0,0
0.5672926929392447,0.6722701149425288,25.0,62.65898228402963,0,1,0,0,0
0.5688115763546798,0.6726806239737274,22.0,56.595048936953425,0,1,0,0,0
0.5688115763546798,0.6726806239737274,22.0,56.595048936953425,0,1,0,0,0
0.5699834847233691,0.6751548307184145,20.0,51.45417070206386,0,1,0,0,0
0.5702931461601982,0.6745871180842279,18.0,45.922815253408196,0,1,0,0,0
0.5721093086373713,0.6750782107858371,17.0,43.49191660588454,0,1,0,0,0
0.572130470685384,0.6757535094962841,24.0,60.75671041521918,0,1,0,0,0
0.5730054622196474,0.6744186046511628,20.0,50.6993981531166,0,1,0,0,0
0.5730054622196474,0.6744186046511628,20.0,50.6993981531166,0,1,0,0,0
0.5736814784053156,0.6768480066445183,23.0,57.212832960081144,0,1,0,0,0
0.5736814784053156,0.6768480066445183,23.0,57.212832960081144,0,1,0,0,0
0.573421926910299,0.6772840531561461,23.0,57.36631406289388,0,1,0,0,0
0.5705821635012387,0.6745871180842279,19.0,48.28236132314405,0,1,0,0,0
0.5704273327828241,0.6745871180842279,19.0,49.339855441640786,0,1,0,0,0
0.5704273327828241,0.6745871180842279,19.0,49.339855441640786,0,1,0,0,0
0.5729443521594685,0.6790074750830565,20.0,49.98242668337722,0,1,0,0,0
0.5729443521594685,0.6790074750830565,20.0,49.98242668337722,0,1,0,0,0
0.5686209744013212,0.6747729149463253,24.0,60.092595588325416,0,1,0,0,0
0.5686209744013212,0.6747729149463253,24.0,60.092595588325416,0,1,0,0,0
0.573390780730897,0.676609219269103,21.0,52.5123865244906,0,1,0,0,0
0.5732454318936877,0.676702657807309,15.0,38.361860114720955,0,1,0,0,0
0.5735568936877077,0.6791839700996678,20.0,51.232656733014025,0,1,0,0,0
0.5701486374896779,0.6743600330305533,24.0,59.78629342915363,0,1,0,0,0
0.5736399501661129,0.6788517441860465,20.0,51.054855236517525,0,1,0,0,0
0.5738683554817275,0.6779796511627907,19.0,48.198862822330796,0,1,0,0,0
0.5696007240861498,0.67575545635941,23.0,58.2931254166244,0,1,0,0,0
0.5744082225913621,0.679703073089701,22.0,55.63674937386604,0,1,0,0,0
0.5745639534883721,0.678031561461794,22.0,56.15976213354065,0,1,0,0,0
0.5706750619322873,0.6718517753922378,19.0,48.81277008401531,0,1,0,0,0
0.574750830564784,0.6769725913621263,20.0,50.53976430257762,0,1,0,0,0
0.5767900308410436,0.6782945736434108,20.0,51.040302120577444,0,1,0,0,0
0.5765712261398683,0.6801596232391431,19.0,48.525616111666714,0,1,0,0,0
0.5709537572254335,0.6738232865400495,21.0,52.85872407718925,0,1,0,0,0
0.5707473162675475,0.6740710156895128,24.0,60.35420054723914,0,1,0,0,0
0.5705202312138729,0.6727601156069364,22.0,56.421031040341624,0,1,0,0,0
0.5703860445912469,0.6735136251032204,23.0,57.87027408322541,0,1,0,0,0
0.5733388704318937,0.6759862956810632,22.0,55.510222884626394,0,1,0,0,0
0.5715116279069767,0.6759862956810632,22.0,55.127747407665126,0,1,0,0,0
0.5729132059800665,0.6756436877076412,24.0,60.545213001688715,0,1,0,0,0
0.5723629568106312,0.675280315614618,22.0,56.38709191394149,0,1,0,0,0
0.5739929401993356,0.6762354651162791,19.0,48.36635631602645,0,1,0,0,0
0.5739929401993356,0.6762354651162791,19.0,48.36635631602645,0,1,0,0,0
0.5695293146160199,0.6738955408753097,21.0,53.696675041443655,0,1,0,0,0
0.5695293146160199,0.6738955408753097,21.0,53.696675041443655,0,1,0,0,0
0.5680429397192402,0.6732039636663915,22.0,55.729055548234115,0,1,0,0,0
0.5724771594684386,0.6763185215946844,19.0,48.80351668487991,0,1,0,0,0
0.5718853820598007,0.6747093023255814,21.0,53.473054318496615,0,1,0,0,0
0.5730571877844906,0.6754220806091202,20.0,51.09720263744069,0,1,0,0,0
0.5712943848059455,0.6758670520231214,20.0,50.44948026476079,0,1,0,0,0
0.5735880398671096,0.6803259966777409,20.0,50.24348034356378,0,1,0,0,0
0.5741071428571428,0.6807828073089701,20.0,50.357059261897405,0,1,0,0,0
0.5732330547049573,0.6783083671273691,19.0,47.627385388354945,0,1,0,0,0
0.577234753550543,0.6804824561403509,22.0,55.1143325259699,0,1,0,0,0
0.575326215895611,0.6800690932550831,20.0,50.36525503227886,0,1,0,0,0
0.575326215895611,0.6800690932550831,20.0,50.36525503227886,0,1,0,0,0
0.5754490392648287,0.6805451127819548,21.0,53.02565171299685,0,1,0,0,0
0.575187969924812,0.6805451127819548,19.0,48.295367256987916,0,1,0,0,0
0.5771133329141253,0.6817162380263682,20.0,51.48758484892176,0,1,0,0,0
0.5786869747899159,0.681376050420168,17.0,44.740391924627204,0,1,0,0,0
0.5765559732664995,0.6812447786131997,26.0,66.46461496628109,0,1,0,0,0
0.577015455304929,0.6817460317460318,19.0,47.911086204251795,0,1,0,0,0
0.5729547342192691,0.6773671096345515,19.0,47.818507915414166,0,1,0,0,0
0.5729547342192691,0.6773671096345515,19.0,47.818507915414166,0,1,0,0,0
0.5729235880398671,0.6786337209302326,19.0,48.115022346876565,0,1,0,0,0
0.5728924418604651,0.6770245016611296,21.0,53.833161521087874,0,1,0,0,0
0.5758771929824561,0.6817982456140351,24.0,61.36117672110345,0,1,0,0,0
0.573079318936877,0.6769933554817276,18.0,45.745649952785826,0,1,0,0,0
0.5721449335548173,0.678249584717608,24.0,61.18480678082679,0,1,0,0,0
0.5713662790697674,0.6741798172757475,23.0,58.31761937574963,0,1,0,0,0
0.5726951827242525,0.6759240033222591,22.0,56.385149430990474,0,1,0,0,0
0.5719476744186046,0.6765573089700997,22.0,56.120666216850815,0,1,0,0,0
0.5719476744186046,0.6765573089700997,22.0,56.120666216850815,0,1,0,0,0
0.5726640365448505,0.6756125415282392,18.0,46.47522318488516,0,1,0,0,0
0.5753550543024227,0.6806077694235589,20.0,50.54534580592791,0,1,0,0,0
0.5750522138680033,0.6819444444444445,16.0,40.8167602875624,0,1,0,0,0
0.574780701754386,0.6816520467836257,21.0,53.12130661445734,0,1,0,0,0
0.5714597176079734,0.6773982558139535,20.0,50.63440651517193,0,1,0,0,0
0.573608803986711,0.6800975913621262,21.0,52.28420147684675,0,1,0,0,0
0.57453280730897,0.6801598837209303,22.0,55.61426614001768,0,1,0,0,0
0.5732765780730897,0.6800872093023256,21.0,53.06243980046921,0,1,0,0,0
0.5757518796992481,0.6800960735171262,16.0,40.96731393787911,0,1,0,0,0
0.575062656641604,0.6826336675020885,17.0,44.23533802992208,0,1,0,0,0
0.5727470930232558,0.6788309800664452,21.0,52.659055365764864,0,1,0,0,0
0.5727470930232558,0.6788309800664452,21.0,52.659055365764864,0,1,0,0,0
0.570419183977489,0.6756393279814615,22.0,55.925802707379226,0,1,0,0,0
0.57200198626169,0.6761669287428619,25.0,63.34959098835957,0,1,0,0,0
0.5727675246213688,0.6758462302408342,23.0,57.488095986409796,0,1,0,0,0
0.5700041288191577,0.6752683732452519,22.0,55.36270941808549,0,1,0,0,0
0.5711498761354252,0.6765173410404625,17.0,43.90352479510261,0,1,0,0,0
0.5711498761354252,0.6765173410404625,17.0,43.90352479510261,0,1,0,0,0
0.5732765780730897,0.678031561461794,17.0,43.64232038946107,0,1,0,0,0
0.5732765780730897,0.678031561461794,17.0,43.64232038946107,0,1,0,0,0
0.5697563996696945,0.6750309661436829,21.0,53.454480892320674,0,1,0,0,0
0.5719269102990033,0.6770660299003323,19.0,47.70845530991613,0,1,0,0,0
0.5700247729149464,0.6743600330305533,21.0,53.47994349805391,0,1,0,0,0
0.5691061106523534,0.6728014037985136,19.0,49.45773862751668,0,1,0,0,0
0.5724460132890365,0.6781665282392026,20.0,50.141176026715215,0,1,0,0,0
0.5715427740863788,0.6750207641196013,18.0,46.109627014932464,0,1,0,0,0
0.5715427740863788,0.6750207641196013,18.0,46.109627014932464,0,1,0,0,0
0.5722902823920266,0.6738891196013289,20.0,51.05997882615226,0,1,0,0,0
0.5730481727574751,0.6773359634551495,22.0,56.66092952247385,0,1,0,0,0
0.5734738372093023,0.6782599667774086,24.0,59.991986955440254,0,1,0,0,0
0.5734738372093023,0.6782599667774086,24.0,59.991986955440254,0,1,0,0,0
0.5723006644518273,0.6775332225913622,21.0,52.943038278759886,0,1,0,0,0
0.5723006644518273,0.6775332225913622,21.0,52.943038278759886,0,1,0,0,0
0.5734946013289036,0.6775124584717608,24.0,60.92471811108018,0,1,0,0,0
0.5701486374896779,0.6744838976052849,24.0,60.82312042834765,0,1,0,0,0
0.5751148705096073,0.6802527151211362,19.0,48.00652880841353,0,1,0,0,0
0.5751148705096073,0.6802527151211362,19.0,48.00652880841353,0,1,0,0,0
0.573553753206985,0.6772221302656625,21.0,54.23687687154722,0,1,0,0,0
0.5750244531851575,0.6811408711577283,17.0,43.42778073870662,0,1,0,0,0
0.5719812960357528,0.6784428535959612,25.0,63.026469409585694,0,1,0,0,0
0.572508896797153,0.6767048746172308,17.0,43.41577765005938,0,1,0,0,0
0.572395100554498,0.6810291318381196,18.0,45.76675994162484,0,1,0,0,0
0.5738787375415283,0.6807308970099668,16.0,40.851678981947984,0,1,0,0,0
0.5738787375415283,0.6807308970099668,16.0,40.851678981947984,0,1,0,0,0
0.5707012527513217,0.6765885668442597,22.0,55.60061703042691,0,1,0,0,0
0.5670225385527876,0.6711661962612999,20.0,51.693384832427924,0,1,0,0,0
0.5717382328654005,0.6800681255161024,22.0,56.15244428173041,0,1,0,0,0
0.5740192832905735,0.6809153355954647,20.0,50.83850095408121,0,1,0,0,0
0.5753945182724253,0.6805855481727575,19.0,48.23357129196314,0,1,0,0,0
0.5744497508305648,0.6801598837209303,18.0,46.320570100169164,0,1,0,0,0
0.5744497508305648,0.6801598837209303,18.0,46.320570100169164,0,1,0,0,0
0.5734738372093023,0.6774709302325581,18.0,45.66568724805937,0,1,0,0,0
0.5735465116279069,0.6780523255813954,20.0,51.37973559608817,0,1,0,0,0
0.5724415204678363,0.6772243107769423,18.0,46.18528020995315,0,1,0,0,0
0.5752205882352941,0.6775420168067227,23.0,58.25191942110553,0,1,0,0,0
0.5800089075523319,0.6800279951644715,21.0,53.0349161722681,0,1,0,0,0
0.5800089075523319,0.6800279951644715,21.0,53.0349161722681,0,1,0,0,0
0.5765970904490828,0.6810879190385831,23.0,57.93448035101293,0,1,0,0,0
0.5800831371550974,0.6829653665881954,21.0,52.957069472502354,0,1,0,0,0
0.573770148190069,0.6783206522878283,21.0,54.33874268992954,0,1,0,0,0
0.5758088235294118,0.6831932773109244,22.0,54.86307439837288,0,1,0,0,0
0.5774684873949579,0.6861029411764706,18.0,45.66504912695093,0,1,0,0,0
0.5774684873949579,0.6861029411764706,18.0,45.66504912695093,0,1,0,0,0
0.5743525480367586,0.6821428571428572,20.0,51.12029965679293,0,1,0,0,0
0.5743525480367586,0.6821428571428572,20.0,51.12029965679293,0,1,0,0,0
0.5746031746031746,0.6803258145363409,21.0,53.27587938836712,0,1,0,0,0
0.5738095238095238,0.679344193817878,20.0,50.41632800372991,0,1,0,0,0
0.5769642857142857,0.6830357142857143,21.0,52.29304564641149,0,1,0,0,0
0.576890756302521,0.6830042016806722,20.0,50.13492222587226,0,1,0,0,0
0.5768067226890756,0.682468487394958,22.0,55.4938168059389,0,1,0,0,0
0.577048319327731,0.6811449579831933,22.0,55.05992225507035,0,1,0,0,0
0.5752100840336134,0.681953781512605,23.0,57.64187990233697,0,1,0,0,0
0.5801043456130305,0.688903734809442,19.0,47.854471406607345,0,1,0,0,0
0.5801043456130305,0.688903734809442,19.0,47.854471406607345,0,1,0,0,0
0.578233305156382,0.6841081994928149,18.0,46.06523459249805,0,1,0,0,0
0.5792371090448013,0.6816990701606086,20.0,50.780281282637205,0,1,0,0,0
0.5798076923076924,0.6824387151310228,19.0,48.35334443417306,0,1,0,0,0
0.5844365927376443,0.6891575496998851,20.0,50.85507085845636,0,1,0,0,0
0.5745666436102203,0.6822088075625145,16.0,41.30540219591652,0,1,0,0,0
0.5740021008403361,0.6777415966386554,21.0,53.03784410677807,0,1,0,0,0
0.5740021008403361,0.6777415966386554,21.0,53.03784410677807,0,1,0,0,0
0.579287819982609,0.685255880044962,21.0,52.46879165068135,0,1,0,0,0
0.5752478567985077,0.6818105598524388,19.0,47.80095940665752,0,1,0,0,0
0.5798137960220059,0.6854951333051206,17.0,43.544755748920096,0,1,0,0,0
0.5795649194929771,0.6869968311065433,17.0,43.211093183274095,0,1,0,0,0
0.5796616067156714,0.6836588230177025,20.0,50.79711241722899,0,1,0,0,0
0.5764252662825214,0.6837240265409464,20.0,50.092175930322846,0,1,0,0,0
0.5820107584244687,0.6868275984707033,20.0,49.81926339139113,0,1,0,0,0
0.5764163372859025,0.6788647342995169,20.0,50.8226281802908,0,1,0,0,0
0.5763943785682916,0.6787659200702679,17.0,43.570359772462176,0,1,0,0,0
0.5763943785682916,0.6787659200702679,17.0,43.570359772462176,0,1,0,0,0
0.5769872639437856,0.6827514273166447,18.0,46.32789923485929,0,1,0,0,0
0.5786341677646025,0.683695652173913,17.0,43.94140576217222,0,1,0,0,0
0.5795015371102328,0.6870004391743523,18.0,45.727716975966445,0,1,0,0,0
0.5764580059367906,0.6812358128164834,24.0,60.25319043641204,0,1,0,0,0
0.5754099430211822,0.6799834717933104,18.0,46.227499205948355,0,1,0,0,0
0.5738342808966904,0.677197950669059,23.0,58.11486069499461,0,1,0,0,0
0.5735964893318057,0.6769925852266586,20.0,50.47162910875985,0,1,0,0,0
0.5736613415767743,0.680191962645107,19.0,48.983687538533246,0,1,0,0,0
0.5764283706954323,0.6822672344841004,20.0,51.39096358106659,0,1,0,0,0
0.5750880909660823,0.6801379191076331,18.0,46.21901374791582,0,1,0,0,0
0.5778348049236658,0.6816906615632204,22.0,55.47164607920122,0,1,0,0,0
0.5782368604854199,0.6823817007159071,15.0,38.48169945279443,0,1,0,0,0
0.573715385114248,0.6783869084934824,20.0,50.77201444468133,0,1,0,0,0
0.576301596276804,0.681277456395981,19.0,48.14168856631073,0,1,0,0,0
0.5749475777686505,0.6780086037311658,19.0,48.97118716775604,0,1,0,0,0
0.5749475777686505,0.6780086037311658,19.0,48.97118716775604,0,1,0,0,0
0.5731163572136303,0.6783052599836299,22.0,57.431478826797196,0,1,0,0,0
0.578833318887059,0.6846558897460345,17.0,43.59743689072321,0,1,0,0,0
0.5725806451612904,0.6785180918245435,21.0,53.28688539884936,0,1,0,0,0
0.5725806451612904,0.6785180918245435,21.0,53.28688539884936,0,1,0,0,0
0.5780597079222849,0.6849717830525999,19.0,48.115944282727405,0,1,0,0,0
0.5784905010123638,0.6860918450868048,16.0,41.63551722594036,0,1,0,0,0
0.5832064720977774,0.6880518463746683,18.0,45.6684088182379,0,1,0,0,0
0.58059937592095,0.6866386408945133,21.0,53.09805808532012,0,1,0,0,0
0.58059937592095,0.6866386408945133,21.0,53.09805808532012,0,1,0,0,0
0.5753241718002843,0.6792314651272994,21.0,53.02680600817767,0,1,0,0,0
0.5774443891999395,0.6808512938022871,21.0,53.79756275286465,0,1,0,0,0
0.5753717552002751,0.6807740244112085,17.0,43.15551913407452,0,1,0,0,0
0.572980900993491,0.6804235183281946,20.0,51.27336429745876,0,1,0,0,0
0.5800925225361552,0.6880715104087853,21.0,53.54723631114107,0,1,0,0,0
0.5789536035841986,0.6838517210183949,21.0,54.99958710566151,0,1,0,0,0
0.5789105242751906,0.6828178176022056,19.0,48.94883470346764,0,1,0,0,0
0.5806667530336399,0.6856674007859395,16.0,41.01621204423537,0,1,0,0,0
0.5786089691121354,0.6800176625166933,17.0,43.80314482236387,0,1,0,0,0
0.5734981649604017,0.6777412916103277,23.0,57.88897937472972,0,1,0,0,0
0.5761896506890872,0.6827489815376614,23.0,58.17127789841557,0,1,0,0,0
0.5740641020118037,0.6766251669323224,20.0,50.87469812106883,0,1,0,0,0
0.5740641020118037,0.6766251669323224,20.0,50.87469812106883,0,1,0,0,0
0.5741044985840593,0.6774033161114594,18.0,45.48693733666167,0,1,0,0,0
0.57474221232625,0.6818132687693206,19.0,47.66478238922651,0,1,0,0,0
0.575012430013619,0.6797379969303271,17.0,43.94630940915299,0,1,0,0,0
0.5742471890750872,0.6783698789471417,23.0,58.427959780190164,0,1,0,0,0
0.579136690647482,0.6827273121262026,18.0,46.05187574402922,0,1,0,0,0
0.5792667071162347,0.6837782785819537,18.0,46.08528134720025,0,1,0,0,0
0.5764550036617413,0.6797914961444018,16.0,41.04468164184986,0,1,0,0,0
0.5765796926003588,0.6787219784258198,22.0,56.40176107795434,0,1,0,0,0
0.5772282150500443,0.6810674679521823,21.0,53.30636176160567,0,1,0,0,0
0.5772282150500443,0.6810674679521823,21.0,53.30636176160567,0,1,0,0,0
0.5762986662054952,0.6827428176138697,19.0,49.071448585892675,0,1,0,0,0
0.5752810924912765,0.6796514883901262,20.0,51.58062331206852,0,1,0,0,0
0.5746564425106622,0.6803838366432602,20.0,50.72268396546351,0,1,0,0,0
0.578492833826931,0.6826347305389222,20.0,51.016250594527264,0,1,0,0,0
0.575819583853875,0.6791129970275277,21.0,53.78257234816686,0,1,0,0,0
0.575819583853875,0.6791129970275277,21.0,53.78257234816686,0,1,0,0,0
0.5733963727221816,0.6797161073536381,22.0,55.87854996225682,0,1,0,0,0
0.5826824198665354,0.686194070670605,18.0,45.82731682930196,0,1,0,0,0
0.5768397330328509,0.6810912715610644,22.0,55.35298190841193,0,1,0,0,0
0.5798573354791006,0.6836153277369406,21.0,53.47892229115713,0,1,0,0,0
0.579313644469575,0.6837784350397982,20.0,50.87299819684755,0,1,0,0,0
0.5782374100719424,0.6829223368293317,17.0,43.14490722463287,0,1,0,0,0
0.5758447004907153,0.6815430510819516,14.0,35.451373880866996,0,1,0,0,0
0.575819583853875,0.6775944513849997,20.0,50.529996902469236,0,1,0,0,0
0.575819583853875,0.6775944513849997,20.0,50.529996902469236,0,1,0,0,0
0.578833318887059,0.6820663950767097,19.0,48.23395670399749,0,1,0,0,0
0.5772228699745218,0.6807984626678758,23.0,57.47558343787112,0,1,0,0,0
0.5791800294703996,0.6851001126809396,21.0,53.6395437774957,0,1,0,0,0
0.5795917482881165,0.6818497009621218,24.0,60.26291573450105,0,1,0,0,0
0.57863829418393,0.6842875097512352,22.0,55.501916037825964,0,1,0,0,0
0.5787141371240357,0.6810154286209587,20.0,50.31014469071205,0,1,0,0,0
0.5789221869427167,0.6835065895350354,20.0,50.14341661109398,0,1,0,0,0
0.5760500659331157,0.6772087593765538,18.0,45.83571021406772,0,1,0,0,0
0.5787047105389065,0.6813970684180767,20.0,50.6142879638473,0,1,0,0,0
0.5787047105389065,0.6813970684180767,20.0,50.6142879638473,0,1,0,0,0
0.5780087860467139,0.6824953242573181,22.0,56.94027523364043,0,1,0,0,0
0.5779870384063329,0.6802661911182637,23.0,58.952178328215936,0,1,0,0,0
0.5779870384063329,0.6802661911182637,23.0,58.952178328215936,0,1,0,0,0
0.5834650856389987,0.6867808519982433,20.0,52.019448042980095,0,1,0,0,0
0.5799769475011961,0.6812883302161715,16.0,41.31261047097307,0,1,0,0,0
0.5799769475011961,0.6812883302161715,16.0,41.31261047097307,0,1,0,0,0
0.5752918623185284,0.6767867143411019,22.0,56.04671269108846,0,1,0,0,0
0.5782590794834013,0.6808095692121002,19.0,48.871993824262645,0,1,0,0,0
0.5756041873088356,0.6797914961444018,22.0,55.559077046797505,0,1,0,0,0
0.5786057900667417,0.6823047586027563,25.0,63.04335624705239,0,1,0,0,0
0.5807935469805974,0.6862982341399607,23.0,57.933047210945496,0,1,0,0,0
0.5808262480924351,0.6841617614998909,21.0,53.68586418965543,0,1,0,0,0
0.5808262480924351,0.6841617614998909,21.0,53.68586418965543,0,1,0,0,0
0.5816103270976917,0.684323378186194,21.0,53.50853732045767,0,1,0,0,0
0.577728178902661,0.680777065094912,20.0,50.7734431570752,0,1,0,0,0
0.5825073843124384,0.6855923859533968,21.0,53.25843128540796,0,1,0,0,0
0.5832454984628898,0.6873517786561265,18.0,47.03149537142595,0,1,0,0,0
0.58128213543376,0.6864785034460125,22.0,56.45234045474396,0,1,0,0,0
0.5791317443687795,0.6840077702112799,24.0,61.24874426597811,0,1,0,0,0
0.5790723115632863,0.6821901323706377,21.0,53.43295298448849,0,1,0,0,0
0.5819279754062363,0.6837505489679403,19.0,48.89644466339165,0,1,0,0,0
0.5819279754062363,0.6837505489679403,19.0,48.89644466339165,0,1,0,0,0
0.5800459468329504,0.6835028990263647,23.0,58.296450098015185,0,1,0,0,0
0.5814558629776021,0.6841238471673254,18.0,45.743814087431026,0,1,0,0,0
0.5798709112788535,0.6847937862378296,17.0,43.25604392310392,0,1,0,0,0
0.5800568865550815,0.6835028990263647,21.0,53.84934970250581,0,1,0,0,0
0.5822573561703996,0.6858366271409749,20.0,50.5144722174605,0,1,0,0,0
0.5822573561703996,0.6858366271409749,20.0,50.5144722174605,0,1,0,0,0
0.58014440433213,0.682977792364074,23.0,58.15391650977625,0,1,0,0,0
0.58014440433213,0.682977792364074,23.0,58.15391650977625,0,1,0,0,0
0.5739531766791327,0.6777924295812706,24.0,61.10142818551792,0,1,0,0,0
0.5795682730923695,0.6833311506897154,16.0,41.765399633837234,0,1,0,0,0
0.5824659639877031,0.6864624505928854,17.0,44.096785780142625,0,1,0,0,0
0.5814009661835748,0.686550285463329,20.0,50.49446299435028,0,1,0,0,0
0.5825977162933684,0.6882630654369785,20.0,50.80938729471618,0,1,0,0,0
0.582092665788318,0.6863965744400528,23.0,57.898834847778474,0,1,0,0,0
0.5826416337285902,0.686945542380325,20.0,50.78637978371206,0,1,0,0,0
0.5826416337285902,0.686945542380325,20.0,50.78637978371206,0,1,0,0,0
0.5813241106719368,0.6829710144927537,21.0,54.00789366219278,0,1,0,0,0
0.5809617918313571,0.6841677646025472,18.0,46.77177096449915,0,1,0,0,0
0.5819938515590689,0.6842775581906017,19.0,48.58377601116002,0,1,0,0,0
0.5826306543697848,0.6860671936758893,21.0,54.23716100088919,0,1,0,0,0
0.5810305218247457,0.6850453998468439,22.0,55.529224135236134,0,1,0,0,0
0.579958429055902,0.6837654523575101,19.0,48.27973076683242,0,1,0,0,0
0.579958429055902,0.6837654523575101,19.0,48.27973076683242,0,1,0,0,0
0.5763342177373755,0.6801900743769301,20.0,51.001891626730114,0,1,0,0,0
0.5806148123837654,0.6869160923312548,24.0,60.4859745336427,0,1,0,0,0
0.5826965305226175,0.6871541501976285,18.0,46.553330496954246,0,1,0,0,0
0.5837575757575758,0.6884407713498623,20.0,50.90600028391711,0,1,0,0,0
0.5837575757575758,0.6884407713498623,20.0,50.90600028391711,0,1,0,0,0
0.5771237122402654,0.6836476340143182,23.0,58.35282714187838,0,1,0,0,0
0.5813241106719368,0.6839811155028547,19.0,49.05248407335541,0,1,0,0,0
0.5815876152832674,0.6845849802371542,22.0,55.75402169739162,0,1,0,0,0
0.5815876152832674,0.6845849802371542,22.0,55.75402169739162,0,1,0,0,0
0.5780949886502532,0.6827527501309586,24.0,60.03064600852922,0,1,0,0,0
0.579400503227218,0.6818072420960508,21.0,53.30476594419159,0,1,0,0,0
0.5826776859504132,0.6861928374655647,19.0,49.27506501568955,0,1,0,0,0
0.5786566021223061,0.6827261787550596,23.0,57.92264993396489,0,1,0,0,0
0.5811045234958279,0.683915239350022,19.0,49.14952223371518,0,1,0,0,0
0.5791707690624658,0.6825620829230937,22.0,55.96879477671608,0,1,0,0,0
0.5788863362870583,0.6816540859862159,20.0,51.03694981182065,0,1,0,0,0
0.5785472049009955,0.6819056995952303,22.0,56.01039069848806,0,1,0,0,0
0.5808410188844971,0.6832784365393061,21.0,53.74437003066444,0,1,0,0,0
0.5805226174791392,0.6829929732103646,20.0,51.18279382939349,0,1,0,0,0
0.5801932367149758,0.6826086956521739,20.0,51.37916328288802,0,1,0,0,0
0.5822920110192837,0.6858071625344353,19.0,49.05404274829336,0,1,0,0,0
0.582534435261708,0.6852451790633609,20.0,51.495839879451985,0,1,0,0,0
0.5847560975609756,0.6887583148558758,21.0,52.63447378283862,0,1,0,0,0
0.5789855072463768,0.6837395696091348,19.0,47.23898287557768,0,1,0,0,0
0.580793388429752,0.6829641873278237,20.0,51.4251535769365,0,1,0,0,0
0.5813774104683196,0.6846391184573003,21.0,53.38174425325388,0,1,0,0,0
0.5783284104583744,0.6796302373919703,21.0,53.2577779489915,0,1,0,0,0
0.5783284104583744,0.6796302373919703,21.0,53.2577779489915,0,1,0,0,0
0.5805555555555556,0.6848484848484848,19.0,48.87655171680094,0,1,0,0,0
0.5786746987951807,0.6808214676889376,16.0,42.600436620364036,0,1,0,0,0
0.5779299014238773,0.678236582694414,15.0,39.87205900900556,0,1,0,0,0
0.5757595599790466,0.6776999301554042,22.0,55.53874773911216,0,1,0,0,0
0.579040404040404,0.6824440052700922,19.0,48.968131845150374,0,1,0,0,0
0.5800110192837465,0.682633608815427,18.0,46.46074736196603,0,1,0,0,0
0.5796804407713498,0.6821818181818182,19.0,48.90360998676007,0,1,0,0,0
0.5755522088353414,0.6768377859263139,22.0,55.72293821148031,0,1,0,0,0
0.578227931488801,0.6820267896354852,19.0,49.051302933111415,0,1,0,0,0
0.5778875713658322,0.682389108476065,24.0,60.977003724207805,0,1,0,0,0
0.5749083289680461,0.6776126244106863,27.0,67.38928965839774,0,1,0,0,0
0.5799187527448397,0.681379007465964,22.0,56.13571515402752,0,1,0,0,0
0.5793917435221783,0.6797101449275362,21.0,53.48330561622472,0,1,0,0,0
0.5813443526170798,0.6838236914600551,20.0,50.40958933644966,0,1,0,0,0
0.5813443526170798,0.6838236914600551,20.0,50.40958933644966,0,1,0,0,0
0.5807823691460056,0.6817961432506887,19.0,48.4675597904587,0,1,0,0,0
0.5807823691460056,0.6817961432506887,19.0,48.4675597904587,0,1,0,0,0
0.5751702462022001,0.6765649554740701,20.0,51.200787795821675,0,1,0,0,0
0.5751702462022001,0.6765649554740701,20.0,51.200787795821675,0,1,0,0,0
0.5788647342995169,0.6807531840140536,21.0,53.84473425944627,0,1,0,0,0
0.5788208168642951,0.6813460693895477,23.0,57.98698883549472,0,1,0,0,0
0.5782608695652174,0.6807971014492754,21.0,52.80865298507037,0,1,0,0,0
0.5796143250688706,0.6829531680440771,16.0,42.24512531628599,0,1,0,0,0
0.5803195592286501,0.6836253443526171,19.0,49.26011618800199,0,1,0,0,0
0.5802203856749312,0.6831515151515152,20.0,51.55472576974148,0,1,0,0,0
0.5794380165289256,0.6824903581267218,22.0,55.79256524644426,0,1,0,0,0
0.5830931263858093,0.6856208425720621,18.0,46.11306261060869,0,1,0,0,0
0.5817868504772005,0.6852575998586072,20.0,52.0712445260896,0,1,0,0,0
0.5817868504772005,0.6852575998586072,20.0,52.0712445260896,0,1,0,0,0
0.58067217630854,0.6829862258953168,21.0,54.05428842880496,0,1,0,0,0
0.58067217630854,0.6829862258953168,21.0,54.05428842880496,0,1,0,0,0
0.5810798898071625,0.6834931129476584,18.0,45.69111632530702,0,1,0,0,0
0.5792066115702479,0.6830743801652892,19.0,48.56427298032428,0,1,0,0,0
0.5778985507246377,0.6821036451471234,22.0,56.2204821932159,0,1,0,0,0
0.5778985507246377,0.6821036451471234,22.0,56.2204821932159,0,1,0,0,0
0.5799228650137741,0.6821707988980716,20.0,52.11153074875661,0,1,0,0,0
0.5798787878787879,0.6826556473829201,18.0,46.70271164496163,0,1,0,0,0
0.5776021080368906,0.6805335968379447,22.0,56.15909067762604,0,1,0,0,0
0.580176308539945,0.6818953168044077,20.0,51.97666540498318,0,1,0,0,0
0.5787329819938516,0.680050505050505,24.0,61.01753628895773,0,1,0,0,0
0.5807493112947658,0.6828870523415977,21.0,53.54992198541363,0,1,0,0,0
0.580297520661157,0.6822369146005509,21.0,54.39020856808077,0,1,0,0,0
0.5799449035812673,0.6833057851239669,22.0,55.79354936855039,0,1,0,0,0
0.5799449035812673,0.6833057851239669,22.0,55.79354936855039,0,1,0,0,0
0.5815527538155275,0.6839194868391949,17.0,44.050852729248525,0,1,0,0,0
0.5801924353019243,0.683178500331785,16.0,41.90752185761483,0,1,0,0,0
0.5794380165289256,0.6826887052341598,20.0,51.32191252963842,0,1,0,0,0
0.5801212121212121,0.6821928374655647,18.0,47.17476034419735,0,1,0,0,0
0.577185104052574,0.6781927710843374,19.0,48.5312860997936,0,1,0,0,0
0.577185104052574,0.6781927710843374,19.0,48.5312860997936,0,1,0,0,0
0.5826705549664192,0.6845837751855779,20.0,50.87978816234564,0,1,0,0,0
0.5839689578713969,0.6884811529933481,19.0,47.9052932466164,0,1,0,0,0
0.5808368681512902,0.6854674796747967,23.0,58.43548560107452,0,1,0,0,0
0.5808368681512902,0.6854674796747967,23.0,58.43548560107452,0,1,0,0,0
0.580969423824673,0.6849593495934959,22.0,56.332940587628606,0,1,0,0,0
0.580969423824673,0.6849593495934959,22.0,56.332940587628606,0,1,0,0,0
0.5816874337221634,0.683412866737363,22.0,56.28591148516412,0,1,0,0,0
0.5813229056203606,0.6850366737363026,24.0,60.71790389729418,0,1,0,0,0
0.5771519543258674,0.6819828722002635,20.0,51.57544326413246,0,1,0,0,0
0.5771519543258674,0.6819828722002635,20.0,51.57544326413246,0,1,0,0,0
0.5772397891963109,0.681675450153711,22.0,56.281916257917125,0,1,0,0,0
0.5795371900826446,0.6811019283746557,22.0,56.22109860493699,0,1,0,0,0
0.5781949934123847,0.6808959156785244,20.0,50.61708293857067,0,1,0,0,0
0.5794159779614325,0.6822479338842975,18.0,45.646240087300924,0,1,0,0,0
0.583569844789357,0.6843348115299335,19.0,48.109119240277714,0,1,0,0,0
0.5765936473165388,0.6781599123767799,20.0,52.114674018679835,0,1,0,0,0
0.5796914600550964,0.6817190082644629,20.0,51.235377801346424,0,1,0,0,0
0.5825277161862528,0.6821618625277162,19.0,48.68782209298401,0,1,0,0,0
0.5825277161862528,0.6821618625277162,19.0,48.68782209298401,0,1,0,0,0
0.5834035476718403,0.6846784922394679,17.0,43.58315147479533,0,1,0,0,0
0.582051961823966,0.6827169494521033,22.0,55.53844939559765,0,1,0,0,0
0.5822066101095793,0.685058766348533,21.0,53.180760377241,0,1,0,0,0
0.5840687361419069,0.6850110864745012,20.0,51.4946205393351,0,1,0,0,0
0.5825055432372506,0.6858980044345898,20.0,50.60574391164415,0,1,0,0,0
0.5835033259423503,0.6872949002217295,21.0,52.81256032984398,0,1,0,0,0
0.5799228650137741,0.6822920110192837,18.0,46.265726249034856,0,1,0,0,0
0.5859007250418293,0.6877969882877858,17.0,43.2122336452709,0,1,0,0,0
0.577931488801054,0.6803030303030303,24.0,60.92128285044408,0,1,0,0,0
0.5791941150636802,0.681280193236715,23.0,58.8993405214298,0,1,0,0,0
0.5786231884057971,0.6800175669740887,22.0,56.15515918116932,0,1,0,0,0
0.580969696969697,0.6828099173553719,24.0,61.391888491146474,0,1,0,0,0
0.5819177173191772,0.6827471798274718,19.0,49.600835029250376,0,1,0,0,0
0.5819177173191772,0.6827471798274718,19.0,49.600835029250376,0,1,0,0,0
0.5805179063360881,0.6824022038567493,20.0,50.66049409510342,0,1,0,0,0
0.5803085399449036,0.681465564738292,19.0,48.760876150564165,0,1,0,0,0
0.5792727272727273,0.6815316804407714,21.0,54.139419080614,0,1,0,0,0
0.5824833702882484,0.6828935698447893,20.0,50.99006195438967,0,1,0,0,0
0.5830155210643015,0.6855875831485587,20.0,51.60601882401599,0,1,0,0,0
0.5798236914600551,0.6820165289256198,19.0,47.885550996885016,0,1,0,0,0
0.580612696306127,0.6833333333333333,20.0,50.73320993311458,0,1,0,0,0
0.5844423179633256,0.6860980060530533,17.0,43.55206940858364,0,1,0,0,0
0.5825609756097561,0.685509977827051,18.0,46.21454518595422,0,1,0,0,0
0.5819730148197302,0.685445697854457,17.0,44.05139529903638,0,1,0,0,0
0.5819730148197302,0.685445697854457,17.0,44.05139529903638,0,1,0,0,0
0.5814200398142004,0.6839194868391949,22.0,55.5022752986513,0,1,0,0,0
0.5846203489407157,0.6858865942674025,18.0,46.96817075140413,0,1,0,0,0
0.5834478935698448,0.6849334811529934,20.0,51.14582333584528,0,1,0,0,0
0.5819287768192878,0.682249502322495,20.0,51.894894890558795,0,1,0,0,0
0.5811435523114356,0.6830568458305685,19.0,49.18047200981608,0,1,0,0,0
0.5794269972451791,0.6807382920110193,20.0,51.19873408920741,0,1,0,0,0
0.5831152993348115,0.6863192904656319,18.0,46.270105859794,0,1,0,0,0
0.5793939393939394,0.6829641873278237,21.0,53.158516688207136,0,1,0,0,0
0.5828824833702883,0.6862416851441242,22.0,55.255294207266296,0,1,0,0,0
0.5828824833702883,0.6862416851441242,22.0,55.255294207266296,0,1,0,0,0
0.581320504313205,0.684815306348153,18.0,46.50073119210339,0,1,0,0,0
0.5770092226613965,0.6808959156785244,20.0,51.104869350254134,0,1,0,0,0
0.5761967501097935,0.6812362758014932,22.0,55.722165081881414,0,1,0,0,0
0.5766578831796223,0.681181379007466,22.0,55.97015817122194,0,1,0,0,0
0.5770860781730347,0.6820597277119016,22.0,55.960964411573855,0,1,0,0,0
0.5773056653491436,0.6800175669740887,17.0,43.80848232874012,0,1,0,0,0
0.5768335529205094,0.6806763285024154,22.0,55.61282090828777,0,1,0,0,0
0.577953447518665,0.6805555555555556,19.0,49.49037919856392,0,1,0,0,0
0.5775801493192797,0.680862977602108,19.0,48.550115228075725,0,1,0,0,0
0.5766249451032059,0.6803249890206412,22.0,55.30556521443585,0,1,0,0,0
0.5766249451032059,0.6803249890206412,22.0,55.30556521443585,0,1,0,0,0
0.5794049586776859,0.681267217630854,20.0,51.74033501768012,0,1,0,0,0
0.5794049586776859,0.681267217630854,20.0,51.74033501768012,0,1,0,0,0
0.5795702479338843,0.6811680440771349,20.0,51.29144387504918,0,1,0,0,0
0.5795702479338843,0.6811680440771349,20.0,51.29144387504918,0,1,0,0,0
0.5788650137741047,0.6828539944903581,18.0,46.50317315039369,0,1,0,0,0
0.578633608815427,0.6826887052341598,18.0,46.641657099275264,0,1,0,0,0
0.584408937155065,0.6863650525191384,19.0,49.11546289749964,0,1,0,0,0
0.5817407653174077,0.6852355673523557,17.0,43.97546246226791,0,1,0,0,0
0.5821951219512195,0.6848558758314855,17.0,43.205960313822175,0,1,0,0,0
0.5821951219512195,0.6848558758314855,17.0,43.205960313822175,0,1,0,0,0
0.584041748264198,0.6862982909026171,19.0,48.3376528925999,0,1,0,0,0
0.5804723400494874,0.6829157829621775,21.0,52.92458085284018,0,1,0,0,0
0.5760430390865173,0.6786890645586298,21.0,54.41642660311492,0,1,0,0,0
0.5785234159779614,0.6803085399449036,21.0,54.208167391483414,0,1,0,0,0
0.5789201101928375,0.6786556473829201,24.0,60.25488465436188,0,1,0,0,0
0.5759036144578313,0.6775575027382257,23.0,59.10603276401331,0,1,0,0,0
0.5797245179063361,0.6794049586776859,20.0,51.694867543008606,0,1,0,0,0
0.5810882548108826,0.6824043353240433,18.0,46.61067012610146,0,1,0,0,0
0.5786561264822134,0.6785902503293808,16.0,41.328475564750434,0,1,0,0,0
0.5786561264822134,0.6785902503293808,16.0,41.328475564750434,0,1,0,0,0
0.578425559947299,0.6805994729907774,17.0,43.25174671423413,0,1,0,0,0
0.5794931129476584,0.6817741046831955,20.0,51.62893517924998,0,1,0,0,0
0.5798898071625345,0.6835922865013774,19.0,49.66452969158326,0,1,0,0,0
0.5805986696230598,0.6813858093126386,21.0,52.97160694265477,0,1,0,0,0
0.5814523281596452,0.683980044345898,20.0,50.77196509846091,0,1,0,0,0
0.5819623059866962,0.684889135254989,21.0,53.1215153580107,0,1,0,0,0
0.5840083674559373,0.6872997151504362,18.0,46.28496954661888,0,1,0,0,0
0.5824722838137473,0.6850665188470066,19.0,49.207797598821955,0,1,0,0,0
0.583852590350721,0.6867544952821791,19.0,48.6892463497623,0,1,0,0,0
0.5839638597115898,0.6867544952821791,19.0,47.983192209939176,0,1,0,0,0
0.5798274717982748,0.6825923468259235,20.0,50.78403903803004,0,1,0,0,0
0.581265206812652,0.6843286883432869,21.0,53.23016515389595,0,1,0,0,0
0.581265206812652,0.6843286883432869,21.0,53.23016515389595,0,1,0,0,0
0.5803030303030303,0.6810771953107719,21.0,52.96249086769724,0,1,0,0,0
0.576723759332455,0.6800834431269214,19.0,48.241928698419265,0,1,0,0,0
0.5771190162494511,0.6775691699604743,22.0,55.60250473864674,0,1,0,0,0
0.5765041721563461,0.6780193236714975,23.0,57.92304823738937,0,1,0,0,0
0.5765041721563461,0.6780193236714975,23.0,57.92304823738937,0,1,0,0,0
0.5777300275482093,0.6797685950413224,18.0,46.85213337861312,0,1,0,0,0
0.5777300275482093,0.6797685950413224,18.0,46.85213337861312,0,1,0,0,0
0.5773223140495868,0.6800220385674931,19.0,48.11658584657703,0,1,0,0,0
0.583118212568987,0.6844400925761083,16.0,41.66787608695833,0,1,0,0,0
0.5800044238000442,0.6799933642999336,20.0,51.59932341298277,0,1,0,0,0
0.5834408937155064,0.6836723339861136,20.0,50.8725404134649,0,1,0,0,0
0.5834408937155064,0.6836723339861136,20.0,50.8725404134649,0,1,0,0,0
0.5818181818181818,0.6849667405764966,21.0,52.844452554936126,0,1,0,0,0
0.5808007078080071,0.6835766423357664,16.0,41.78208402877634,0,1,0,0,0
0.5790853994490358,0.6793498622589532,21.0,52.930310057038795,0,1,0,0,0
0.5790853994490358,0.6793498622589532,21.0,52.930310057038795,0,1,0,0,0
0.583207228057682,0.6852412319743635,18.0,46.84055533142165,0,1,0,0,0
0.583207228057682,0.6852412319743635,18.0,46.84055533142165,0,1,0,0,0
0.5786662242866623,0.6810108383101083,20.0,51.10769674228636,0,1,0,0,0
0.5757519127605312,0.6777548148799578,19.0,48.79082284630669,0,1,0,0,0
0.5757519127605312,0.6777548148799578,19.0,48.79082284630669,0,1,0,0,0
0.5744767390730806,0.6781285726849002,19.0,48.979714495043716,0,1,0,0,0
0.5781906657819067,0.6808781243087813,17.0,44.019390981758924,0,1,0,0,0
0.5781906657819067,0.6808781243087813,17.0,44.019390981758924,0,1,0,0,0
0.5802660753880267,0.682039911308204,20.0,50.51351086803707,0,1,0,0,0
0.5788542357885423,0.6819951338199514,20.0,51.233896889796405,0,1,0,0,0
0.5787325812873259,0.6786883432868834,19.0,49.193417191390495,0,1,0,0,0
0.5787325812873259,0.6786883432868834,19.0,49.193417191390495,0,1,0,0,0
0.5790864852908648,0.6797832337978323,23.0,58.90146733058154,0,1,0,0,0
0.5782238442822385,0.6783233797832338,19.0,49.153363179961424,0,1,0,0,0
0.5784782127847822,0.6793629727936298,18.0,45.99181368093279,0,1,0,0,0
0.578400796284008,0.6801592568015926,21.0,53.674155742405446,0,1,0,0,0
0.5818942495994303,0.6797111447391846,18.0,46.833429843456464,0,1,0,0,0
0.5818942495994303,0.6797111447391846,18.0,46.833429843456464,0,1,0,0,0
0.580037602300376,0.6811324928113249,19.0,49.503238538495204,0,1,0,0,0
0.5789205927892059,0.6819287768192878,22.0,56.44291698273005,0,1,0,0,0
0.5822058038098629,0.6832940181591597,20.0,51.53586467736109,0,1,0,0,0
0.577168044077135,0.6790192837465565,21.0,53.69034815712999,0,1,0,0,0
0.5770358126721763,0.6810027548209366,23.0,57.76035222050558,0,1,0,0,0
0.579219199292192,0.6822826808228268,23.0,58.00079757265717,0,1,0,0,0
0.5806651884700665,0.6820731707317074,20.0,50.84036329192136,0,1,0,0,0
0.5806651884700665,0.6820731707317074,20.0,50.84036329192136,0,1,0,0,0
0.5794182702941827,0.681265206812652,22.0,55.6895821761752,0,1,0,0,0
0.5795565410199557,0.6807538802660754,21.0,54.3114027156183,0,1,0,0,0
0.5801441241685145,0.6806541019955654,20.0,50.81270942341717,0,1,0,0,0
0.5801441241685145,0.6806541019955654,20.0,50.81270942341717,0,1,0,0,0
0.5819512195121951,0.6813636363636364,18.0,45.999232342610426,0,1,0,0,0
0.5820500267046466,0.6809462346448282,19.0,48.24577204211048,0,1,0,0,0
0.5820500267046466,0.6809462346448282,19.0,48.24577204211048,0,1,0,0,0
0.5788874142888741,0.6797611147976111,19.0,48.60962535428752,0,1,0,0,0
0.5788874142888741,0.6797611147976111,19.0,48.60962535428752,0,1,0,0,0
0.5784118557841186,0.6806458748064588,18.0,46.34699142957699,0,1,0,0,0
0.580820399113082,0.6824168514412416,15.0,39.67106820431257,0,1,0,0,0
0.5807982261640798,0.6818847006651885,22.0,56.52895128085982,0,1,0,0,0
0.5811086474501108,0.6820288248337029,19.0,47.96951703176515,0,1,0,0,0
0.5811086474501108,0.6820288248337029,19.0,47.96951703176515,0,1,0,0,0
0.5798385312983854,0.6806237558062376,20.0,51.126599382869045,0,1,0,0,0
0.5798385312983854,0.6806237558062376,20.0,51.126599382869045,0,1,0,0,0
0.5836856863094179,0.6823816094000356,21.0,52.85841424467381,0,1,0,0,0
0.5835410361402884,0.6832940181591597,17.0,44.924236578324106,0,1,0,0,0
0.583218354993769,0.6834052875200285,23.0,58.129873419981266,0,1,0,0,0
0.5837413209898522,0.6842286807904575,22.0,56.07404509095169,0,1,0,0,0
0.5835187822681146,0.6827821790991633,18.0,46.415105046923514,0,1,0,0,0
0.5825729927007299,0.6827376713548158,20.0,51.310234775255424,0,1,0,0,0
0.5794293297942933,0.6811324928113249,22.0,56.112550589940916,0,1,0,0,0
0.5842086523055011,0.6851410895495816,18.0,46.61739605492218,0,1,0,0,0
0.5842086523055011,0.6851410895495816,18.0,46.61739605492218,0,1,0,0,0
0.5838303364785473,0.6839393804521987,16.0,41.66692564270452,0,1,0,0,0
0.5835187822681146,0.6841285383656757,18.0,46.51349662981968,0,1,0,0,0
0.5828845469111625,0.6838614918995906,21.0,53.61282422578361,0,1,0,0,0
0.5823059462346448,0.683549937689158,19.0,48.23883722834253,0,1,0,0,0
0.5818274879829091,0.6835833184974186,20.0,51.39363386176351,0,1,0,0,0
0.5804434589800443,0.680920177383592,21.0,53.05803635875616,0,1,0,0,0
0.5801884700665189,0.6792682926829269,20.0,51.72624124928737,0,1,0,0,0
0.5807538802660754,0.6809645232815964,21.0,53.1276613482645,0,1,0,0,0
0.5823282001068186,0.6821368168061243,18.0,47.07174011163724,0,1,0,0,0
0.582105661385081,0.6835165568808973,21.0,53.17664819040102,0,1,0,0,0
0.5806237558062376,0.6811324928113249,19.0,49.25791555382386,0,1,0,0,0
0.5822280576820367,0.6838058572191561,17.0,43.57528329087483,0,1,0,0,0
0.5787878787878787,0.6794625082946251,17.0,43.750104600572655,0,1,0,0,0
0.5763894996042565,0.679337789112655,16.0,40.92489698134063,0,1,0,0,0
0.5763894996042565,0.679337789112655,16.0,40.92489698134063,0,1,0,0,0
0.5762534435261708,0.6768374655647383,17.0,43.88270798177523,0,1,0,0,0
0.578234903782349,0.6795952222959523,17.0,43.93956847595192,0,1,0,0,0
0.5788652952886529,0.6781464277814643,17.0,44.384112544053266,0,1,0,0,0
0.58009977827051,0.6813747228381375,20.0,51.170350753560754,0,1,0,0,0
0.5765399449035813,0.6792727272727273,18.0,45.585123178084444,0,1,0,0,0
0.5768044077134986,0.678534435261708,19.0,48.92794543827671,0,1,0,0,0
0.5786772837867729,0.679274496792745,18.0,45.976009562532006,0,1,0,0,0
0.5783233797832338,0.6805795178057952,20.0,52.167313699092645,0,1,0,0,0
0.579108604291086,0.6774386197743862,16.0,42.23349322972584,0,1,0,0,0
0.5798164122981642,0.6807785888077859,22.0,55.47362957503131,0,1,0,0,0
0.5798385312983854,0.6800597213005972,19.0,49.753508520840946,0,1,0,0,0
0.5797058172970582,0.6794293297942933,20.0,51.731590225079614,0,1,0,0,0
0.5804357443043574,0.6802145543021455,17.0,44.32644756108643,0,1,0,0,0
0.5800818403008184,0.6783897367838974,22.0,56.10093688582498,0,1,0,0,0
0.5799380667993806,0.6788652952886529,23.0,57.897034347375815,0,1,0,0,0
0.5786219862862199,0.6785777482857774,23.0,57.69160352760959,0,1,0,0,0
0.5791307232913072,0.6792523777925238,17.0,43.70195274866936,0,1,0,0,0
0.5814825529642158,0.6826820366743813,19.0,48.54202644831764,0,1,0,0,0
0.5791860207918602,0.6814974563149746,19.0,49.12447755421463,0,1,0,0,0
0.5791860207918602,0.6814974563149746,19.0,49.12447755421463,0,1,0,0,0
0.5764628099173553,0.6756473829201102,21.0,53.57286702696527,0,1,0,0,0
0.5764628099173553,0.6756473829201102,21.0,53.57286702696527,0,1,0,0,0
0.5790311877903119,0.6794072107940721,19.0,48.25004398675502,0,1,0,0,0
0.577267217630854,0.6775316804407714,20.0,51.23126848098473,0,1,0,0,0
0.5774986225895317,0.6804407713498623,21.0,53.018453179601366,0,1,0,0,0
0.5774986225895317,0.6804407713498623,21.0,53.018453179601366,0,1,0,0,0
0.5786883432868835,0.678754700287547,16.0,40.9562914296385,0,1,0,0,0
0.5786883432868835,0.678754700287547,16.0,40.9562914296385,0,1,0,0,0
0.5782570227825702,0.6802366733023667,21.0,53.01989396255302,0,1,0,0,0
0.5782570227825702,0.6802366733023667,21.0,53.01989396255302,0,1,0,0,0
0.5823504539789923,0.6831159871817696,19.0,47.956276195018354,0,1,0,0,0
0.5820388997685597,0.6815693430656934,18.0,45.499812544642666,0,1,0,0,0
0.5798447893569845,0.6807427937915743,17.0,43.99169932148341,0,1,0,0,0
0.5800886917960089,0.6799445676274944,22.0,55.79885139573799,0,1,0,0,0
0.5800886917960089,0.6799445676274944,22.0,55.79885139573799,0,1,0,0,0
0.5790311877903119,0.6795399247953993,18.0,46.04927716719282,0,1,0,0,0
0.5790311877903119,0.6795399247953993,18.0,46.04927716719282,0,1,0,0,0
0.5786330457863305,0.678456093784561,17.0,44.17262093834682,0,1,0,0,0
0.5754770908451323,0.6772931140620878,15.0,39.33222341865234,0,1,0,0,0
0.5737349397590361,0.6752354874041621,19.0,48.23932598549553,0,1,0,0,0
0.578345498783455,0.6789427117894271,19.0,49.17074351027707,0,1,0,0,0
0.5822058038098629,0.6822925939113406,16.0,40.998527961483404,0,1,0,0,0
0.5817495994303009,0.6819254050204736,20.0,50.27920057610643,0,1,0,0,0
0.5765289256198347,0.6794490358126721,23.0,58.23321374754769,0,1,0,0,0
0.5806319290465632,0.6811973392461197,19.0,49.082122026618975,0,1,0,0,0
0.5790422472904224,0.6790975447909754,14.0,37.831781232863506,0,1,0,0,0
0.5790422472904224,0.6790975447909754,14.0,37.831781232863506,0,1,0,0,0
0.5797671840354767,0.6812860310421286,20.0,51.33350897022274,0,1,0,0,0
0.5797671840354767,0.6812860310421286,20.0,51.33350897022274,0,1,0,0,0
0.576396694214876,0.6789311294765841,20.0,51.204708695603074,0,1,0,0,0
0.5755371900826446,0.6780716253443526,19.0,49.960712891009806,0,1,0,0,0
0.5763746556473829,0.6783911845730027,21.0,54.1503012266577,0,1,0,0,0
0.5724753559693319,0.6740963855421687,21.0,54.5518315835901,0,1,0,0,0
0.5809484600320456,0.6841619191739363,18.0,46.36569467051457,0,1,0,0,0
0.5817495994303009,0.6833162720313335,18.0,46.84071880536389,0,1,0,0,0
0.5803547671840354,0.682139689578714,19.0,48.70091590138429,0,1,0,0,0
0.5803547671840354,0.682139689578714,19.0,48.70091590138429,0,1,0,0,0
0.5798780487804878,0.6818736141906874,19.0,48.84017423485374,0,1,0,0,0
0.580210643015521,0.683370288248337,19.0,48.35791685037382,0,1,0,0,0
0.5798226164079823,0.6827716186252771,20.0,50.949342428865776,0,1,0,0,0
0.5803215077605322,0.6826940133037694,19.0,48.61219093272497,0,1,0,0,0
0.58,0.6827494456762749,19.0,48.3759577024967,0,1,0,0,0
0.5778920592789206,0.6772063702720637,20.0,50.78701888105368,0,1,0,0,0
0.5778920592789206,0.6772063702720637,20.0,50.78701888105368,0,1,0,0,0
0.5778699402786994,0.6770294182702942,23.0,57.97505600461632,0,1,0,0,0
0.5757465162574652,0.6754147312541473,18.0,46.497486877994085,0,1,0,0,0
0.5757465162574652,0.6754147312541473,18.0,46.497486877994085,0,1,0,0,0
0.5795251496471009,0.6805927812025373,18.0,46.71437698961641,0,1,0,0,0
0.5787675805590172,0.6796443831226634,24.0,60.33675405988498,0,1,0,0,0
0.5787675805590172,0.6796443831226634,24.0,60.33675405988498,0,1,0,0,0
0.5799718574108818,0.6795541856517466,17.0,43.584509961857336,0,1,0,0,0
0.584136722173532,0.6861614867749837,17.0,43.00152638465765,0,1,0,0,0
0.5807285835833594,0.6840042989566074,21.0,53.42708283145877,0,1,0,0,0
0.5795761293920804,0.6826659230340212,21.0,53.43274877252282,0,1,0,0,0
0.5795761293920804,0.6826659230340212,21.0,53.43274877252282,0,1,0,0,0
0.5819906065304838,0.6852176453403447,21.0,52.885215694836305,0,1,0,0,0
0.5814175599451673,0.6836221038675027,18.0,46.63182200285705,0,1,0,0,0
0.5814175599451673,0.6836221038675027,18.0,46.63182200285705,0,1,0,0,0
0.5825524169082451,0.683442324546619,17.0,43.54280988590844,0,1,0,0,0
0.5825524169082451,0.683442324546619,17.0,43.54280988590844,0,1,0,0,0
0.5818332996247106,0.681105193375132,21.0,53.695325635595175,0,1,0,0,0
0.5774479585455196,0.6799562226391495,19.0,48.39521121923854,0,1,0,0,0
0.5814400323602777,0.6843524573585923,16.0,41.472024120822454,0,1,0,0,0
0.5814400323602777,0.6843524573585923,16.0,41.472024120822454,0,1,0,0,0
0.5821142048135913,0.6840715521697117,17.0,43.355135760745576,0,1,0,0,0
0.5766200818942496,0.6779085810931103,23.0,58.48044456987803,0,1,0,0,0
0.576308527683817,0.6787764821078868,22.0,56.550388403805144,0,1,0,0,0
0.576308527683817,0.6787764821078868,22.0,56.550388403805144,0,1,0,0,0
0.5797150004467078,0.6812516751541142,19.0,47.87495010294125,0,1,0,0,0
0.5821839595181586,0.6807017151045631,18.0,46.55401441282966,0,1,0,0,0
0.5836198566259916,0.6825097193195353,16.0,41.45442312532055,0,1,0,0,0
0.5745520902455209,0.6751382437513824,21.0,54.74471897610035,0,1,0,0,0
0.5782779953711946,0.6789656400213637,18.0,46.79135629819336,0,1,0,0,0
0.571805470055404,0.6739402866942221,20.0,51.4287006043252,0,1,0,0,0
0.5798978798978799,0.680985680985681,19.0,48.71325160755295,0,1,0,0,0
0.5773553719008264,0.680870523415978,20.0,50.837399994753916,0,1,0,0,0
0.5773553719008264,0.680870523415978,20.0,50.837399994753916,0,1,0,0,0
0.5789537712895377,0.6795731032957311,19.0,48.10267146401925,0,1,0,0,0
0.5723001095290252,0.675815991237678,21.0,53.4825660017438,0,1,0,0,0
0.5742788672939935,0.676545598452203,18.0,45.440020398469755,0,1,0,0,0
0.5794538794538795,0.6806415806415806,18.0,46.555371063442955,0,1,0,0,0
0.5717196056955093,0.673986856516977,23.0,58.1667441436754,0,1,0,0,0
0.5793761793761794,0.6794205794205794,19.0,48.48839474315378,0,1,0,0,0
0.5746636179755519,0.672346319584909,21.0,53.44030522470287,0,1,0,0,0
0.5764628099173553,0.676198347107438,20.0,50.732922818517594,0,1,0,0,0
0.5754111335854366,0.6741601442265412,18.0,45.680829937271454,0,1,0,0,0
0.5754111335854366,0.6741601442265412,18.0,45.680829937271454,0,1,0,0,0
0.5751473045466537,0.6748307097001143,18.0,46.3530066722528,0,1,0,0,0
0.5761256705654736,0.676545598452203,19.0,48.34832221369508,0,1,0,0,0
0.5738335158817086,0.6743373493975904,23.0,58.391753913485715,0,1,0,0,0
0.5735487404162103,0.6725848849945235,20.0,51.12065352912211,0,1,0,0,0
0.57510333304019,0.674215108609621,18.0,45.92739169244021,0,1,0,0,0
0.5754441122152845,0.6748856740831941,22.0,57.17765417200787,0,1,0,0,0
0.5743228388004573,0.6719505760267347,19.0,48.95988614239111,0,1,0,0,0
0.5743228388004573,0.6719505760267347,19.0,48.95988614239111,0,1,0,0,0
0.5776708692767087,0.6753704932537049,19.0,48.72631388275112,0,1,0,0,0
0.5776708692767087,0.6753704932537049,19.0,48.72631388275112,0,1,0,0,0
0.5788763547887635,0.6788431762884317,22.0,56.804547181140784,0,1,0,0,0
0.5759962928637627,0.6744450328787678,18.0,46.24314632848923,0,1,0,0,0
0.5730010952902519,0.6731544359255203,20.0,50.942740903833034,0,1,0,0,0
0.5735533374373406,0.6738853223111424,23.0,58.10862805188706,0,1,0,0,0
0.576299491262995,0.676078301260783,19.0,48.88703561752888,0,1,0,0,0
0.5770515372705154,0.6781021897810219,20.0,51.03733188773352,0,1,0,0,0
0.5770515372705154,0.6781021897810219,20.0,51.03733188773352,0,1,0,0,0
0.5759190608588199,0.6743457345866984,20.0,50.91577873237302,0,1,0,0,0
0.574399788936769,0.6723683053381408,21.0,53.22123914374709,0,1,0,0,0
0.5780247732802477,0.6748175182481752,22.0,56.024708758524405,0,1,0,0,0
0.5719934282584885,0.6705585980284775,26.0,64.91037193199708,0,1,0,0,0
0.576793388429752,0.675206611570248,24.0,60.77661866369418,0,1,0,0,0
0.5789758902897589,0.6769630612696306,19.0,48.620582584989606,0,1,0,0,0
0.5757189341306833,0.6717197256177997,18.0,46.51239844336482,0,1,0,0,0
0.5740416210295728,0.6742168674698795,19.0,49.23323132869543,0,1,0,0,0
0.5743373493975904,0.6735596933187294,18.0,45.76532404282153,0,1,0,0,0
0.5734830230010953,0.6751040525739321,22.0,54.71655986413005,0,1,0,0,0
0.5715405552531301,0.6706369080021775,20.0,51.86336705581767,0,1,0,0,0
0.5741621029572836,0.6742497261774371,20.0,51.25814733351996,0,1,0,0,0
0.5740197152245345,0.6718619934282585,21.0,53.278990093064756,0,1,0,0,0
0.5740197152245345,0.6718619934282585,21.0,53.278990093064756,0,1,0,0,0
0.5744797371303395,0.6733844468784228,16.0,40.6802061761722,0,1,0,0,0
0.5758178700202269,0.6731158209480257,20.0,51.085775200127486,0,1,0,0,0
0.5756639697476036,0.6731817782077214,17.0,44.33278460887225,0,1,0,0,0
0.575323190572509,0.673522557382816,22.0,56.53101298102223,0,1,0,0,0
0.5766643215196553,0.6755452466801513,20.0,50.804493825590946,0,1,0,0,0
0.5763345352211767,0.6743690088822443,21.0,53.652807598771666,0,1,0,0,0
0.5761806349485533,0.674215108609621,22.0,56.085881751026456,0,1,0,0,0
0.5752352475595814,0.6734785858763521,17.0,44.49454019297662,0,1,0,0,0
0.5745097177029285,0.6708512883651394,20.0,51.70079669773391,0,1,0,0,0
0.5745097177029285,0.6708512883651394,20.0,51.70079669773391,0,1,0,0,0
0.5780911302809113,0.675724397257244,17.0,43.83432505102922,0,1,0,0,0
0.576172823160775,0.6773688159230328,22.0,56.612979663880964,0,1,0,0,0
0.5762534435261708,0.6744573002754821,21.0,54.00784334469921,0,1,0,0,0
0.5785556292855563,0.6779252377792524,20.0,51.943563039697544,0,1,0,0,0
0.5794235033259424,0.6769290465631929,17.0,44.17078082705387,0,1,0,0,0
0.5742458886641456,0.6723902910913728,20.0,51.27262199679673,0,1,0,0,0
0.5742458886641456,0.6723902910913728,20.0,51.27262199679673,0,1,0,0,0
0.5775934527759345,0.6764211457642114,20.0,51.71578993985037,0,1,0,0,0
0.5759779614325069,0.675206611570248,24.0,61.08116332086793,0,1,0,0,0
0.5751143259168059,0.6741271655966934,21.0,52.79636662625211,0,1,0,0,0
0.5791749612917496,0.6774054412740544,21.0,54.08350404314578,0,1,0,0,0
0.5803973803973804,0.6780552780552781,21.0,52.96097143416439,0,1,0,0,0
0.5746416322223199,0.6732367425908011,16.0,41.75267336710307,0,1,0,0,0
0.5764554568639522,0.6738083721748307,19.0,48.10302708711987,0,1,0,0,0
0.5743483023001096,0.6744687842278204,19.0,47.926178763376804,0,1,0,0,0
0.5728258488499453,0.674709748083242,20.0,50.99176236848666,0,1,0,0,0
0.576538882803943,0.6734173055859802,21.0,52.622014971495915,0,1,0,0,0
0.576538882803943,0.6734173055859802,21.0,52.622014971495915,0,1,0,0,0
0.574052573932092,0.6744468784227821,23.0,57.26834672463596,0,1,0,0,0
0.5713864242318283,0.6692818742077888,19.0,48.83654918670944,0,1,0,0,0
0.5713864242318283,0.6692818742077888,19.0,48.83654918670944,0,1,0,0,0
0.5753357753357753,0.6755799755799756,16.0,40.994149901600906,0,1,0,0,0
0.5771797053423492,0.6747570641708835,19.0,49.133534559247956,0,1,0,0,0
0.5735899137358992,0.670017695200177,22.0,55.6455798048476,0,1,0,0,0
0.5745078522450785,0.6715660252156602,21.0,52.748057792742415,0,1,0,0,0
0.5745078522450785,0.6715660252156602,21.0,52.748057792742415,0,1,0,0,0
0.575724397257244,0.673567794735678,20.0,50.75208624958175,0,1,0,0,0
0.5742387732749179,0.6741073384446878,19.0,48.74582781300546,0,1,0,0,0
0.5742387732749179,0.6741073384446878,19.0,48.74582781300546,0,1,0,0,0
0.5725446916386205,0.673663621661786,21.0,53.572245430805225,0,1,0,0,0
0.5713010342950463,0.6693957539466522,18.0,46.29882161751183,0,1,0,0,0
0.5713010342950463,0.6693957539466522,18.0,46.29882161751183,0,1,0,0,0
0.5760926919356257,0.6755012751736874,21.0,53.087552652654836,0,1,0,0,0
0.5760926919356257,0.6755012751736874,21.0,53.087552652654836,0,1,0,0,0
0.5750263829038783,0.6724232697212207,19.0,48.58295527704929,0,1,0,0,0
0.5722015334063527,0.6714019715224534,18.0,46.415948384619014,0,1,0,0,0
0.5696933187294633,0.6700985761226725,18.0,45.99497553279255,0,1,0,0,0
0.5730146864831589,0.6714998680854806,18.0,46.36615037425773,0,1,0,0,0
0.5709199782253674,0.6695917256396299,24.0,61.24637596171341,0,1,0,0,0
0.5748083242059145,0.6735377875136911,23.0,57.86163750266841,0,1,0,0,0
0.575505922461646,0.6733685912845842,16.0,41.12741230448633,0,1,0,0,0
0.5708002177463255,0.6701360914534568,17.0,43.82134547857516,0,1,0,0,0
0.5714099074578116,0.6691235710397387,22.0,55.47160347550261,0,1,0,0,0
0.5714099074578116,0.6691235710397387,22.0,55.47160347550261,0,1,0,0,0
0.5697005988023952,0.6684158954817637,19.0,48.95974873431614,0,1,0,0,0
0.5694828524768645,0.6664561785519869,18.0,46.51714388026458,0,1,0,0,0
0.5707526552733948,0.6689103544735346,20.0,50.48956508605737,0,1,0,0,0
0.5699292324442025,0.6675122482308111,23.0,57.62264076386213,0,1,0,0,0
0.5727163198247536,0.6708105147864184,18.0,45.44807087283398,0,1,0,0,0
0.5664393939393939,0.6655519480519481,23.0,58.223830329424494,0,1,0,0,0
0.5664393939393939,0.6655519480519481,23.0,58.223830329424494,0,1,0,0,0
0.5699074578116494,0.6672182906913445,19.0,48.40735710351026,0,1,0,0,0
0.5688216892596455,0.6668730448383733,20.0,50.68292482308431,0,1,0,0,0
0.5751363116700379,0.6731927710843374,17.0,43.39680361439798,0,1,0,0,0
0.5751363116700379,0.6731927710843374,17.0,43.39680361439798,0,1,0,0,0
0.5712443725687312,0.6699265702172298,19.0,48.680927506838145,0,1,0,0,0
0.570665238865335,0.6693255824118187,23.0,58.00342595604375,0,1,0,0,0
0.5742348957875297,0.6710161815143787,17.0,43.43515290554378,0,1,0,0,0
0.5722453450164293,0.670591456736035,18.0,45.784509720613414,0,1,0,0,0
0.5745756749626242,0.6711151174039223,17.0,43.50770368203951,0,1,0,0,0
0.5699292324442025,0.6677408818726184,20.0,51.45520584803066,0,1,0,0,0
0.5668506493506493,0.6646428571428571,20.0,50.400150624361004,0,1,0,0,0
0.5733296823658269,0.6708214676889376,20.0,50.24863892463506,0,1,0,0,0
0.5715940382009703,0.6684732724332357,19.0,47.57795622236063,0,1,0,0,0
0.5724972617743702,0.6700219058050383,22.0,54.90226023896297,0,1,0,0,0
0.5751143259168059,0.671631782604872,21.0,53.98867705095697,0,1,0,0,0
0.5751143259168059,0.671631782604872,21.0,53.98867705095697,0,1,0,0,0
0.5693630919978225,0.6669134458356015,20.0,50.98592950777265,0,1,0,0,0
0.5693630919978225,0.6669134458356015,20.0,50.98592950777265,0,1,0,0,0
0.5703538377789875,0.6667827980402831,22.0,55.3890312189322,0,1,0,0,0
0.5703538377789875,0.6667827980402831,22.0,55.3890312189322,0,1,0,0,0
0.570647795318454,0.6661077844311377,20.0,49.868391872334946,0,1,0,0,0
0.5692453076120959,0.6657108098713939,21.0,53.370637098625146,0,1,0,0,0
0.5692453076120959,0.6657108098713939,21.0,53.370637098625146,0,1,0,0,0
0.5668722943722944,0.6627489177489178,26.0,64.46624658246739,0,1,0,0,0
0.5730230010952903,0.6720372398685651,23.0,58.25243880269075,0,1,0,0,0
0.5724424972617743,0.6685104052573932,21.0,52.8448717113117,0,1,0,0,0
0.5759013492590135,0.6731254147312542,17.0,43.015087072991776,0,1,0,0,0
0.5739882607352487,0.671488150403813,15.0,37.55053284746344,0,1,0,0,0
0.5731026294960866,0.6712360390466977,17.0,43.841377836157676,0,1,0,0,0
0.568198149156233,0.666173108328797,19.0,49.35977546691049,0,1,0,0,0
0.5704466978451855,0.6677083788627125,19.0,48.68008259246398,0,1,0,0,0
0.573927095242283,0.6701917157681823,20.0,50.72035808563945,0,1,0,0,0
0.572981707853311,0.6687626418081083,18.0,45.47668529270739,0,1,0,0,0
0.5733774514114853,0.6710711458974584,21.0,53.96571897069905,0,1,0,0,0
0.5720207935776798,0.6701103287929635,18.0,46.41984196289361,0,1,0,0,0
0.5718782215788204,0.670384505713847,17.0,44.40323168314894,0,1,0,0,0
0.5715163080432542,0.6683226952688031,20.0,51.10788366589818,0,1,0,0,0
0.575047442517322,0.6731100225076129,20.0,50.60604539257164,0,1,0,0,0
0.5743633876163997,0.6711461229533519,17.0,43.37433442184898,0,1,0,0,0
0.5757204642746812,0.6709475263692131,21.0,52.82248335008765,0,1,0,0,0
0.5709930503955593,0.6671292451593164,17.0,43.23998477559228,0,1,0,0,0
0.5743338316770733,0.670257673027878,19.0,48.18743459451271,0,1,0,0,0
0.5712048192771084,0.6696056955093099,22.0,55.83310576291098,0,1,0,0,0
0.5710149044975742,0.6709755671139472,19.0,48.95360016958085,0,1,0,0,0
0.5702827920800734,0.6706805367367454,20.0,50.928025290935885,0,1,0,0,0
0.5708837798854846,0.6686262511473403,19.0,48.722407133803365,0,1,0,0,0
0.5723388388059046,0.6687613783422167,17.0,44.350356495110425,0,1,0,0,0
0.5723388388059046,0.6687613783422167,17.0,44.350356495110425,0,1,0,0,0
0.5680163090877377,0.6660016570730857,19.0,47.93531678579899,0,1,0,0,0
0.5705183040512382,0.6686297734201926,20.0,50.929475873562836,0,1,0,0,0
0.5708271040365843,0.6681250549643831,20.0,50.92220193650909,0,1,0,0,0
0.572058306217571,0.6678282472957523,16.0,41.040296716730396,0,1,0,0,0
0.5702002588230133,0.6679388475795661,16.0,42.38990882443113,0,1,0,0,0
0.5733483384085793,0.6702193388940377,22.0,55.4544836879682,0,1,0,0,0
0.5737234652897304,0.6689174279535726,18.0,46.10021563303134,0,1,0,0,0
0.5705402382049088,0.6683117281919677,19.0,48.7276102229327,0,1,0,0,0
0.5731828412551304,0.6716757138443885,17.0,43.97817821824127,0,1,0,0,0
0.5740323933095017,0.6719515424334701,22.0,56.181365669877515,0,1,0,0,0
0.573674259080116,0.6710491601442266,20.0,51.2126907334131,0,1,0,0,0
0.5775381552753815,0.6728599867285998,21.0,53.86249180216166,0,1,0,0,0
0.5775890775890776,0.6733599733599733,22.0,54.72209049851672,0,1,0,0,0
0.5742971887550201,0.671819144710711,19.0,48.21380368416616,0,1,0,0,0
0.5742971887550201,0.671819144710711,19.0,48.21380368416616,0,1,0,0,0
0.5791666666666667,0.6752228163992869,16.0,41.62496549405099,0,1,0,0,0
0.5791666666666667,0.6752228163992869,16.0,41.62496549405099,0,1,0,0,0
0.5759795759795759,0.6746919746919747,19.0,48.39318567582444,0,1,0,0,0
0.5759795759795759,0.6746919746919747,19.0,48.39318567582444,0,1,0,0,0
0.5759795759795759,0.6746919746919747,19.0,48.39318567582444,0,1,0,0,0
0.5769119769119769,0.6736263736263737,16.0,41.32777577059893,0,1,0,0,0
0.5769119769119769,0.6736263736263737,16.0,41.32777577059893,0,1,0,0,0
0.5758770375620128,0.6735803508150248,18.0,46.75730457062267,0,1,0,0,0
0.5758770375620128,0.6735803508150248,18.0,46.75730457062267,0,1,0,0,0
0.5727525486561631,0.6739595745619842,20.0,50.9888838708794,0,1,0,0,0
0.5796345811051693,0.6779300356506239,17.0,43.58887473381946,0,1,0,0,0
0.5768072289156626,0.672196137491141,21.0,54.14189560040614,0,1,0,0,0
0.5759213323883771,0.6735803508150248,23.0,58.186714931473816,0,1,0,0,0
0.5731881824586121,0.6689965656921452,21.0,53.325810185604745,0,1,0,0,0
0.5742861556114568,0.6712454212454212,22.0,55.926777440135815,0,1,0,0,0
0.5742861556114568,0.6712454212454212,22.0,55.926777440135815,0,1,0,0,0
0.5772671772671772,0.6731268731268731,18.0,46.59119559117026,0,1,0,0,0
0.5755780474840538,0.67218506378455,18.0,45.449621863888105,0,1,0,0,0
0.576068376068376,0.6720834720834721,20.0,50.73501975543549,0,1,0,0,0
0.5786876114081997,0.674075311942959,18.0,45.98001865716863,0,1,0,0,0
0.5725539520720243,0.6699214440178296,22.0,55.575890091662046,0,1,0,0,0
0.5742640893243303,0.6718301778542742,20.0,51.309639832288106,0,1,0,0,0
0.5725980846462774,0.6708040955028907,19.0,49.13370359198997,0,1,0,0,0
0.5780971479500892,0.6727718360071301,19.0,48.31311825379308,0,1,0,0,0
0.5780971479500892,0.6727718360071301,19.0,48.31311825379308,0,1,0,0,0
0.5752015414599575,0.6724951275690999,19.0,48.71377316780932,0,1,0,0,0
0.573668299571914,0.6715322829780661,20.0,51.28769234115549,0,1,0,0,0
0.5718342726312081,0.6700202536104262,19.0,48.19592956814802,0,1,0,0,0
0.5716031172948222,0.6685672772102853,20.0,51.219333161726965,0,1,0,0,0
0.5753676470588235,0.67156493621545,19.0,49.03652482414697,0,1,0,0,0
0.574253056180767,0.6723597687453109,18.0,46.6654894200533,0,1,0,0,0
0.5757220056697377,0.6743444365698087,18.0,46.54297338901064,0,1,0,0,0
0.5736903658590405,0.6731762213689925,18.0,46.58590643399674,0,1,0,0,0
0.576851523742027,0.673602498228207,16.0,41.05989785903219,0,1,0,0,0
0.5743523544728364,0.6723046030274946,19.0,49.1956881823033,0,1,0,0,0
0.5743523544728364,0.6723046030274946,19.0,49.1956881823033,0,1,0,0,0
0.5743769813314548,0.6705376012680522,20.0,52.01773789770923,0,1,0,0,0
0.5743769813314548,0.6705376012680522,20.0,52.01773789770923,0,1,0,0,0
0.5729200938781777,0.6708231887872607,18.0,46.34187458052158,0,1,0,0,0
0.5716259788116076,0.6697922835647386,20.0,51.67157048115347,0,1,0,0,0
0.5784104784104784,0.6761460761460761,17.0,43.34543572068572,0,1,0,0,0
0.5743911845730028,0.6745123966942149,16.0,42.14867823432725,0,1,0,0,0
0.5766812705366923,0.6776560788608982,20.0,50.453226961778256,0,1,0,0,0
0.5766812705366923,0.6776560788608982,20.0,50.453226961778256,0,1,0,0,0
0.5744365813826892,0.6751333696243876,19.0,48.592377122290415,0,1,0,0,0
0.5736266365099387,0.6736875299030055,20.0,50.66010668479366,0,1,0,0,0
0.5743878039232744,0.676645208994824,23.0,57.7478579517127,0,1,0,0,0
0.5744312992040363,0.6761123918054891,20.0,50.29280127950585,0,1,0,0,0
0.5762146057152799,0.6778956983167327,20.0,51.18493027919028,0,1,0,0,0
0.5684630866735183,0.6702852004110997,20.0,50.89566779438997,0,1,0,0,0
0.5684630866735183,0.6702852004110997,20.0,50.89566779438997,0,1,0,0,0
0.5730668626645625,0.6739553384206317,19.0,48.463637346563125,0,1,0,0,0
0.5738450896041851,0.6748524611426966,19.0,48.028221323938,0,1,0,0,0
0.5739639853866275,0.6774789770639227,18.0,46.970205917270604,0,1,0,0,0
0.5757779318713704,0.6788809915922683,19.0,48.4005275171133,0,1,0,0,0
0.571770128807134,0.6727372592943609,20.0,51.21933745027477,0,1,0,0,0
0.571770128807134,0.6727372592943609,20.0,51.21933745027477,0,1,0,0,0
0.5728831146371517,0.6747659914827385,18.0,45.78365819183147,0,1,0,0,0
0.5717162796708741,0.6737388532287942,19.0,47.6909763805011,0,1,0,0,0
0.5735532545018267,0.6752415746125079,24.0,60.74155750711829,0,1,0,0,0
0.5701331150648343,0.6738896308103218,20.0,50.960777936938804,0,1,0,0,0
0.5722994444324347,0.6752307659050131,20.0,51.16989510225334,0,1,0,0,0
0.573045245249573,0.6769493503966796,24.0,60.31025402142275,0,1,0,0,0
0.573045245249573,0.6769493503966796,24.0,60.31025402142275,0,1,0,0,0
0.5680455635491607,0.6715698869475848,18.0,47.13862689146434,0,1,0,0,0
0.5690947242206235,0.6722443473792394,23.0,58.49910252219844,0,1,0,0,0
0.5711454788265197,0.6749019945720071,18.0,46.52112527641739,0,1,0,0,0
0.5736613415767743,0.6776519163838388,16.0,41.75438096443823,0,1,0,0,0
0.5736613415767743,0.6776519163838388,16.0,41.75438096443823,0,1,0,0,0
0.5715256211180124,0.6750560731538993,19.0,47.882444499424004,0,1,0,0,0
0.5745692730063339,0.674074234203074,22.0,56.041609667563876,0,1,0,0,0
0.5742882466114702,0.6736851207332627,24.0,59.60063720653546,0,1,0,0,0
0.5749043429386714,0.6768520720292267,19.0,48.09624815161863,0,1,0,0,0
0.5720716839701891,0.6736634644380304,20.0,50.739307449513255,0,1,0,0,0
0.5722440012062207,0.6746327488907078,19.0,48.57120097417129,0,1,0,0,0
0.5722440012062207,0.6746327488907078,19.0,48.57120097417129,0,1,0,0,0
0.5718690905965275,0.6732207323362558,15.0,39.29747944738004,0,1,0,0,0
0.5742342030739964,0.6765278108043841,16.0,41.07338070453425,0,1,0,0,0
0.5725392512077294,0.6762098861283644,16.0,41.86320820654433,0,1,0,0,0
0.5728304002760525,0.6744306418219461,19.0,48.19097784723685,0,1,0,0,0
0.5702037132542548,0.6715123775141826,20.0,51.08860426212965,0,1,0,0,0
0.5694266015758821,0.6700496745460774,22.0,56.15242148516623,0,1,0,0,0
0.5724486279240081,0.6754512557618576,17.0,43.082918741876334,0,1,0,0,0
0.5724486279240081,0.6754512557618576,17.0,43.082918741876334,0,1,0,0,0
0.5689448441247003,0.6705528434395341,20.0,51.04612148276911,0,1,0,0,0
0.5696407159986296,0.6714200068516615,21.0,52.90833114018257,0,1,0,0,0
0.5692660157588215,0.6711737752655019,18.0,45.879213678491894,0,1,0,0,0
0.5701867077766358,0.6705956663240836,20.0,50.77156882988087,0,1,0,0,0
0.5704115279205207,0.6722550531003768,24.0,60.575681440430444,0,1,0,0,0
0.5703151764302844,0.6701781431997259,19.0,49.353592839508174,0,1,0,0,0
0.5741477334140384,0.676127888627078,19.0,49.023751522284954,0,1,0,0,0
0.5684959306175635,0.6694614743767757,19.0,49.169727917992766,0,1,0,0,0
0.5689448441247003,0.6702530832476875,26.0,65.83835052284076,0,1,0,0,0
0.5724163184422522,0.675666652306897,20.0,51.40851553963996,0,1,0,0,0
0.5724163184422522,0.675666652306897,20.0,51.40851553963996,0,1,0,0,0
0.576070468926064,0.6783934298344457,19.0,48.85492851795323,0,1,0,0,0
0.572857881359583,0.675698961788653,17.0,44.22791905566192,0,1,0,0,0
0.5706442324222107,0.6746175004297748,17.0,43.79939236771986,0,1,0,0,0
0.5689127269612881,0.6715591812264474,23.0,58.28505209148436,0,1,0,0,0
0.5694373072970196,0.6721694073312778,23.0,57.559348145545115,0,1,0,0,0
0.5694373072970196,0.6721694073312778,23.0,57.559348145545115,0,1,0,0,0
0.5696338221421834,0.6709437441042793,19.0,48.874270450434246,0,1,0,0,0
0.5696338221421834,0.6709437441042793,19.0,48.874270450434246,0,1,0,0,0
0.571912068076328,0.6744133574007221,21.0,53.049813188289505,0,1,0,0,0
0.5711814509197181,0.6734463641052089,20.0,51.01997781952003,0,1,0,0,0
0.5697798903734156,0.6717518842069202,23.0,58.55765107170402,0,1,0,0,0
0.5708504624871531,0.6718375299760192,22.0,56.12187049615121,0,1,0,0,0
0.5708504624871531,0.6718375299760192,22.0,56.12187049615121,0,1,0,0,0
0.5718353888317917,0.6729188078108942,19.0,49.52254689623498,0,1,0,0,0
0.5748287597466937,0.6766036272778184,21.0,53.310545336560004,0,1,0,0,0
0.57112110298975,0.6739403754768044,22.0,55.32285042843088,0,1,0,0,0
0.5739520958083832,0.6770637296834902,19.0,48.48307080727597,0,1,0,0,0
0.572048074669167,0.6753894346538241,24.0,60.62477569243933,0,1,0,0,0
0.5747326775021386,0.678582121471343,17.0,43.67232348325951,0,1,0,0,0
0.5716305272108844,0.6726934523809524,21.0,53.260355948760896,0,1,0,0,0
0.56979078613694,0.6733305156382079,19.0,48.531512192670405,0,1,0,0,0
0.5675017835410634,0.670947165218851,18.0,45.88915041038758,0,1,0,0,0
0.5682781484745478,0.6726992320282009,21.0,53.34545697494012,0,1,0,0,0
0.5693272902765538,0.6759830458684796,20.0,50.71221185027436,0,1,0,0,0
0.5680552648105506,0.6720221896587817,19.0,49.30348342869294,0,1,0,0,0
0.5665519399249062,0.6721005423445974,23.0,59.29130060796537,0,1,0,0,0
0.5695790843090353,0.6744303160015107,19.0,48.645975619984426,0,1,0,0,0
0.5683000273747605,0.6720293120512119,23.0,58.34573410886792,0,1,0,0,0
0.5721984602224123,0.6783041060735672,16.0,40.710070950392435,0,1,0,0,0
0.571987951807229,0.6760004302925989,22.0,55.58903444349484,0,1,0,0,0
0.5736830672314543,0.6766047572499185,22.0,54.92067815377927,0,1,0,0,0
0.5688112160873711,0.6728135563838086,21.0,53.76572221521583,0,1,0,0,0
0.5714192282537607,0.6735993023762807,19.0,48.77297974330001,0,1,0,0,0
0.5727382124494038,0.674849578820698,19.0,49.3937297285538,0,1,0,0,0
0.5721146482879335,0.6723334427305546,17.0,44.43230634837043,0,1,0,0,0
0.5727053932830106,0.6754293840936441,16.0,41.08912046350161,0,1,0,0,0
0.5738945429022636,0.6796916125636077,19.0,48.19263423210314,0,1,0,0,0
0.5740121514118367,0.6768620508785733,21.0,52.41352422937786,0,1,0,0,0
0.5774587646955607,0.6793845411475697,19.0,48.21067132232643,0,1,0,0,0
0.569580480194158,0.6726402010921383,17.0,42.77654406981136,0,1,0,0,0
0.5722133136864003,0.6727918869723498,20.0,51.22265359049952,0,1,0,0,0
0.5727442142671405,0.6745796134176996,17.0,44.15530798845702,0,1,0,0,0
0.5709288767975126,0.6736623915014899,23.0,58.25900533844482,0,1,0,0,0
0.5706697758777044,0.6739430841646155,24.0,61.02967609655931,0,1,0,0,0
0.5706697758777044,0.6739430841646155,24.0,61.02967609655931,0,1,0,0,0
0.5747547416612164,0.6782210595160235,17.0,43.55454566829574,0,1,0,0,0
0.5679501212628506,0.6714635245637757,23.0,58.577451513329876,0,1,0,0,0
0.5678106153284829,0.6705728328289657,22.0,55.12824183207646,0,1,0,0,0
0.5678106153284829,0.6705728328289657,22.0,55.12824183207646,0,1,0,0,0
0.5682720580344687,0.6700255403172151,21.0,53.52443949211254,0,1,0,0,0
0.573448470139551,0.6766490422120135,20.0,51.41569818720536,0,1,0,0,0
0.5760736865053412,0.6767713102245476,17.0,43.32509429367544,0,1,0,0,0
0.5711555901023448,0.6731118020468972,22.0,56.273414862575216,0,1,0,0,0
0.5715334456103985,0.6721401735976162,18.0,47.02699446977161,0,1,0,0,0
0.5711232024873688,0.6736192080148551,19.0,48.35761774192314,0,1,0,0,0
0.5703162021281178,0.6726941799853531,20.0,50.45355792994927,0,1,0,0,0
0.5702192736828501,0.671240253306337,16.0,41.94113783152066,0,1,0,0,0
0.5700319790526474,0.6725259159101152,20.0,50.034986415403594,0,1,0,0,0
0.5700319790526474,0.6725259159101152,20.0,50.034986415403594,0,1,0,0,0
0.5701026518391787,0.6753100940975193,19.0,47.665431633294695,0,1,0,0,0
0.5671130952380953,0.6704400510204082,21.0,53.21524065941674,0,1,0,0,0
0.57017750213858,0.6737061591103507,16.0,41.747121601217245,0,1,0,0,0
0.5682929421768708,0.6703337585034014,24.0,60.12994706852341,0,1,0,0,0
0.5686437074829932,0.6717368197278911,23.0,57.82686546438152,0,1,0,0,0
0.5668596636338572,0.6692753069924285,18.0,46.88677417065919,0,1,0,0,0
0.5677933673469387,0.6718537414965986,21.0,53.06277784637534,0,1,0,0,0
0.5677933673469387,0.6718537414965986,21.0,53.06277784637534,0,1,0,0,0
0.567032967032967,0.6705304311073542,19.0,48.36025777600996,0,1,0,0,0
0.567032967032967,0.6705304311073542,19.0,48.36025777600996,0,1,0,0,0
0.5636906007954783,0.6702114297676366,20.0,51.02198702412364,0,1,0,0,0
0.5675840336134453,0.6712289915966386,16.0,42.08638360832527,0,1,0,0,0
0.5688047559449312,0.6737067167292449,21.0,53.84903004041094,0,1,0,0,0
0.5661872584877978,0.6756659020932779,18.0,44.4450986408709,0,1,0,0,0
0.5611165265423825,0.6662097396531417,20.0,50.18161224382723,0,1,0,0,0
0.5637971650217294,0.6680069859063401,17.0,44.070285247432984,0,1,0,0,0
0.5588370927318296,0.668360902255639,23.0,57.03329350579503,0,1,0,0,0
0.5588370927318296,0.668360902255639,23.0,57.03329350579503,0,1,0,0,0
0.561874686716792,0.6703558897243108,21.0,52.11990446150843,0,1,0,0,0
0.561874686716792,0.6703558897243108,21.0,52.11990446150843,0,1,0,0,0
0.5619949874686717,0.6695037593984963,23.0,58.245667332015394,0,1,0,0,0
0.563187969924812,0.6703458646616541,21.0,54.177091514383434,0,1,0,0,0
0.5604964114832536,0.6690390749601276,18.0,45.741820339057696,0,1,0,0,0
0.5599282296650717,0.6703648325358852,21.0,52.93902215970165,0,1,0,0,0
0.5633784461152882,0.6731528822055138,23.0,58.10922250349271,0,1,0,0,0
0.5622607655502392,0.6708632376395535,17.0,42.88376833736732,0,1,0,0,0
0.5615131578947369,0.6700558213716108,18.0,46.193534865093795,0,1,0,0,0
0.5615131578947369,0.6700558213716108,18.0,46.193534865093795,0,1,0,0,0
0.5586579442957677,0.6669838437902667,19.0,49.26074526565267,0,1,0,0,0
0.5615131578947369,0.6705342902711324,17.0,43.41109655482392,0,1,0,0,0
0.5618221690590112,0.6708133971291866,18.0,45.30843752635181,0,1,0,0,0
0.5627900928297055,0.6705845870678617,19.0,48.36148402810321,0,1,0,0,0
0.5603568580542265,0.6691088516746412,18.0,46.225103574498625,0,1,0,0,0
0.5606858054226476,0.6690291068580543,20.0,50.47586656630699,0,1,0,0,0
0.5586160998092816,0.6678123013350286,20.0,50.56421810543797,0,1,0,0,0
0.5591922282263191,0.6678421010807375,18.0,45.02190881970297,0,1,0,0,0
0.5584969008264463,0.6656071201525747,17.0,43.034409331231224,0,1,0,0,0
0.5601098901098901,0.6698301698301699,18.0,45.310243573100394,0,1,0,0,0
0.558104066985646,0.6681419457735247,21.0,53.953659495755865,0,1,0,0,0
0.5629778672032193,0.6709657947686116,14.0,35.66200646168471,0,1,0,0,0
0.5574661084529505,0.6659290271132376,19.0,47.964557493757894,0,1,0,0,0
0.5588711288711289,0.6697702297702298,19.0,48.63059476701984,0,1,0,0,0
0.5550301970756516,0.6651601239669421,21.0,53.20698179233208,0,1,0,0,0
0.5579020979020979,0.665974025974026,20.0,50.320187742298565,0,1,0,0,0
0.5608020050125313,0.6701152882205513,17.0,44.73300851805039,0,1,0,0,0
0.5565534465534465,0.6653046953046953,19.0,47.725654165135005,0,1,0,0,0
0.5634820483595213,0.6743771879833916,17.0,42.89509419260579,0,1,0,0,0
0.564327485380117,0.6738028053817527,18.0,46.10638448644869,0,1,0,0,0
0.5652949302105025,0.6766591757210895,21.0,51.98388991806641,0,1,0,0,0
0.5645733253613179,0.6769890522235738,21.0,52.87474369764849,0,1,0,0,0
0.5706414508207044,0.6836719701104068,21.0,53.60538273511372,0,1,0,0,0
0.5649426976197472,0.6786448931614961,23.0,58.353338799748904,0,1,0,0,0
0.5592856099647395,0.6717853491623026,21.0,51.77412333903735,0,1,0,0,0
0.5603249233869275,0.6744888963519584,18.0,45.142267834934586,0,1,0,0,0
0.567851355961112,0.6795262664165104,17.0,43.26816595398706,0,1,0,0,0
0.5677964312110654,0.6772568894520115,17.0,43.68432987283959,0,1,0,0,0
0.5716992716802168,0.681910569105691,16.0,41.50979569764196,0,1,0,0,0
0.5693439865433138,0.6824222035323801,22.0,55.26042886902863,0,1,0,0,0
0.5701304998629646,0.6845128918685304,17.0,42.746654566240686,0,1,0,0,0
0.5788314176245211,0.691262239250745,14.0,35.791385433458366,0,1,0,0,0
0.5788314176245211,0.691262239250745,14.0,35.791385433458366,0,1,0,0,0
0.5786825638423811,0.6898888043294436,16.0,40.842657366879706,0,1,0,0,0
0.5740069934462615,0.6890743106011432,19.0,47.73196111243216,0,1,0,0,0
0.5733579011285831,0.6869176490295023,21.0,53.23632021230212,0,1,0,0,0
0.5780695078640284,0.6921824792829359,16.0,40.73037263103503,0,1,0,0,0
0.5806393487800224,0.6953447946918788,15.0,38.224152061168866,0,1,0,0,0
0.5789151023169288,0.6920873499069846,15.0,38.31623485382367,0,1,0,0,0
0.581117586999064,0.6962584021100996,14.0,35.65796180481856,0,1,0,0,0
0.5808410618565473,0.6951735727048414,13.0,33.3718224355395,0,1,0,0,0
0.5836579623287671,0.6970890410958904,15.0,37.91252101041622,0,1,0,0,0
0.5839897260273973,0.6968428938356165,14.0,35.87581448805867,0,1,0,0,0
0.5834011130136987,0.6948630136986301,21.0,52.241811950711636,0,1,0,0,0
0.5849871134020619,0.6950279209621993,19.0,47.46189095709446,0,1,0,0,0
0.5863900862068966,0.6958620689655173,18.0,45.74367380552707,0,1,0,0,0
0.5882232164083944,0.6961356415742722,18.0,46.287927774755104,0,1,0,0,0
0.5884825693228728,0.6977998227755084,16.0,40.2531641871639,0,1,0,0,0
0.5935664883205011,0.6991713428161295,20.0,50.437323511535915,0,1,0,0,0
0.5930336247770673,0.7006394362521206,20.0,50.62335980047473,0,1,0,0,0
0.5944038453173257,0.7009113054069338,16.0,41.73827271688622,0,1,0,0,0
0.596885813148789,0.7003416407516097,17.0,42.91159826084377,0,1,0,0,0
0.5978177599754854,0.7003086217085823,19.0,48.275981997950126,0,1,0,0,0
0.5978177599754854,0.7003086217085823,19.0,48.275981997950126,0,1,0,0,0
0.5972501091226539,0.699628982976866,16.0,41.196272534342086,0,1,0,0,0
0.6041445623342175,0.7075154730327144,12.0,31.155579189642467,0,1,0,0,0
0.5997329656138508,0.7018845623481516,22.0,54.78229817821734,0,1,0,0,0
0.6005318799658547,0.7045220741129862,21.0,52.44258757407074,0,1,0,0,0
0.5982026001221534,0.701651252072245,20.0,49.99182478754851,0,1,0,0,0
0.5982026001221534,0.701651252072245,20.0,49.99182478754851,0,1,0,0,0
0.5946549332408532,0.6960616438356164,20.0,50.031238286702326,0,1,0,0,0
0.5949259083250529,0.6966237525381259,20.0,50.85843388535931,0,1,0,0,0
0.5967574128663083,0.6973729842205653,17.0,43.43531592363547,0,1,0,0,0
0.5958979565386443,0.697855013608675,18.0,46.118747232134346,0,1,0,0,0
0.5915598772189666,0.6963959902977226,22.0,54.561258101357204,0,1,0,0,0
0.5943934694580857,0.697897820280865,16.0,40.43234223408386,0,1,0,0,0
0.5917423315517204,0.6959130229463155,15.0,37.935485916090585,0,1,0,0,0
0.5892375818251829,0.6961772130235742,17.0,42.96270405336876,0,1,0,0,0
0.5924936140983537,0.6956017773198532,18.0,45.27654831912278,0,1,0,0,0
0.5924936140983537,0.6956017773198532,18.0,45.27654831912278,0,1,0,0,0
0.5896970989761092,0.6926941126279863,11.0,29.009931931211415,0,1,0,0,0
0.5757239473188299,0.6793588642978287,14.0,36.03915930030936,0,1,0,0,0
0.5673324207731874,0.6737701178032188,14.0,35.30403941647934,0,1,0,0,0
0.555497542997543,0.6557227682227682,19.0,48.088066556071006,0,1,0,0,0
0.5587817237969677,0.6621003625576797,16.0,39.27865068198065,0,1,0,0,0
0.561357999173212,0.6646341463414634,13.0,32.32475614422467,0,1,0,0,0
0.5591679506933744,0.6635952747817154,16.0,41.67452360236916,0,1,0,0,0
0.5801906779661017,0.685,16.0,40.52920389810859,0,1,0,0,0
0.5891343078541224,0.6956125099276622,16.0,40.57324349666987,0,1,0,0,0
0.5891343078541224,0.6956125099276622,16.0,40.57324349666987,0,1,0,0,0
0.5891520130064605,0.6973965686903693,19.0,47.209396365676845,0,1,0,0,0
0.5977187053165215,0.7069738723514883,20.0,50.652832307032874,0,1,0,0,0
0.6059000523286238,0.7110914878772021,25.0,61.97892891088684,0,1,0,0,0
0.610304378161521,0.7168694400837258,19.0,48.152981000820155,0,1,0,0,0
0.615002733734281,0.7227665390924002,21.0,53.13432735052727,0,1,0,0,0
0.6152323674138873,0.7290978676872608,20.0,50.41937435281426,0,1,0,0,0
0.6091777995003801,0.7249375475181927,24.0,60.55673572630355,0,1,0,0,0
0.5875221093332237,0.7280860515815886,22.0,54.55724983238045,0,1,0,0,0
0.5909544870880297,0.7287772863461264,17.0,44.31229375171212,0,1,0,0,0
0.6000185716349229,0.73008192154516,23.0,58.15766402260776,0,1,0,0,0
0.5981831395348837,0.731063122923588,23.0,58.53227095291829,0,1,0,0,0
0.5975114009203277,0.7277914199046656,22.0,54.04043847568906,0,1,0,0,0
0.6021635610766045,0.7275776397515528,21.0,52.397600034435946,0,1,0,0,0
0.5991140642303433,0.7285181083630696,23.0,58.15544330398898,0,1,0,0,0
0.5991140642303433,0.7285181083630696,23.0,58.15544330398898,0,1,0,0,0
0.6033277117354284,0.7292480770021801,26.0,66.19526186470455,0,1,0,0,0
0.5345774385703649,0.7225311801935964,17.0,41.82779568924394,0,1,1,0,0
0.5345425353685778,0.7239738458674609,18.0,43.336021889410944,0,1,1,0,0
0.5365656612963656,0.7275547958036718,18.0,43.27974931263078,0,1,1,0,0
0.5421489563567362,0.7333728652751423,13.0,30.725811787396097,0,1,1,0,0
0.5416021902154505,0.7336983692417569,16.0,38.24910879379391,0,1,1,0,0
0.5416021902154505,0.7336983692417569,16.0,38.24910879379391,0,1,1,0,0
0.5416259969051304,0.7336745625520771,16.0,38.982771425697536,0,1,1,0,0
0.5373261424921941,0.7274340051092819,17.0,41.6277005898246,0,1,1,0,0
0.5365928659286593,0.7298940297095279,18.0,43.839725418311666,0,1,1,0,0
0.5374122128318057,0.7331389120342816,16.0,38.93741083045361,0,1,1,0,0
0.535634875579525,0.7280963194247327,16.0,38.493586976401296,0,1,1,0,0
0.53928103797167,0.7323651946196882,16.0,37.87547576448726,0,1,1,0,0
0.5378645399357219,0.733686465896917,17.0,41.650926196020144,0,1,1,0,0
0.5426989984185556,0.7338021756840944,19.0,46.463148956310164,0,1,1,0,0
0.543388080939633,0.7336179244145382,18.0,42.88328780671461,0,1,1,0,0
0.543388080939633,0.7336179244145382,18.0,42.88328780671461,0,1,1,0,0
0.538002587818086,0.733598504816217,18.0,43.53818765025817,0,1,1,0,0
0.5393965704362926,0.7317367291319972,18.0,42.73980726637859,0,1,1,0,0
0.5380103521671826,0.7301543150154799,14.0,33.357492340927635,0,1,1,0,0
0.5401845961056487,0.733155002891845,19.0,45.0376962654344,0,1,1,0,0
0.540714767688452,0.7325404858299596,15.0,36.09977189777647,0,1,1,0,0
0.5462488519359985,0.7283559723497849,19.0,45.51133967283039,0,1,1,0,0
0.5494768856447688,0.7348905109489051,18.0,43.191642453325564,0,1,1,0,0
0.5452579852579853,0.7331818181818182,16.0,38.62259894465458,0,1,1,0,0
0.5494306418219461,0.7395247954254165,19.0,45.58760353443008,0,1,1,0,0
0.5494306418219461,0.7395247954254165,19.0,45.58760353443008,0,1,1,0,0
0.5558577716235596,0.7416794421640869,19.0,45.209303288169245,0,1,1,0,0
0.5628307205380545,0.7479724049255724,16.0,38.35090747227023,0,1,1,0,0
0.5675762838005458,0.7546018357727611,12.0,28.868378693376425,0,1,1,0,0
0.574529417561841,0.752205085246871,16.0,39.130826456961856,0,1,1,0,0
0.5737040504582636,0.7519956637429782,16.0,38.4700251597364,0,1,1,0,0
0.5771959542397015,0.7539892964108607,11.0,27.345947983055066,0,1,1,0,0
0.5742325604076756,0.7506034671933289,21.0,52.01001390033416,0,1,1,0,0
0.568219111969112,0.7435569498069498,16.0,38.77180722833367,0,1,1,0,0
0.565094111969112,0.7446428571428572,16.0,38.814690842302184,0,1,1,0,0
0.565094111969112,0.7446428571428572,16.0,38.814690842302184,0,1,1,0,0
0.5673511589881697,0.7449023756852938,19.0,46.75175857725457,0,1,1,0,0
0.5705449439562302,0.749800275982279,18.0,44.91294855912012,0,1,1,0,0
0.5605216811842544,0.7406468656290162,15.0,36.98580713121736,0,1,1,0,0
0.561449854824123,0.7425389118949022,14.0,35.009190001041965,0,1,1,0,0
0.5693228816004616,0.7465254400307781,14.0,34.441029820221566,0,1,1,0,0
0.5669086639831321,0.7462023193406172,16.0,39.66835645208073,0,1,1,0,0
0.562485125422438,0.7438002760721596,14.0,33.98150577619924,0,1,1,0,0
0.5612951592174782,0.7427293064876958,13.0,32.24862155616949,0,1,1,0,0
0.5613002364066194,0.7426359338061466,14.0,34.188990921553646,0,1,1,0,0
0.5602717882812128,0.7403731734018754,18.0,43.39875892139361,0,1,1,0,0
0.566409607487346,0.7456307898004011,14.0,34.184923553838786,0,1,1,0,0
0.567484003438067,0.7484480947378473,16.0,38.60613902000897,0,1,1,0,0
0.5698198198198198,0.7509224650182097,13.0,31.107968199876364,0,1,1,0,0
0.5589797709109019,0.7380534541228924,15.0,36.260851808678694,0,1,1,0,0
0.562357251617815,0.7422559002664636,16.0,38.590082591185016,0,1,1,0,0
0.5666189282730636,0.7455662966941162,15.0,36.28422568874765,0,1,1,0,0
0.5682897720491705,0.7499701635039981,15.0,35.992503502767505,0,1,1,0,0
0.5708557107053348,0.7483828619166965,15.0,36.218187919797835,0,1,1,0,0
0.5791651542649727,0.760096793708409,16.0,39.15697147055498,0,1,1,0,0
0.5835934664246824,0.764162129461585,15.0,36.463523125553465,0,1,1,0,0
0.5865497076023392,0.7642056530214425,14.0,34.14150241630287,0,1,1,0,0
0.5875365497076024,0.7671052631578947,18.0,43.22917190023972,0,1,1,0,0
0.580604960677556,0.7582940108892922,18.0,42.305403156888204,0,1,1,0,0
0.5753785147801009,0.7515621244893055,17.0,41.65077725719029,0,1,1,0,0
0.5804839685420448,0.7573502722323049,19.0,46.11561569632659,0,1,1,0,0
0.5796565104915206,0.7536648462201783,19.0,45.42811802717261,0,1,1,0,0
0.5745258416311048,0.7464556661925082,14.0,35.15890456204581,0,1,1,0,0
0.5765246449456976,0.7511636233440745,17.0,41.55467677705427,0,1,1,0,0
0.5718555093555093,0.7431487431487431,18.0,44.353123445161785,0,1,1,0,0
0.5837963406456557,0.7562865216974806,18.0,44.55023754634807,0,1,1,0,0
0.5837963406456557,0.7562865216974806,18.0,44.55023754634807,0,1,1,0,0
0.5850396539293439,0.7564888248017304,15.0,36.614493971965004,0,1,1,0,0
0.584442954305968,0.755999137848453,18.0,42.42667877524419,0,1,1,0,0
0.5871672710896205,0.7578634241152907,20.0,47.26188765602958,0,1,1,0,0
0.5870132024935409,0.7542605892531229,21.0,49.89017749519465,0,1,1,0,0
0.5858918478781493,0.7565619312194655,16.0,37.86971760901926,0,1,1,0,0
0.5899686520376175,0.759585242343863,15.0,36.111342579583074,0,1,1,0,0
0.5866582048088897,0.7557237283264681,15.0,36.7317055888704,0,1,1,0,0
0.589920424403183,0.7622618760549795,17.0,40.274158162557704,0,1,1,0,0
0.5883605565638234,0.7607259528130671,17.0,42.068784387440296,0,1,1,0,0
0.5883605565638234,0.7607259528130671,17.0,42.068784387440296,0,1,1,0,0
0.5834730338154995,0.7556638566912539,18.0,41.975908342032206,0,1,1,0,0
0.5810400815378416,0.7495792742183982,16.0,38.899433733539155,0,1,1,0,0
0.5764667106130521,0.7459624258404747,16.0,37.34309385544189,0,1,1,0,0
0.5787745653817082,0.7467757936507936,17.0,40.281561919740454,0,1,1,0,0
0.5789779326364692,0.749342245609045,17.0,39.61807995529801,0,1,1,0,0
0.5844788772870965,0.7559751891943672,14.0,32.563559280619856,0,1,1,0,0
0.5850794711469619,0.7538303660923106,20.0,47.4385359254098,0,1,1,0,0
0.5850794711469619,0.7538303660923106,20.0,47.4385359254098,0,1,1,0,0
0.5840706912135484,0.7512725369868227,13.0,32.16370015033073,0,1,1,0,0
0.5840706912135484,0.7512725369868227,13.0,32.16370015033073,0,1,1,0,0
0.5859889449651526,0.7568853640951694,15.0,37.1219796764769,0,1,1,0,0
0.5849937733499377,0.7582263626784175,15.0,36.36587062493349,0,1,1,0,0
0.5842371913800485,0.7508087150944294,16.0,37.88704634598816,0,1,1,0,0
0.5810142238713667,0.7487393558822131,14.0,33.52958262130887,0,1,1,0,0
0.578033453033453,0.7438574938574939,14.0,33.668322675409854,0,1,1,0,0
0.578033453033453,0.7438574938574939,14.0,33.668322675409854,0,1,1,0,0
0.582524618238904,0.7487988202273916,13.0,32.003671539025234,0,1,1,0,0
0.5793564543564543,0.7452041202041202,21.0,50.936524989158315,0,1,1,0,0
0.5833214404642976,0.7500713572142144,18.0,42.78853726871617,0,1,1,0,0
0.5815137243708672,0.751129822558394,13.0,31.1565906056222,0,1,1,0,0
0.5799497499348172,0.7468652966413046,18.0,44.17459115579152,0,1,1,0,0
0.5799497499348172,0.7468652966413046,18.0,44.17459115579152,0,1,1,0,0
0.5814066885495457,0.7471100328243185,18.0,43.55760356538281,0,1,1,0,0
0.5814066885495457,0.7471100328243185,18.0,43.55760356538281,0,1,1,0,0
0.5804830643058617,0.74688899950224,20.0,47.09198485282745,0,1,1,0,0
0.582048903477475,0.7500713572142144,15.0,35.27681493067,0,1,1,0,0
0.5855206437398218,0.7505867420250982,18.0,42.85720431242816,0,1,1,0,0
0.5867300507711467,0.7531013507040905,17.0,41.080516584352885,0,1,1,0,0
0.5861439312567132,0.748657357679914,18.0,44.20682592655659,0,1,1,0,0
0.5845582988440131,0.7483112125969269,20.0,47.23611562077446,0,1,1,0,0
0.5815615444784186,0.7483585768802294,15.0,35.47473840033981,0,1,1,0,0
0.5815615444784186,0.7483585768802294,15.0,35.47473840033981,0,1,1,0,0
0.5837020122734409,0.751998001998002,20.0,47.73520903546124,0,1,1,0,0
0.5857951572237287,0.7520574663431806,17.0,42.31272930443906,0,1,1,0,0
0.5841451563203679,0.7510251487354523,21.0,50.17693474075811,0,1,1,0,0
0.5822489274455427,0.7494607599137216,16.0,38.08698081161624,0,1,1,0,0
0.5860579447281753,0.7543076702782684,18.0,42.353427550362696,0,1,1,0,0
0.5813728269085412,0.7489606953892668,19.0,45.23922123842461,0,1,1,0,0
0.581396447467876,0.7495630196523053,22.0,51.618138427017406,0,1,1,0,0
0.581396447467876,0.7495630196523053,22.0,51.618138427017406,0,1,1,0,0
0.581955206955207,0.7480509355509356,16.0,38.83065243898773,0,1,1,0,0
0.5810163786769063,0.7497688971058807,19.0,45.319487872087514,0,1,1,0,0
0.5823081845978809,0.748998554125483,17.0,40.01210684205468,0,1,1,0,0
0.5821778188627368,0.7496740856621394,17.0,40.34667285803023,0,1,1,0,0
0.5840825840825841,0.7515936444507874,17.0,40.741512884360084,0,1,1,0,0
0.5825333617767664,0.7512503259143378,19.0,44.679230785119124,0,1,1,0,0
0.583000333000333,0.7517006802721088,14.0,33.761171553988135,0,1,1,0,0
0.5828814043099757,0.750392464678179,15.0,35.806841602441814,0,1,1,0,0
0.5840174693332061,0.749797145720968,16.0,38.188902143004555,0,1,1,0,0
0.5840174693332061,0.749797145720968,16.0,38.188902143004555,0,1,1,0,0
0.5788712697622603,0.744601673421982,15.0,36.37578160161473,0,1,1,0,0
0.5843711083437111,0.7526463262764632,16.0,38.060573532864026,0,1,1,0,0
0.5781720353646685,0.7444120505344995,20.0,47.56007583386351,0,1,1,0,0
0.5815252416756176,0.7443847714524406,18.0,42.889677531347054,0,1,1,0,0
0.5815252416756176,0.7443847714524406,18.0,42.889677531347054,0,1,1,0,0
0.582383370054603,0.7457970112079702,17.0,40.20296642742373,0,1,1,0,0
0.584838107098381,0.7481799022894914,17.0,40.327049827061266,0,1,1,0,0
0.5856164383561644,0.7492096944151738,17.0,41.13566295490136,0,1,1,0,0
0.5856164383561644,0.7492096944151738,17.0,41.13566295490136,0,1,1,0,0
0.5834685695193547,0.7490334590234357,18.0,42.93144708168407,0,1,1,0,0
0.5834685695193547,0.7488664025583505,23.0,55.677485545830976,0,1,1,0,0
0.5836356259844399,0.7510858670230538,24.0,56.64935258537247,0,1,1,0,0
0.5820728691019786,0.7487276445966514,21.0,50.06662588231037,0,1,1,0,0
0.5812282955140098,0.7450525664811379,17.0,40.86465982375103,0,1,1,0,0
0.585772104607721,0.7489941565284031,16.0,38.061062219994994,0,1,1,0,0
0.585772104607721,0.7489941565284031,16.0,38.061062219994994,0,1,1,0,0
0.5878556375131717,0.75093399750934,14.0,33.948240925855444,0,1,1,0,0
0.5845343417047184,0.749203291476408,18.0,42.82088400610114,0,1,1,0,0
0.5845343417047184,0.749203291476408,18.0,42.82088400610114,0,1,1,0,0
0.5862369337979094,0.7505011693952556,20.0,48.943763876647346,0,1,1,0,0
0.5868335640303566,0.7500835282325427,16.0,38.185465117930676,0,1,1,0,0
0.5856283709608133,0.7533411293017039,16.0,38.11416766935502,0,1,1,0,0
0.5856283709608133,0.7533411293017039,16.0,38.11416766935502,0,1,1,0,0
0.5869971264367816,0.7532806513409962,18.0,42.77417731199485,0,1,1,0,0
0.5869971264367816,0.7532806513409962,18.0,42.77417731199485,0,1,1,0,0
0.588110632183908,0.7533405172413793,19.0,45.19150394098698,0,1,1,0,0
0.58856561302682,0.75518438697318,16.0,38.11729355461639,0,1,1,0,0
0.5888290229885057,0.7547892720306514,18.0,43.1858848372144,0,1,1,0,0
0.588757183908046,0.7518678160919541,22.0,52.38619031565421,0,1,1,0,0
0.5866858237547893,0.7517361111111112,16.0,39.51239872250539,0,1,1,0,0
0.5848435121765602,0.7493935502283106,19.0,45.58487212963938,0,1,1,0,0
0.5836781773211568,0.7496432648401826,19.0,45.26591140387841,0,1,1,0,0
0.5871288314176245,0.7515086206896552,20.0,47.88362917752486,0,1,1,0,0
0.5876366694701429,0.7508590652408987,19.0,45.733737172875585,0,1,1,0,0
0.5891487822522306,0.7507957559681697,17.0,40.872277056625286,0,1,1,0,0
0.5834924347286525,0.7451076320939335,19.0,45.074295632698515,0,1,1,0,0
0.582561691566035,0.746241229535583,16.0,38.28966142315964,0,1,1,0,0
0.5867355520845848,0.7477351916376307,20.0,48.23225095972844,0,1,1,0,0
0.586627417998318,0.7480475789979575,21.0,50.13141068563829,0,1,1,0,0
0.5867235371861108,0.749549441307221,19.0,45.25768811800234,0,1,1,0,0
0.5850294365012616,0.7468941487444432,20.0,47.788290258056186,0,1,1,0,0
0.5936771561771562,0.7563738344988346,18.0,43.150997054002985,0,1,1,0,0
0.5837843663186129,0.7453779097614714,18.0,44.598517645576464,0,1,1,0,0
0.5870026525198939,0.7491439594887871,22.0,53.2906747071832,0,1,1,0,0
0.587099107788763,0.7487701953219195,19.0,46.512799296405845,0,1,1,0,0
0.5844407064760303,0.7460891505466779,21.0,50.67426217121233,0,1,1,0,0
0.584524810765349,0.7465817613841162,19.0,45.52668689394685,0,1,1,0,0
0.5835876486843686,0.7466418358764868,21.0,51.461727041986286,0,1,1,0,0
0.5877742946708464,0.7498191463708705,18.0,44.16511705572698,0,1,1,0,0
0.5876296117675428,0.7503737641668676,17.0,40.077297867614746,0,1,1,0,0
0.5876296117675428,0.7503737641668676,17.0,40.077297867614746,0,1,1,0,0
0.5870870508801543,0.7486616831444418,19.0,45.85216597501405,0,1,1,0,0
0.5883484573502722,0.750865093768905,14.0,35.038761279482365,0,1,1,0,0
0.5820959862055752,0.7420969441517387,18.0,42.9084494065178,0,1,1,0,0
0.5881427707199032,0.7486630369026013,18.0,42.728093672778805,0,1,1,0,0
0.5871506352087115,0.7494010889292196,16.0,39.880372243141764,0,1,1,0,0
0.585892316999395,0.7454204476709014,19.0,46.23740710863649,0,1,1,0,0
0.5837111164697372,0.7443935374969858,19.0,46.05918035757601,0,1,1,0,0
0.5873880505459452,0.7502392344497608,20.0,47.59049961823517,0,1,1,0,0
0.5873880505459452,0.7502392344497608,20.0,47.59049961823517,0,1,1,0,0
0.5856150891362158,0.7480301388752093,18.0,44.55947352276959,0,1,1,0,0
0.5876810156714938,0.7489089466375719,14.0,35.27015262662103,0,1,1,0,0
0.5831281394661676,0.7426253324140648,12.0,28.540263160907852,0,1,1,0,0
0.5840025698682942,0.7452988707405669,16.0,37.452961172720606,0,1,1,0,0
0.5799886732985324,0.7393135033980104,17.0,41.34460187632118,0,1,1,0,0
0.5837135488990279,0.7446687165244991,15.0,35.75855740422137,0,1,1,0,0
0.5859503309610312,0.7453217538446225,18.0,43.559038147543845,0,1,1,0,0
0.5852784551833972,0.7447369730752004,17.0,40.58643176821502,0,1,1,0,0
0.5850171701587618,0.745918976758075,19.0,45.27514325636814,0,1,1,0,0
0.5847061165580053,0.7458194396058329,17.0,40.647037388018276,0,1,1,0,0
0.5834903788930768,0.7400689347351715,17.0,40.9782478350687,0,1,1,0,0
0.5875162321446409,0.7452677055239236,20.0,47.91621611794211,0,1,1,0,0
0.5875162321446409,0.7452677055239236,20.0,47.91621611794211,0,1,1,0,0
0.5868045150334632,0.7457546698631505,17.0,40.706710165963266,0,1,1,0,0
0.5850420544468222,0.7441273080177176,20.0,48.8867992929176,0,1,1,0,0
0.5826224955365998,0.7405028764134101,21.0,50.546715050739756,0,1,1,0,0
0.5839367189049792,0.7436520531640548,20.0,47.23665503550908,0,1,1,0,0
0.5864480167222416,0.7463171253670432,19.0,44.827397294596054,0,1,1,0,0
0.5842962705812339,0.7406888514183694,22.0,53.32709783611429,0,1,1,0,0
0.587353910698232,0.7451927879332734,15.0,36.88226173825396,0,1,1,0,0
0.587353910698232,0.7451927879332734,15.0,36.88226173825396,0,1,1,0,0
0.585647688950605,0.7472847649275938,21.0,51.683622634827955,0,1,1,0,0
0.5894141444411147,0.7505493956647687,21.0,49.74978253321237,0,1,1,0,0
0.5894141444411147,0.7505493956647687,21.0,49.74978253321237,0,1,1,0,0
0.585660087284269,0.7445943265225153,17.0,41.51918100474792,0,1,1,0,0
0.5837925325557834,0.7413822926190418,16.0,38.944357532697445,0,1,1,0,0
0.5813702394974479,0.739436101295642,17.0,41.54945855310664,0,1,1,0,0
0.581456124852768,0.7393502159403219,15.0,35.4465522371033,0,1,1,0,0
0.5827957254013592,0.7422436718211366,18.0,43.774889325237005,0,1,1,0,0
0.5823211875843455,0.7405349036927984,19.0,45.268777599020375,0,1,1,0,0
0.5792742566510172,0.7388253129890454,15.0,35.973286137269405,0,1,1,0,0
0.5792742566510172,0.7388253129890454,15.0,35.973286137269405,0,1,1,0,0
0.5852751488793891,0.7453853566927772,17.0,41.290738970632,0,1,1,0,0
0.5814537575100955,0.7440042352014183,18.0,43.23838035901603,0,1,1,0,0
0.5823278833842214,0.7423544765094061,17.0,40.69815596663155,0,1,1,0,0
0.5781127738654147,0.7370158450704225,15.0,37.14082402273701,0,1,1,0,0
0.5857940645926512,0.7448787961155452,17.0,39.76652569297277,0,1,1,0,0
0.5855716721441103,0.7455706837332279,20.0,47.6566009693575,0,1,1,0,0
0.586263559761793,0.7455089080530777,19.0,44.45876380142915,0,1,1,0,0
0.5834236186348862,0.7412587412587412,20.0,47.21379763269625,0,1,1,0,0
0.5834236186348862,0.7412587412587412,20.0,47.21379763269625,0,1,1,0,0
0.5833497488427066,0.7425637742539151,18.0,42.60343263761736,0,1,1,0,0
0.5818672555514661,0.741774015458226,19.0,45.78712546406735,0,1,1,0,0
0.5848887028464493,0.7442012213138973,21.0,50.786588738644205,0,1,1,0,0
0.5844331724613415,0.7449029843396041,21.0,50.19470727882024,0,1,1,0,0
0.5803868348982786,0.7399745696400626,18.0,43.77672870063628,0,1,1,0,0
0.581646423751687,0.7419948472580051,19.0,46.745968110823284,0,1,1,0,0
0.5790908646322379,0.739742273082942,16.0,37.46785498502399,0,1,1,0,0
0.5790908646322379,0.739742273082942,16.0,37.46785498502399,0,1,1,0,0
0.5809776207302709,0.739828720062819,15.0,35.85036721615843,0,1,1,0,0
0.5809776207302709,0.739828720062819,15.0,35.85036721615843,0,1,1,0,0
0.580345969819654,0.738755980861244,23.0,55.69409417894583,0,1,1,0,0
0.5836072055153327,0.7424077689095357,22.0,51.97535705119617,0,1,1,0,0
0.5837184017396031,0.7434085349279695,18.0,42.782268366023004,0,1,1,0,0
0.5806658130601793,0.7398059686792081,23.0,54.62543990533108,0,1,1,0,0
0.5827464788732394,0.7415172855313701,21.0,50.92405748542524,0,1,1,0,0
0.5830635795300106,0.7429637500308879,17.0,42.053582127832556,0,1,1,0,0
0.5830635795300106,0.7429637500308879,17.0,42.053582127832556,0,1,1,0,0
0.5864355745782113,0.7474244761857364,15.0,36.19443231715462,0,1,1,0,0
0.5864355745782113,0.7474244761857364,15.0,36.19443231715462,0,1,1,0,0
0.5864231324341811,0.745732344597621,19.0,44.82376032023246,0,1,1,0,0
0.5867093017468771,0.7454586174289554,16.0,38.955084636254156,0,1,1,0,0
0.5839969143482805,0.7434554322400836,18.0,43.09681410512818,0,1,1,0,0
0.5856019509281839,0.7452097745483501,15.0,36.588712753149935,0,1,1,0,0
0.5863484795699995,0.746590852535709,17.0,41.56897718873519,0,1,1,0,0
0.5831006449381008,0.7417405915639131,18.0,43.6241252638152,0,1,1,0,0
0.5832489065704614,0.7414193580271319,19.0,46.65322860780056,0,1,1,0,0
0.5832489065704614,0.7414193580271319,19.0,46.65322860780056,0,1,1,0,0
0.5796439476016941,0.7376391214419383,18.0,43.853166856668075,0,1,1,0,0
0.5822728508240875,0.7403938817366379,14.0,33.68967102087552,0,1,1,0,0
0.5852784551833972,0.7427835564624496,18.0,42.97121532195774,0,1,1,0,0
0.5852784551833972,0.7427835564624496,18.0,42.97121532195774,0,1,1,0,0
0.5837605136117056,0.742708903598268,14.0,33.4028042414841,0,1,1,0,0
0.5793941041290864,0.7372680323210359,18.0,42.75856452319,0,1,1,0,0
0.5807778793644518,0.7389359756850923,18.0,43.180737833330355,0,1,1,0,0
0.5774771003644243,0.7361617255983454,23.0,55.60103348212897,0,1,1,0,0
0.5798018236180781,0.7389112654130322,14.0,32.987581799976894,0,1,1,0,0
0.5819198531964489,0.7411223528244805,12.0,29.229165158936446,0,1,1,0,0
0.5819198531964489,0.7411223528244805,12.0,29.229165158936446,0,1,1,0,0
0.5852062730995905,0.7472904804714814,14.0,33.44698810688884,0,1,1,0,0
0.5795670760335071,0.7378981442585683,19.0,45.76626344055953,0,1,1,0,0
0.5793446835849663,0.7363537522548124,15.0,36.84280811874523,0,1,1,0,0
0.5796906273938076,0.7363043317106921,16.0,39.839423902087454,0,1,1,0,0
0.5820438426821406,0.7386921589049249,17.0,41.68014698903937,0,1,1,0,0
0.5804195804195804,0.7387630037806716,19.0,45.48023481307094,0,1,1,0,0
0.581877486471126,0.7394796016704144,14.0,33.176515429965086,0,1,1,0,0
0.5832365514344313,0.7419012083323038,16.0,38.359724590708176,0,1,1,0,0
0.5832365514344313,0.7419012083323038,16.0,38.359724590708176,0,1,1,0,0
0.5819639724233364,0.7415799747955225,16.0,37.98117681985041,0,1,1,0,0
0.5819886826953965,0.7419012083323038,16.0,37.804100322029306,0,1,1,0,0
0.5819639724233364,0.7403321060564877,16.0,38.75340564566746,0,1,1,0,0
0.5814821221181645,0.7416170402036126,20.0,47.197392083251124,0,1,1,0,0
0.5814327015740444,0.740665694729299,22.0,52.28709023577105,0,1,1,0,0
0.5847061165580053,0.7452844274125318,19.0,45.47217175027693,0,1,1,0,0
0.5823993255306487,0.7422138464590359,22.0,53.668629848991145,0,1,1,0,0
0.5850047280147315,0.7457074603095606,16.0,38.76102790961278,0,1,1,0,0
0.5850793808789131,0.7442517294580202,15.0,36.32585941099783,0,1,1,0,0
0.5850793808789131,0.7442517294580202,15.0,36.32585941099783,0,1,1,0,0
0.5831632906982531,0.7426840193102076,16.0,39.19337240081299,0,1,1,0,0
0.579011094912155,0.7392324989498135,21.0,50.273311782894126,0,1,1,0,0
0.5799130198423484,0.7394548913983543,17.0,41.30949416689961,0,1,1,0,0
0.5790728705923052,0.7378363685784181,22.0,51.82983913539015,0,1,1,0,0
0.5812844399416838,0.739108947589513,19.0,45.71106017369588,0,1,1,0,0
0.5804937112357607,0.7371444809607354,21.0,50.48106730747701,0,1,1,0,0
0.5804937112357607,0.7371444809607354,21.0,50.48106730747701,0,1,1,0,0
0.5792952630408461,0.7361313598062714,19.0,46.36211450424065,0,1,1,0,0
0.5736624608763693,0.7311962050078247,21.0,50.700597625203464,0,1,1,0,0
0.5756649980369062,0.7326634275618374,18.0,43.53254195077465,0,1,1,0,0
0.5814114963051134,0.7384565788821108,18.0,42.42311811320304,0,1,1,0,0
0.5814238952536824,0.7403288201160542,14.0,33.39184591206478,0,1,1,0,0
0.5822050290135397,0.7395228884590587,18.0,42.907685471298116,0,1,1,0,0
0.5801477674269194,0.7362054906224518,20.0,47.35139107588824,0,1,1,0,0
0.5775667451904201,0.7327002355712603,19.0,46.262957672623045,0,1,1,0,0
0.5775667451904201,0.7327002355712603,19.0,46.262957672623045,0,1,1,0,0
0.581346215621834,0.7387506486446416,18.0,43.11520084721585,0,1,1,0,0
0.5817786453828857,0.7388742000049421,16.0,40.62663004249485,0,1,1,0,0
0.5804072252835504,0.7393807605821741,19.0,45.571698507898546,0,1,1,0,0
0.5804319355556105,0.7415552645234624,18.0,43.34068079111067,0,1,1,0,0
0.5818950552993106,0.7409983633387889,19.0,45.66604704680342,0,1,1,0,0
0.5798388890261682,0.7379722750747486,17.0,40.64094944710685,0,1,1,0,0
0.580839655044602,0.7381576021151993,15.0,36.41343241062843,0,1,1,0,0
0.5814574118461044,0.7390471719093628,16.0,38.70180020233353,0,1,1,0,0
0.5806913934122415,0.7393313400380538,22.0,52.82346232036883,0,1,1,0,0
0.5795547208974771,0.7348587807951765,16.0,38.87958037981514,0,1,1,0,0
0.5817214700193424,0.739163318950553,16.0,39.729738700487204,0,1,1,0,0
0.5822298269106779,0.7395228884590587,14.0,33.82179044411953,0,1,1,0,0
0.5858680451503346,0.7438317850364599,17.0,41.85327213785797,0,1,1,0,0
0.5819322521450181,0.7372910777166096,20.0,48.50695778930831,0,1,1,0,0
0.5836734186034938,0.7414771313392724,19.0,45.62345350748027,0,1,1,0,0
0.5832217427962109,0.7386797599563557,16.0,38.281920259074965,0,1,1,0,0
0.5806799583395328,0.7390021326191539,14.0,34.91050268218374,0,1,1,0,0
0.5763321185856397,0.7344627203782134,20.0,48.431707901848036,0,1,1,0,0
0.5830264271139203,0.7430946100632061,21.0,50.44727245710042,0,1,1,0,0
0.5797153376658677,0.7385900318762509,16.0,38.060837994306496,0,1,1,0,0
0.5793199733129062,0.7355383132768292,20.0,48.21148509992438,0,1,1,0,0
0.5831085805613825,0.741409449605434,15.0,36.27645208690063,0,1,1,0,0
0.5839951053840775,0.7402232544201378,18.0,44.343755978663445,0,1,1,0,0
0.582696533812806,0.7405728698431725,18.0,43.64521784871304,0,1,1,0,0
0.5820472480271701,0.7388997103186495,19.0,46.049428948789846,0,1,1,0,0
0.583420737189092,0.7407102187593647,19.0,45.55098150102551,0,1,1,0,0
0.583945160323644,0.7414469084007592,19.0,45.219271236369515,0,1,1,0,0
0.5850189791229647,0.7420462491259614,22.0,52.95589089796341,0,1,1,0,0
0.585093896713615,0.7406852462291479,19.0,45.24440854738695,0,1,1,0,0
0.5834619021549794,0.7389762603891903,14.0,34.178763743537225,0,1,1,0,0
0.5857306962341424,0.742820397562681,20.0,46.69196903884736,0,1,1,0,0
0.5849315752672061,0.7401857956248127,19.0,45.634103250282585,0,1,1,0,0
0.583158525621816,0.7402731994805714,14.0,32.73782094873111,0,1,1,0,0
0.5869045822644736,0.7419646899049344,14.0,34.218973716677056,0,1,1,0,0
0.5821970832084706,0.7396363999600439,17.0,41.10364116234411,0,1,1,0,0
0.5812472005175932,0.738341711043647,20.0,47.89076797539406,0,1,1,0,0
0.5812472005175932,0.738341711043647,20.0,47.89076797539406,0,1,1,0,0
0.5825092398361802,0.7396114274298272,16.0,38.71354190653834,0,1,1,0,0
0.5871560786680751,0.7454604899149943,16.0,38.752226472011685,0,1,1,0,0
0.5833957646588752,0.7401108780341624,18.0,43.103314958176924,0,1,1,0,0
0.5882123635632011,0.7467305467531814,18.0,44.018168742221704,0,1,1,0,0
0.586439313917811,0.7430335496202405,14.0,34.6923333321932,0,1,1,0,0
0.5855465016850259,0.7427443287560987,15.0,36.14491455059609,0,1,1,0,0
0.5856219506061063,0.742429958251597,11.0,27.381464684394277,0,1,1,0,0
0.5865650621196117,0.742253910769076,19.0,46.010475103991396,0,1,1,0,0
0.5866782355012323,0.7454856395553544,19.0,45.75167569579954,0,1,1,0,0
0.5873069765102359,0.7451335445903123,21.0,50.757866989240824,0,1,1,0,0
0.5845694735790631,0.7418714414144442,17.0,40.65982657232476,0,1,1,0,0
0.5845694735790631,0.7418714414144442,17.0,40.65982657232476,0,1,1,0,0
0.5838577564678853,0.7402731994805714,16.0,38.29637472405052,0,1,1,0,0
0.5838577564678853,0.7402731994805714,16.0,38.29637472405052,0,1,1,0,0
0.5823843771850964,0.7398736389971032,19.0,46.90356796337527,0,1,1,0,0
0.58420737189092,0.7377634601937868,18.0,43.934337402153695,0,1,1,0,0
0.58420737189092,0.7377634601937868,18.0,43.934337402153695,0,1,1,0,0
0.5844820697233044,0.7386749575466987,19.0,45.480996248552565,0,1,1,0,0
0.5840075916491859,0.7402357406852462,16.0,38.893929140914565,0,1,1,0,0
0.5816601738088103,0.739998501648187,18.0,44.573664794781095,0,1,1,0,0
0.5837578663470183,0.7403730896014384,17.0,41.081516371478884,0,1,1,0,0
0.5824218359804215,0.7395739686345021,13.0,31.11555995703666,0,1,1,0,0
0.5824218359804215,0.7395739686345021,13.0,31.11555995703666,0,1,1,0,0
0.5826465887523724,0.7400859055039457,14.0,33.95337955638389,0,1,1,0,0
0.5837953251423434,0.7392992708021177,18.0,43.53464113779452,0,1,1,0,0
0.5783365570599613,0.7331374299459406,19.0,46.62969492828703,0,1,1,0,0
0.582209569473579,0.7394241334532015,16.0,39.201352211163794,0,1,1,0,0
0.5836454899610428,0.7393117570672261,19.0,46.4280764292599,0,1,1,0,0
0.5819723304365199,0.7399860153830786,20.0,48.9573425685561,0,1,1,0,0
0.5830586355009489,0.7401483368294876,17.0,42.06996706384195,0,1,1,0,0
0.5835705723703926,0.7421336529817201,19.0,46.42021081898713,0,1,1,0,0
0.5835705723703926,0.7421336529817201,19.0,46.42021081898713,0,1,1,0,0
0.5834457097193088,0.7410223753870743,19.0,45.92352019270097,0,1,1,0,0
0.5817324441347733,0.7384910167720101,21.0,50.44137877266843,0,1,1,0,0
0.5820434977355298,0.7402826855123675,20.0,47.89610129117432,0,1,1,0,0
0.5800228140653673,0.7361751723453851,21.0,50.83175882841222,0,1,1,0,0
0.5834245757228885,0.7408301398496989,19.0,45.318817054538606,0,1,1,0,0
0.5823545513362862,0.7375951824018315,20.0,47.740745421612324,0,1,1,0,0
0.5840325641794026,0.7388747377884327,18.0,43.609593145203355,0,1,1,0,0
0.5782697867503521,0.7351429489238677,24.0,58.019168603756086,0,1,1,0,0
0.5782697867503521,0.7351429489238677,24.0,58.019168603756086,0,1,1,0,0
0.5849440615323145,0.7421461392468285,19.0,46.33317326242847,0,1,1,0,0
0.5786527959672836,0.7366749857915935,22.0,52.82241577205261,0,1,1,0,0
0.5808163467737936,0.7392129147448296,19.0,45.97337522559965,0,1,1,0,0
0.5844945559884127,0.7427704525022475,15.0,35.75064612953275,0,1,1,0,0
0.5812875068194218,0.7399568516589793,22.0,53.36481971610883,0,1,1,0,0
0.5850314653880732,0.7433947657576666,18.0,43.17720332082567,0,1,1,0,0
0.5850689241833983,0.7428578563580062,17.0,40.81374356339245,0,1,1,0,0
0.5817834647621881,0.7392129147448296,18.0,42.82969482449503,0,1,1,0,0
0.5817834647621881,0.7392129147448296,18.0,42.82969482449503,0,1,1,0,0
0.58131230471656,0.7369563061052423,20.0,48.2312533696454,0,1,1,0,0
0.58131230471656,0.7369563061052423,20.0,48.2312533696454,0,1,1,0,0
0.5812131131280067,0.7371546892823488,18.0,43.09376612516134,0,1,1,0,0
0.5855184297273,0.742558185995405,19.0,46.012826032011894,0,1,1,0,0
0.5792087770886357,0.7369097333761645,24.0,57.0804256623284,0,1,1,0,0
0.5798018236180781,0.7380340507548988,19.0,45.89285986485434,0,1,1,0,0
0.5798018236180781,0.7380340507548988,19.0,45.89285986485434,0,1,1,0,0
0.5829962041754071,0.7417465787633603,13.0,31.44437105917201,0,1,1,0,0
0.5838702427329937,0.7416966337029268,20.0,48.23999017156639,0,1,1,0,0
0.5845944461092798,0.7438942163620018,19.0,45.92946983628652,0,1,1,0,0
0.5845944461092798,0.7438942163620018,19.0,45.92946983628652,0,1,1,0,0
0.5819074542478798,0.7399568516589793,22.0,53.41896663375529,0,1,1,0,0
0.5794188144011465,0.7371568360967654,19.0,46.419836607425204,0,1,1,0,0
0.5785539548790433,0.7382440880674096,18.0,42.964859967719995,0,1,1,0,0
0.5789740295040648,0.7385035459240407,16.0,38.42060390573099,0,1,1,0,0
0.577120063035556,0.7361986604944352,16.0,38.151191971946744,0,1,1,0,0
0.5793817489930564,0.7379228545306283,20.0,48.4796935685122,0,1,1,0,0
0.5852562181600239,0.744131455399061,17.0,41.00731073780996,0,1,1,0,0
0.5852562181600239,0.744131455399061,17.0,41.00731073780996,0,1,1,0,0
0.5834370178669188,0.7386900910764943,19.0,45.94782151772785,0,1,1,0,0
0.5852811906902408,0.743569573469184,19.0,45.552478563597944,0,1,1,0,0
0.582678047081073,0.7406559498332753,21.0,51.61810381458394,0,1,1,0,0
0.5799732182710906,0.7394236968705054,21.0,49.906222707707116,0,1,1,0,0
0.5811263204880226,0.7387169568020632,17.0,41.45455808321766,0,1,1,0,0
0.585618319848167,0.7454799720307661,18.0,43.73567292626472,0,1,1,0,0
0.5853061632204575,0.7433323344321247,19.0,45.14216931835722,0,1,1,0,0
0.5855434022575168,0.7447557686544801,17.0,41.029498506093994,0,1,1,0,0
0.5817338689679116,0.7403784159103308,19.0,45.18223534570841,0,1,1,0,0
0.5860303665967436,0.7474278293876736,16.0,38.47616899686908,0,1,1,0,0
0.5807037485482716,0.7400355827917665,16.0,38.06336348726618,0,1,1,0,0
0.5823918777683771,0.7411038670183646,15.0,36.3577215355621,0,1,1,0,0
0.5796659171217475,0.7378734339865082,16.0,37.58727148081333,0,1,1,0,0
0.5850814104485066,0.7454050544401158,18.0,42.49266136679855,0,1,1,0,0
0.5824789727765889,0.7407554869855173,21.0,50.284485420430755,0,1,1,0,0
0.5832130592743742,0.7413775941870303,17.0,41.09342978509381,0,1,1,0,0
0.5784304035187428,0.7378487237144481,20.0,47.69340971653329,0,1,1,0,0
0.577345897133883,0.7363810365135454,16.0,38.8600929435043,0,1,1,0,0
0.5820257481034866,0.7401714892880971,22.0,52.832458396584535,0,1,1,0,0
0.5820257481034866,0.7401714892880971,22.0,52.832458396584535,0,1,1,0,0
0.5803330944673701,0.738083471299019,19.0,46.58503169550596,0,1,1,0,0
0.582312537195001,0.7377504463400119,20.0,48.00801607819925,0,1,1,0,0
0.5859179902107682,0.7437943262411347,17.0,41.774531821395975,0,1,1,0,0
0.5856557786434922,0.7455049445609829,18.0,43.09483721835879,0,1,1,0,0
0.5803701598754603,0.7399861622476464,16.0,38.64542645424261,0,1,1,0,0
0.5803701598754603,0.7399861622476464,16.0,38.64542645424261,0,1,1,0,0
0.5794929452173269,0.7360448738540611,22.0,52.77791312323402,0,1,1,0,0
0.5836236500273727,0.7417757427959986,22.0,52.78390967863791,0,1,1,0,0
0.5803330944673701,0.7378857891225382,19.0,45.73482739118275,0,1,1,0,0
0.5798265338901382,0.7378610788504781,21.0,50.40356792548707,0,1,1,0,0
0.5798265338901382,0.7378610788504781,21.0,50.40356792548707,0,1,1,0,0
0.5823662153449387,0.7406511927788524,19.0,46.504422941622956,0,1,1,0,0
0.5823662153449387,0.7406511927788524,19.0,46.504422941622956,0,1,1,0,0
0.5841337779326133,0.7415517842034539,22.0,53.223751305182226,0,1,1,0,0
0.5839098193400687,0.7414024784750908,18.0,43.202530101756004,0,1,1,0,0
0.583586323595282,0.7419001642363012,16.0,38.92646695876951,0,1,1,0,0
0.5853061632204575,0.7441814004594945,14.0,33.534075793313534,0,1,1,0,0
0.5853061632204575,0.7441814004594945,14.0,33.534075793313534,0,1,1,0,0
0.5839326740585357,0.7450054939566477,16.0,38.70712745757643,0,1,1,0,0
0.5796880424539999,0.7388781431334622,18.0,42.809536917279466,0,1,1,0,0
0.5824416463444981,0.7427835564624496,20.0,49.072895310122114,0,1,1,0,0
0.5792829079048161,0.7391583681336331,19.0,45.58673529026005,0,1,1,0,0
0.5844820697233044,0.7442812905803616,17.0,40.58108679755944,0,1,1,0,0
0.5844820697233044,0.7442812905803616,17.0,40.58108679755944,0,1,1,0,0
0.5841449405653781,0.7434821696134253,20.0,47.99244531822164,0,1,1,0,0
0.5804443783167187,0.738394584139265,16.0,38.96057581201173,0,1,1,0,0
0.5845070422535211,0.7427329937069224,16.0,38.28448071930927,0,1,1,0,0
0.5847442812905803,0.7433073619019079,14.0,33.62187935811732,0,1,1,0,0
0.5847442812905803,0.7433073619019079,14.0,33.62187935811732,0,1,1,0,0
0.5841199680351613,0.7429952052741984,16.0,39.12026365160342,0,1,1,0,0
0.5823219458595544,0.7412596144241335,20.0,47.95669402572829,0,1,1,0,0
0.5818100089901109,0.740785136350015,18.0,43.04624680442873,0,1,1,0,0
0.5788325150027278,0.7352700490998363,20.0,47.757344042284366,0,1,1,0,0
0.5835705723703926,0.7414344221356508,18.0,43.63176038854485,0,1,1,0,0
0.5835705723703926,0.7414344221356508,18.0,43.63176038854485,0,1,1,0,0
0.5850189791229647,0.7446309060033962,19.0,46.349416011739464,0,1,1,0,0
0.5853436220157826,0.7428453700928979,15.0,36.42909518235526,0,1,1,0,0
0.5831384064101927,0.7430323993430548,14.0,33.31167361885108,0,1,1,0,0
0.5824043199124073,0.7409047927138804,17.0,41.255212542832524,0,1,1,0,0
0.5824043199124073,0.7409047927138804,17.0,41.255212542832524,0,1,1,0,0
0.5772937310039784,0.7375027799056068,18.0,43.72022816592231,0,1,1,0,0
0.5810767246937459,0.7422630560928434,14.0,33.62211218239644,0,1,1,0,0
0.5845694735790631,0.7448681450404555,11.0,26.09316283355215,0,1,1,0,0
0.5845694735790631,0.7448681450404555,11.0,26.09316283355215,0,1,1,0,0
0.5843946658675457,0.7464039556487864,12.0,28.301730885967988,0,1,1,0,0
0.5851438417740485,0.7435570872040755,17.0,40.46588060121573,0,1,1,0,0
0.585093896713615,0.745017980221756,15.0,35.667662258400235,0,1,1,0,0
0.585093896713615,0.745017980221756,15.0,35.667662258400235,0,1,1,0,0
0.5818826563507414,0.7389277389277389,15.0,36.478254200597426,0,1,1,0,0
0.5817338689679116,0.7380598125278977,17.0,42.18914130049306,0,1,1,0,0
0.5817338689679116,0.7380598125278977,17.0,42.18914130049306,0,1,1,0,0
0.5846943362301469,0.7433947657576666,15.0,35.47988986280243,0,1,1,0,0
0.5833872492907978,0.7399840740556413,20.0,47.95608592003217,0,1,1,0,0
0.5833872492907978,0.7399840740556413,20.0,47.95608592003217,0,1,1,0,0
0.5836734186034938,0.7399343054795202,21.0,49.9322995038736,0,1,1,0,0
0.5840342407803712,0.7404444333847608,19.0,45.16869567478114,0,1,1,0,0
0.5840342407803712,0.7404444333847608,19.0,45.16869567478114,0,1,1,0,0
0.5835241128751306,0.7398596526153387,21.0,50.47962324686666,0,1,1,0,0
0.5848816302067725,0.7443562081710119,16.0,37.953365222422505,0,1,1,0,0
0.5848816302067725,0.7443562081710119,16.0,37.953365222422505,0,1,1,0,0
0.5844446109279792,0.7438192987713516,14.0,33.59246666148704,0,1,1,0,0
0.5844570971930876,0.7425082409349716,17.0,40.3022714393359,0,1,1,0,0
0.5834494600109491,0.7425222714378141,15.0,35.45677422307347,0,1,1,0,0
0.5848441714114474,0.744655878533613,14.0,33.47894612639102,0,1,1,0,0
0.583845270202777,0.7422834881630207,14.0,33.11159407725654,0,1,1,0,0
0.5820186134474693,0.7407181605534265,18.0,42.823198696786925,0,1,1,0,0
0.5839201877934272,0.7420712216561782,20.0,47.55452440880149,0,1,1,0,0
0.5843696933373289,0.7423334332234542,14.0,33.55027934185167,0,1,1,0,0
0.5844446109279792,0.7405853561082809,15.0,36.897741546857276,0,1,1,0,0
0.5844196383977625,0.7411597243032664,20.0,47.71737503552456,0,1,1,0,0
0.5848816302067725,0.7416466886424933,16.0,38.661329915030194,0,1,1,0,0
0.5848816302067725,0.7416466886424933,16.0,38.661329915030194,0,1,1,0,0
0.5845944461092798,0.7410972929777245,14.0,34.12919559768715,0,1,1,0,0
0.5845445010488463,0.7414718809309759,17.0,41.65627915348062,0,1,1,0,0
0.5841823993607033,0.7416966337029268,20.0,48.002314528561826,0,1,1,0,0
0.5847068224952552,0.7431325541903906,17.0,41.0455656295961,0,1,1,0,0
0.5830336629707322,0.7418964139446609,15.0,36.608467074780556,0,1,1,0,0
0.5831834981520327,0.7433573069623415,13.0,31.515883342933613,0,1,1,0,0
0.584407152132654,0.7431200679252822,16.0,39.05150097029906,0,1,1,0,0
0.5844196383977625,0.7440190790130856,10.0,23.530765734025874,0,1,1,0,0
0.5848816302067725,0.7423084606932374,14.0,33.65346418858453,0,1,1,0,0
0.5848816302067725,0.7423084606932374,14.0,33.65346418858453,0,1,1,0,0
0.5840200779142942,0.7412596144241335,18.0,43.09278679164989,0,1,1,0,0
0.5825966436919389,0.7399110977924284,19.0,45.43303548139056,0,1,1,0,0
0.5832958745380082,0.7404854659874138,18.0,43.57271614837955,0,1,1,0,0
0.5842573169513535,0.7422585156328039,13.0,30.857349566499035,0,1,1,0,0
0.5835331135750674,0.7406353011687145,15.0,36.59572136855775,0,1,1,0,0
0.5838202976725602,0.7425082409349716,15.0,36.32643862641385,0,1,1,0,0
0.5838952152632104,0.7424333233443212,15.0,36.516320559133725,0,1,1,0,0
0.58289631405454,0.7414968534611927,19.0,45.65619033146887,0,1,1,0,0
0.5866405110406921,0.7466676726522811,16.0,38.67880548153908,0,1,1,0,0
0.5869423067250138,0.7475856345254263,19.0,45.33493378681023,0,1,1,0,0
0.5824717810408551,0.7410598341823994,20.0,47.29191826439959,0,1,1,0,0
0.5827714514034562,0.7415592847867346,16.0,38.93128840363201,0,1,1,0,0
0.5860872189527689,0.7443161812786078,19.0,45.77523516094732,0,1,1,0,0
0.5781381738828547,0.7345881069285325,18.0,43.466985877630364,0,1,1,0,0
0.5816476875437019,0.7404480071920887,15.0,35.3248125515688,0,1,1,0,0
0.5826715612825891,0.7429702327439817,15.0,35.68291187826176,0,1,1,0,0
0.5824468085106383,0.743082609129957,16.0,38.994270323529356,0,1,1,0,0
0.5830960942962741,0.7413595045450005,15.0,35.98817747967263,0,1,1,0,0
0.5803886925795053,0.7395112725824914,19.0,45.56140939805828,0,1,1,0,0
0.5823094595944461,0.740984916591749,18.0,43.38647875059549,0,1,1,0,0
0.5775678222486733,0.737861429350791,15.0,35.822117572481005,0,1,1,0,0
0.5828089101987813,0.7431575267206073,16.0,37.836613489610016,0,1,1,0,0
0.5828089101987813,0.7431575267206073,16.0,37.836613489610016,0,1,1,0,0
0.5797043746578411,0.7403822226646095,18.0,43.43835704200228,0,1,1,0,0
0.5797043746578411,0.7403822226646095,18.0,43.43835704200228,0,1,1,0,0
0.5807495147563828,0.738192405315284,21.0,51.14412360506806,0,1,1,0,0
0.5816976326041354,0.7403106582758965,19.0,45.33115972635453,0,1,1,0,0
0.5806873040362315,0.7397476733190663,19.0,45.64644552345672,0,1,1,0,0
0.5806873040362315,0.7397476733190663,19.0,45.64644552345672,0,1,1,0,0
0.5809237047728064,0.7381053103070722,21.0,50.72283529413335,0,1,1,0,0
0.5830960942962741,0.7407476775546898,17.0,41.00649501429889,0,1,1,0,0
0.5832209569473579,0.7415218259914095,18.0,43.962701032024476,0,1,1,0,0
0.5821721106782539,0.7417465787633603,14.0,33.87370953377463,0,1,1,0,0
0.583258415742683,0.7434821696134253,15.0,36.34217868263948,0,1,1,0,0
0.5791920845112335,0.7374894608937163,19.0,45.41409760086817,0,1,1,0,0
0.5943160365324761,0.7461477626409511,15.0,36.53585300900351,0,1,1,0,0
0.620699274688488,0.7584818937803873,15.0,35.638851857733734,0,1,1,0,0
0.620699274688488,0.7584818937803873,15.0,35.638851857733734,0,1,1,0,0
0.6462842314487632,0.7745279372791519,21.0,50.46757726094086,0,1,1,0,0
0.64453125,0.7723056537102474,20.0,48.73722946069298,0,1,1,0,0
0.6507053226120586,0.7773156005675969,23.0,55.14768205381034,0,1,1,0,0
0.6389459555701646,0.767729476538746,23.0,56.300063360780555,0,1,1,0,0
0.6297035578453322,0.760742319208049,16.0,39.27082119398443,0,1,1,0,0
0.6348736069584127,0.7679532481652623,19.0,44.89520626728309,0,1,1,0,0
0.6348736069584127,0.7679532481652623,19.0,44.89520626728309,0,1,1,0,0
0.624638612271121,0.7587268444158903,22.0,51.99213817871262,0,1,1,0,0
0.6265455327384152,0.760334910224707,21.0,51.17435133854016,0,1,1,0,0
0.6413127200704225,0.7743315360915493,21.0,49.84574758713206,0,1,1,0,0
0.6490498316685679,0.7759105200189199,21.0,50.7817933263101,0,1,1,0,0
0.6604805653710247,0.7859222614840989,18.0,43.924532906634646,0,1,1,0,0
0.6659780006839165,0.7904365667388579,21.0,51.09979520648592,0,1,1,0,0
0.6681722329875756,0.7903510771685854,17.0,41.74063089344838,0,1,1,0,0
0.6610035335689046,0.7849469964664311,18.0,44.095874674907066,0,1,1,0,0
0.6610035335689046,0.7849469964664311,18.0,44.095874674907066,0,1,1,0,0
0.6627561837455831,0.7885371024734983,19.0,46.15020653910959,0,1,1,0,0
0.6627561837455831,0.7885371024734983,19.0,46.15020653910959,0,1,1,0,0
0.6515193523344793,0.7844349561938561,16.0,38.17107006401753,0,1,1,0,0
0.6519213707441499,0.7860707552401021,15.0,35.863169509820125,0,1,1,0,0
0.6523372518576023,0.7803454585782411,19.0,46.0627647602922,0,1,1,0,0
0.6529056227126538,0.7841161140068759,20.0,47.607788069108295,0,1,1,0,0
0.6459429824561403,0.7785361842105263,25.0,59.527475029592935,0,1,1,0,0
0.6432610358391608,0.7759779283216783,24.0,57.20458807274524,0,1,1,0,0
0.6432610358391608,0.7759779283216783,24.0,57.20458807274524,0,1,1,0,0
0.6449835526315789,0.776672149122807,18.0,43.16411797180233,0,1,1,0,0
0.6449835526315789,0.776672149122807,18.0,43.16411797180233,0,1,1,0,0
0.6465597587719298,0.7766036184210526,22.0,53.03376156241607,0,1,1,0,0
0.6452439692982456,0.7778782894736842,21.0,50.35868729262372,0,1,1,0,0
0.6440515350877193,0.7788377192982456,18.0,43.061996786982206,0,1,1,0,0
0.6437225877192982,0.7767269736842105,18.0,43.322408236410524,0,1,1,0,0
0.6471033230633803,0.7801771566901409,20.0,48.041931155216595,0,1,1,0,0
0.6471033230633803,0.7801771566901409,20.0,48.041931155216595,0,1,1,0,0
0.648286201584507,0.7805760343309859,17.0,41.03674456732764,0,1,1,0,0
0.6468282350352113,0.7781277508802817,21.0,51.92373228724191,0,1,1,0,0
0.6620985915492957,0.7877183098591549,22.0,52.59306075921935,0,1,1,0,0
0.6733224550555365,0.7933413489064468,20.0,48.011420974841336,0,1,1,0,0
0.6736842105263158,0.7917026171987346,20.0,47.63169458188807,0,1,1,0,0
0.6720771785182641,0.786313408908737,21.0,50.15725408151497,0,1,1,0,0
0.6778457631032094,0.7931770953590395,19.0,46.19409704912075,0,1,1,0,0
0.6746822397801443,0.7948585823886408,19.0,45.603706996495085,0,1,1,0,0
0.6754122294744074,0.7962613076834993,20.0,47.61127775459822,0,1,1,0,0
0.6732079468682011,0.794243100881713,20.0,47.684536374964935,0,1,1,0,0
0.6732079468682011,0.794243100881713,20.0,47.684536374964935,0,1,1,0,0
0.6708315504207674,0.7969904435886465,21.0,50.58571410908006,0,1,1,0,0
0.6650396151669496,0.7945953593661573,21.0,49.85185248771256,0,1,1,0,0
0.664169014084507,0.7911830985915493,21.0,50.04970444464326,0,1,1,0,0
0.6658036219581212,0.7921194114318053,24.0,56.50038003553691,0,1,1,0,0
0.6620093616061358,0.789434355966614,22.0,52.710690056361955,0,1,1,0,0
0.6595368421052632,0.7848842105263157,24.0,57.90937055105782,0,1,1,0,0
0.6636760563380282,0.7879859154929577,18.0,43.40858289309037,0,1,1,0,0
0.6576263134361726,0.7836183769282361,21.0,50.42256992046395,0,1,1,0,0
0.6633380281690141,0.788,18.0,42.9767051955516,0,1,1,0,0
0.6633380281690141,0.788,18.0,42.9767051955516,0,1,1,0,0
0.6652661854274757,0.7937767877284007,24.0,57.028046734484604,0,1,1,0,0
0.6607438596491229,0.792,21.0,50.3244037476504,0,1,1,0,0
0.661459649122807,0.7905824561403508,23.0,56.30249195332095,0,1,1,0,0
0.6614084507042254,0.7913661971830986,19.0,45.06606739493209,0,1,1,0,0
0.6570453912559175,0.7876357560568087,19.0,45.25227795078149,0,1,1,0,0
0.6570453912559175,0.7876357560568087,19.0,45.25227795078149,0,1,1,0,0
0.6592750950145316,0.7853230494075565,23.0,55.095201677143635,0,1,1,0,0
0.6592750950145316,0.7853230494075565,23.0,55.095201677143635,0,1,1,0,0
0.6555250305250305,0.7823426573426573,22.0,53.79393375655061,0,1,1,0,0
0.6567529935950989,0.7871901977165136,20.0,48.30630299033799,0,1,1,0,0
0.6538322788322788,0.7850899100899101,28.0,66.28774291604918,0,1,1,0,0
0.66,0.7924070175438597,19.0,45.72334982796667,0,1,1,0,0
0.6584895104895105,0.7847692307692308,22.0,52.56628983156825,0,1,1,0,0
0.660140350877193,0.7868491228070176,22.0,52.656242544979634,0,1,1,0,0
0.6515845265845266,0.7812049062049062,19.0,45.75275607031266,0,1,1,0,0
0.659298245614035,0.7891368421052631,18.0,43.27356815720967,0,1,1,0,0
0.6554441659704817,0.7870509607351712,16.0,38.24686072595303,0,1,1,0,0
0.6584615384615384,0.788923076923077,19.0,45.25668645430287,0,1,1,0,0
0.6612350877192983,0.7868491228070176,21.0,50.419375326857356,0,1,1,0,0
0.6612350877192983,0.7868491228070176,21.0,50.419375326857356,0,1,1,0,0
0.6616701754385965,0.7909894736842106,18.0,43.127192791715316,0,1,1,0,0
0.6610385964912281,0.7935859649122807,19.0,45.32808199920847,0,1,1,0,0
0.6610385964912281,0.7935859649122807,19.0,45.32808199920847,0,1,1,0,0
0.6564884433305486,0.7892926761347814,22.0,52.45403412236682,0,1,1,0,0
0.6564884433305486,0.7892926761347814,22.0,52.45403412236682,0,1,1,0,0
0.6509324492333195,0.785674816963669,21.0,51.29916648451179,0,1,1,0,0
0.6545830098702451,0.7907840745258955,17.0,42.21051494715157,0,1,1,0,0
0.6439849213286714,0.7811134178321678,22.0,53.09971236694458,0,1,1,0,0
0.6449956293706294,0.7857435533216783,21.0,50.258232681429696,0,1,1,0,0
0.6459429824561403,0.784375,19.0,45.79416017397131,0,1,1,0,0
0.6464707167832168,0.7858937937062938,22.0,53.1884803173603,0,1,1,0,0
0.6459926791958042,0.7851972246503497,18.0,44.00444948284822,0,1,1,0,0
0.6459926791958042,0.7851972246503497,18.0,44.00444948284822,0,1,1,0,0
0.6458834134615384,0.7836265297202797,25.0,60.62223139869398,0,1,1,0,0
0.6467848557692307,0.7865357298951049,20.0,48.52864594385726,0,1,1,0,0
0.6467848557692307,0.7865357298951049,20.0,48.52864594385726,0,1,1,0,0
0.6409307746517049,0.7807367051553098,21.0,49.49741514148249,0,1,1,0,0
0.631292371750387,0.7755431591309454,21.0,50.10197910334327,0,1,1,0,0
0.6267012227538543,0.7725146198830409,21.0,49.45721812186242,0,1,1,0,0
0.6280701754385964,0.7716640085061137,21.0,50.16962138968257,0,1,1,0,0
0.6227278723123598,0.7679989447302467,15.0,35.75039345549221,0,1,1,0,0
0.6217072401282928,0.7655370944844629,23.0,54.51444584013926,0,1,1,0,0
0.6213296398891966,0.7659279778393352,21.0,49.85089107807293,0,1,1,0,0
0.6292013444302177,0.7732741143832693,21.0,50.066432050280795,0,1,1,0,0
0.6282276995305164,0.7739143192488263,16.0,39.21473062289718,0,1,1,0,0
0.6216726025590291,0.765466297322253,22.0,52.718347560678914,0,1,1,0,0
0.6216726025590291,0.765466297322253,22.0,52.718347560678914,0,1,1,0,0
0.6217121751747791,0.7666534757947501,20.0,47.67849261576325,0,1,1,0,0
0.6205909510618652,0.7655982060414194,19.0,45.09923672582589,0,1,1,0,0
0.62131644901728,0.7647935628545047,18.0,43.29593532243346,0,1,1,0,0
0.6200105526975334,0.7637910565888405,22.0,52.82369958901391,0,1,1,0,0
0.6268872939925572,0.771943115364168,21.0,50.191127683330016,0,1,1,0,0
0.6265948963317385,0.7716108452950559,21.0,50.47419099642133,0,1,1,0,0
0.6278675842936406,0.7733808151941954,18.0,43.74031537122277,0,1,1,0,0
0.6226355362089434,0.7696478037198259,20.0,48.42230185204019,0,1,1,0,0
0.6242851847929684,0.770544318542836,19.0,46.01167084290946,0,1,1,0,0
0.6242851847929684,0.770544318542836,19.0,46.01167084290946,0,1,1,0,0
0.6214087851206965,0.7678670360110803,19.0,45.51116651491026,0,1,1,0,0
0.6189431364305235,0.7657268236283372,22.0,53.05072788746225,0,1,1,0,0
0.6239277771894525,0.7704648946309436,17.0,40.95204066198489,0,1,1,0,0
0.6175045823514009,0.7636554071746531,20.0,48.79340911069652,0,1,1,0,0
0.6205723144839185,0.765175005255413,18.0,43.80532786793205,0,1,1,0,0
0.6211845402981137,0.765215670755837,21.0,50.51080455250612,0,1,1,0,0
0.6224508640021106,0.7678010816514972,20.0,47.57294115321987,0,1,1,0,0
0.6217781295343622,0.7667458118981665,19.0,46.20740302842365,0,1,1,0,0
0.6218440838939454,0.7661917952776679,19.0,45.74957562507255,0,1,1,0,0
0.6221079013322781,0.767735127291914,18.0,43.07794762590224,0,1,1,0,0
0.6253044583289209,0.7712061844752727,19.0,45.59580265650606,0,1,1,0,0
0.6226355362089434,0.7683023347843293,20.0,49.12132375179158,0,1,1,0,0
0.623107063433231,0.7677115323520067,20.0,48.45430699590325,0,1,1,0,0
0.6229784988787759,0.770003957261575,21.0,51.18175816204474,0,1,1,0,0
0.6148627491911074,0.762289948857113,25.0,60.71169306491323,0,1,1,0,0
0.6196263401303342,0.7657793777590919,20.0,47.97299387229478,0,1,1,0,0
0.6189037208324575,0.7685384696237124,20.0,48.26428790047364,0,1,1,0,0
0.6212768764015302,0.7715736710196544,20.0,48.304944220420325,0,1,1,0,0
0.6168630531552762,0.7673605655930872,21.0,51.20673039502408,0,1,1,0,0
0.6106837606837607,0.7605413105413106,22.0,52.92548249911447,0,1,1,0,0
0.6152802421459138,0.7666605782277424,20.0,48.14024783975466,0,1,1,0,0
0.6165718609748461,0.7658908255923181,20.0,48.0138506962502,0,1,1,0,0
0.6165718609748461,0.7658908255923181,20.0,48.0138506962502,0,1,1,0,0
0.6187483634459282,0.7685257920921708,17.0,41.570388959731524,0,1,1,0,0
0.6187483634459282,0.7685257920921708,17.0,41.570388959731524,0,1,1,0,0
0.6166762342135477,0.7656168458407264,21.0,50.396308543557545,0,1,1,0,0
0.6180020947892119,0.7663000785545955,17.0,40.74982873511336,0,1,1,0,0
0.618879287771668,0.7675569520816968,18.0,42.961394384366905,0,1,1,0,0
0.613398310591293,0.7617803768680962,18.0,42.815299701571604,0,1,1,0,0
0.6133333333333333,0.7643664717348928,16.0,38.731614591867896,0,1,1,0,0
0.6132553606237817,0.7624041585445094,20.0,48.28153354100843,0,1,1,0,0
0.6155451225873761,0.7674882629107981,20.0,47.651866578552024,0,1,1,0,0
0.6155451225873761,0.7674882629107981,20.0,47.651866578552024,0,1,1,0,0
0.6188138256087982,0.7681068342498036,20.0,47.6354823020798,0,1,1,0,0
0.6188007331762242,0.7686436239853365,16.0,38.487853829390446,0,1,1,0,0
0.615230669265757,0.7649642625081221,17.0,41.61818988948511,0,1,1,0,0
0.6145159194282002,0.7659649122807017,18.0,44.174964457543524,0,1,1,0,0
0.6143989603638726,0.766809616634178,19.0,45.48393686611834,0,1,1,0,0
0.6135198135198136,0.7653846153846153,20.0,48.71618927934458,0,1,1,0,0
0.6148148148148148,0.7658479532163742,16.0,38.62311640055465,0,1,1,0,0
0.6148148148148148,0.7658479532163742,16.0,38.62311640055465,0,1,1,0,0
0.6151916829109811,0.7663157894736842,17.0,41.56335530455123,0,1,1,0,0
0.6150877192982456,0.7672254710851202,16.0,38.08337449194913,0,1,1,0,0
0.6144379467186485,0.7644054580896686,19.0,45.82968137407877,0,1,1,0,0
0.6120207927225471,0.7653931124106562,21.0,49.819842175710754,0,1,1,0,0
0.6078560371517028,0.7616357069143447,16.0,39.12643139350779,0,1,1,0,0
0.6086429308565532,0.7609262125902992,16.0,38.61508067278514,0,1,1,0,0
0.6092750257997936,0.760874613003096,19.0,44.768206849492586,0,1,1,0,0
0.6102554179566564,0.7613003095975233,13.0,31.00129745757385,0,1,1,0,0
0.6102554179566564,0.7613003095975233,13.0,31.00129745757385,0,1,1,0,0
0.6147888239116309,0.7658349577647823,17.0,41.297532049861296,0,1,1,0,0
0.6153346328784925,0.7687459389213775,14.0,33.57070868919009,0,1,1,0,0
0.6111455108359133,0.7626289989680083,18.0,43.430738088025365,0,1,1,0,0
0.6087001234060058,0.7621606334841629,18.0,43.71815576458622,0,1,1,0,0
0.6087001234060058,0.7621606334841629,18.0,43.71815576458622,0,1,1,0,0
0.6066333717505442,0.7584197720578819,18.0,43.49961912250464,0,1,1,0,0
0.6076296372207419,0.7618236318917812,18.0,42.92721685719223,0,1,1,0,0
0.6076296372207419,0.7618236318917812,18.0,42.92721685719223,0,1,1,0,0
0.6129643962848297,0.7649251805985552,17.0,41.528374991203165,0,1,1,0,0
0.6129643962848297,0.7649251805985552,17.0,41.528374991203165,0,1,1,0,0
0.6092821274851404,0.7648596023775364,19.0,45.67619735696011,0,1,1,0,0
0.6071282731866674,0.7618549333877801,17.0,40.970414087759195,0,1,1,0,0
0.6123637392019745,0.7658628136569313,16.0,38.98398290363441,0,1,1,0,0
0.609551137528182,0.7640910022545604,20.0,48.332963221114284,0,1,1,0,0
0.610063537610166,0.7627843820455011,22.0,52.79983708502546,0,1,1,0,0
0.6139889017937799,0.7638792102206736,19.0,45.59965610334965,0,1,1,0,0
0.6202740652139996,0.7654584221748401,20.0,48.197805998587825,0,1,1,0,0
0.621314160902803,0.7640802953871756,19.0,45.87649793526757,0,1,1,0,0
0.6229336407220141,0.7722223677661052,21.0,50.13903859926388,0,1,1,0,0
0.6229336407220141,0.7722223677661052,21.0,50.13903859926388,0,1,1,0,0
0.6209424903454754,0.7695569356017117,20.0,47.91941318817988,0,1,1,0,0
0.6227559753679157,0.7706528546080785,20.0,47.5914672226055,0,1,1,0,0
0.6208071142545114,0.7677336314940975,22.0,52.2898161054739,0,1,1,0,0
0.6245710094050457,0.7686987503602211,22.0,52.60966526462662,0,1,1,0,0
0.6269782848730218,0.7697565592302434,16.0,38.16749732151517,0,1,1,0,0
0.6379117066139967,0.7786126087652805,18.0,43.817183824598224,0,1,1,0,0
0.6322843822843823,0.7772965670692944,18.0,42.97123163363381,0,1,1,0,0
0.6287350860521592,0.7708399324252982,21.0,50.71589917696243,0,1,1,0,0
0.6305036426987647,0.7732420019005385,14.0,33.43143248589301,0,1,1,0,0
0.6321930102417908,0.7747201985006863,19.0,45.23251629398263,0,1,1,0,0
0.6299889135254989,0.7740470911202618,16.0,38.51059275093645,0,1,1,0,0
0.6356890177407772,0.7769103917865787,19.0,45.11139920463616,0,1,1,0,0
0.6413964084695792,0.7778209595282766,21.0,50.32723190958642,0,1,1,0,0
0.6461658968749155,0.782527077762472,16.0,38.70124867834569,0,1,1,0,0
0.6468006374415903,0.7804202792858493,21.0,51.56438663281292,0,1,1,0,0
0.646598060664992,0.7795829619425763,22.0,52.75040177947158,0,1,1,0,0
0.6403109086035915,0.7753417314392924,22.0,52.63842534310238,0,1,1,0,0
0.6358220070750326,0.7733329786951086,22.0,51.70132983016145,0,1,1,0,0
0.636830726525383,0.7729274542251642,21.0,49.87310453986447,0,1,1,0,0
0.6298437335022701,0.7670784500052793,25.0,60.07543707761942,0,1,1,0,0
0.6321651833015469,0.7717471922017377,22.0,53.03839458456434,0,1,1,0,0
0.6353627288741792,0.7738215982490791,17.0,39.63118628535354,0,1,1,0,0
0.6313440347531256,0.7707936003390549,19.0,45.285588197930046,0,1,1,0,0
0.630213282652307,0.7707079505859994,18.0,42.83813498528633,0,1,1,0,0
0.6312380801017164,0.7715882602246239,19.0,44.75396074052377,0,1,1,0,0
0.6312380801017164,0.7715882602246239,19.0,44.75396074052377,0,1,1,0,0
0.6318323270473708,0.7718169002845972,19.0,45.32324332491885,0,1,1,0,0
0.6318323270473708,0.7718169002845972,19.0,45.32324332491885,0,1,1,0,0
0.6288538697075282,0.7683718720304086,21.0,50.4217492241196,0,1,1,0,0
0.6285899060289304,0.7691109703304825,26.0,61.619546194606606,0,1,1,0,0
0.6327765513205841,0.7742905019017475,18.0,42.9393310157554,0,1,1,0,0
0.628273149614613,0.7684246647661281,20.0,47.09599546610314,0,1,1,0,0
0.6314499894045349,0.774170904852723,18.0,43.0085088648976,0,1,1,0,0
0.6277980149931369,0.771486643437863,23.0,55.333127904366826,0,1,1,0,0
0.6375518950046873,0.7792553903843579,16.0,37.32615092541726,0,1,1,0,0
0.6375518950046873,0.7792553903843579,16.0,37.32615092541726,0,1,1,0,0
0.6296853552951114,0.772687678175483,19.0,45.00522283039714,0,1,1,0,0
0.6288543658798564,0.7708338791228944,17.0,39.689168555509255,0,1,1,0,0
0.6216544070202606,0.7652471286617628,18.0,42.75631457669814,0,1,1,0,0
0.6266975308641975,0.7717078189300411,21.0,49.87809416941556,0,1,1,0,0
0.6241064133986928,0.7720077614379085,17.0,40.23142341713565,0,1,1,0,0
0.6274330900243309,0.7742168491484185,20.0,47.5465985686952,0,1,1,0,0
0.6282694647201946,0.7762444241686942,23.0,54.3149401544429,0,1,1,0,0
0.6188910940213347,0.7731208136938725,18.0,42.433750302904386,0,1,1,0,0
0.6181403940886699,0.7711206896551724,12.0,28.77616938478747,0,1,1,0,0
0.6197413793103448,0.7765024630541872,18.0,42.663121910760154,0,1,1,0,0
0.6203608247422681,0.7777982326951399,21.0,49.46742571273474,0,1,1,0,0
0.625516081979777,0.7777942594378106,17.0,40.8962486592172,0,1,1,0,0
0.6450426371388571,0.7903907343769887,21.0,50.22041668532126,0,1,1,0,0
0.6519208083294866,0.793083551315587,17.0,40.52777901954557,0,1,1,0,0
0.6548315125403908,0.7953274862799405,23.0,54.44380947208565,0,1,1,0,0
0.6503372788596157,0.7969453990072547,18.0,43.59521845709673,0,1,1,0,0
0.6461491813220134,0.7944082272084091,17.0,40.16456587248443,0,1,1,0,0
0.6416334311586024,0.7903027566659142,19.0,45.34207549119316,0,1,1,0,0
0.6403667193418116,0.791531843379236,16.0,38.76457021220432,0,1,1,0,0
0.639150174329646,0.7888980861364036,16.0,38.424038885037795,0,1,1,0,0
0.6384352973637344,0.7877191662277071,14.0,33.212811514529044,0,1,1,0,0
0.639037299019239,0.78825845937743,18.0,43.30744813060157,0,1,1,0,0
0.639037299019239,0.78825845937743,18.0,43.30744813060157,0,1,1,0,0
0.6367547094087842,0.7874808739057366,14.0,33.17560959058736,0,1,1,0,0
0.635074121453834,0.7876062909173001,20.0,47.90974250780996,0,1,1,0,0
0.6359771239370908,0.7877442496300198,22.0,52.56069859051024,0,1,1,0,0
0.6324891677872404,0.7824094825439514,20.0,47.7904871343951,0,1,1,0,0
0.6296503809950694,0.7807908760396434,19.0,45.65452817146182,0,1,1,0,0
0.6314308481498082,0.7830320235071467,20.0,47.64348555917689,0,1,1,0,0
0.6367547094087842,0.7887350440213711,18.0,42.605206333904505,0,1,1,0,0
0.6367547094087842,0.7887350440213711,18.0,42.605206333904505,0,1,1,0,0
0.6312067334030579,0.7819986055082424,18.0,43.50865505126397,0,1,1,0,0
0.6366221998489806,0.7882079033475963,20.0,48.527675861717306,0,1,1,0,0
0.6350868361439718,0.7883589227284168,18.0,43.86563650692557,0,1,1,0,0
0.633255574786164,0.7865778714224797,20.0,48.59540808912493,0,1,1,0,0
0.6300737088500423,0.7831440808805219,21.0,50.14848843022441,0,1,1,0,0
0.6347229538214564,0.7862267037901021,19.0,45.44986774616324,0,1,1,0,0
0.6357137482128076,0.7864900795143853,17.0,41.010708673022016,0,1,1,0,0
0.6349361627411142,0.78643991270976,16.0,38.27426327894939,0,1,1,0,0
0.6350866631549903,0.7863144956981966,17.0,40.780576630033984,0,1,1,0,0
0.6350866631549903,0.7863144956981966,17.0,40.780576630033984,0,1,1,0,0
0.6256891394101214,0.7796731686815496,20.0,48.38644430419839,0,1,1,0,0
0.6256891394101214,0.7796731686815496,20.0,48.38644430419839,0,1,1,0,0
0.6297499875491808,0.783007121868619,20.0,47.27371452820672,0,1,1,0,0
0.6300612580307784,0.7849619004930525,19.0,45.40850690699256,0,1,1,0,0
0.629451167886847,0.7856466955525674,17.0,40.726141260670296,0,1,1,0,0
0.6259734480456871,0.779413582536033,18.0,43.076324117940395,0,1,1,0,0
0.6305468399820708,0.78555953981772,19.0,44.84473965209563,0,1,1,0,0
0.6258745580854904,0.7802294247076565,18.0,42.457488373809355,0,1,1,0,0
0.6242799574773171,0.7807980419787881,21.0,50.53848346709512,0,1,1,0,0
0.6242799574773171,0.777781898192786,21.0,50.25179239612487,0,1,1,0,0
0.6242799574773171,0.777781898192786,21.0,50.25179239612487,0,1,1,0,0
0.6240450938218497,0.7773492546169251,22.0,52.71980230346695,0,1,1,0,0
0.6273345286119827,0.7830320235071467,19.0,45.75997721990333,0,1,1,0,0
0.622833691809439,0.7774481445771219,20.0,46.95040692973836,0,1,1,0,0
0.6229449430146604,0.7785359341392865,20.0,48.58301451221523,0,1,1,0,0
0.6234764765507181,0.777472867067171,22.0,53.20748571893517,0,1,1,0,0
0.627969520394442,0.7813511629065193,17.0,40.728856927872464,0,1,1,0,0
0.627969520394442,0.7813511629065193,17.0,40.728856927872464,0,1,1,0,0
0.6262637581552866,0.7814134170028388,17.0,41.00281409930376,0,1,1,0,0
0.6262637581552866,0.7814134170028388,17.0,41.00281409930376,0,1,1,0,0
0.6261517007819114,0.7780641466208477,17.0,41.348363845310324,0,1,1,0,0
0.6271228646844963,0.7789357039693212,18.0,43.560680073771664,0,1,1,0,0
0.6252552417949101,0.7782758105483341,18.0,43.06987378353502,0,1,1,0,0
0.6299475262368815,0.7858820589705148,18.0,43.59445754498883,0,1,1,0,0
0.629960019990005,0.7840329835082459,18.0,42.93075782873863,0,1,1,0,0
0.6307471264367817,0.78492003998001,21.0,49.98189707324643,0,1,1,0,0
0.6307471264367817,0.78492003998001,21.0,49.98189707324643,0,1,1,0,0
0.628335832083958,0.783608195902049,20.0,47.74786908301781,0,1,1,0,0
0.6285482258870565,0.7837081459270365,19.0,45.20532469548015,0,1,1,0,0
0.6294227886056971,0.7840329835082459,19.0,45.493570403978346,0,1,1,0,0
0.6267241379310344,0.7863318340829585,15.0,35.54105096853393,0,1,1,0,0
0.6273718810697744,0.7834553513621196,19.0,46.27796023944639,0,1,1,0,0
0.6326661148318158,0.7878822083427396,18.0,43.026817486710634,0,1,1,0,0
0.6284732633683159,0.7856196901549225,16.0,38.80519040845965,0,1,1,0,0
0.6255519722153312,0.7834780451500868,18.0,43.337496371447386,0,1,1,0,0
0.6294727636181909,0.7871189405297351,20.0,48.47205665780585,0,1,1,0,0
0.6285732133933033,0.7895927036481759,19.0,45.89088531639272,0,1,1,0,0
0.6283983008495753,0.7851699150424788,19.0,45.97866308046213,0,1,1,0,0
0.6296351824087956,0.7866816591704148,16.0,37.765700772791476,0,1,1,0,0
0.6296351824087956,0.7866816591704148,16.0,37.765700772791476,0,1,1,0,0
0.6290854572713643,0.7853448275862069,20.0,48.08583007484082,0,1,1,0,0
0.6258372612255023,0.7841230463904738,21.0,50.3405432794688,0,1,1,0,0
0.6243239890845944,0.7815182336889109,17.0,40.646251025074065,0,1,1,0,0
0.6235301414041181,0.7821012155792607,19.0,45.17231470952088,0,1,1,0,0
0.6265242378810595,0.7848575712143928,18.0,42.88801629278996,0,1,1,0,0
0.6214615936117086,0.7795495562313036,19.0,45.647334339658435,0,1,1,0,0
0.627571094177997,0.7860700234075402,17.0,40.373155925538065,0,1,1,0,0
0.626612381094676,0.7859081627571094,18.0,42.632272591717694,0,1,1,0,0
0.62633846307087,0.7868917774789581,17.0,40.30440078015628,0,1,1,0,0
0.6270855122267045,0.7857961053837342,19.0,45.93777935738625,0,1,1,0,0
0.6294227886056971,0.7883933033483258,18.0,42.666747803024094,0,1,1,0,0
0.6294227886056971,0.7883933033483258,18.0,42.666747803024094,0,1,1,0,0
0.6263011106130784,0.7858708102993177,17.0,41.23317393155454,0,1,1,0,0
0.6246700532895064,0.7848996463967329,18.0,42.3644469597292,0,1,1,0,0
0.6246700532895064,0.7848996463967329,18.0,42.3644469597292,0,1,1,0,0
0.6273113443278361,0.7864817591204398,16.0,38.67287935579179,0,1,1,0,0
0.6279985007496252,0.7880309845077461,16.0,37.61151534159834,0,1,1,0,0
0.6282108945527236,0.7891054472763618,19.0,45.01863227394639,0,1,1,0,0
0.6240101598685194,0.7854723840828727,18.0,43.73075602936896,0,1,1,0,0
0.6284732633683159,0.7870189905047477,19.0,45.61888219261465,0,1,1,0,0
0.6284732633683159,0.7870189905047477,19.0,45.61888219261465,0,1,1,0,0
0.6276861569215393,0.7850949525237382,15.0,35.79512493781449,0,1,1,0,0
0.6325824314120312,0.7906367983891266,18.0,42.51865159798246,0,1,1,0,0
0.6271489255372313,0.7867566216891554,19.0,45.43213322735158,0,1,1,0,0
0.6271489255372313,0.7867566216891554,19.0,45.43213322735158,0,1,1,0,0
0.628135932033983,0.7860819590204897,19.0,46.16324414521017,0,1,1,0,0
0.6278985507246376,0.786744127936032,22.0,53.47667180831579,0,1,1,0,0
0.6298079334035405,0.7899177573842836,15.0,36.44199457240099,0,1,1,0,0
0.628848075962019,0.7893928035982009,18.0,43.367620880737626,0,1,1,0,0
0.6278360819590205,0.7886181909045478,16.0,38.410438042576246,0,1,1,0,0
0.6230711982138427,0.7847308360208385,17.0,40.38129965819619,0,1,1,0,0
0.6236665839741999,0.7848424708509055,20.0,47.94325793152776,0,1,1,0,0
0.6235425452741256,0.7847060282808236,18.0,43.705740514555124,0,1,1,0,0
0.6278985507246376,0.7893803098450775,18.0,43.819206211136944,0,1,1,0,0
0.6279110444777611,0.7872438780609695,19.0,45.873543976917325,0,1,1,0,0
0.6280234882558721,0.7888055972013993,18.0,43.87320989545704,0,1,1,0,0
0.6281109445277361,0.7900299850074962,16.0,38.31368923102494,0,1,1,0,0
0.6289980009995002,0.7887931034482759,18.0,43.346379085970916,0,1,1,0,0
0.6238030265442818,0.7839493922103696,17.0,41.10299037528684,0,1,1,0,0
0.6224261969734557,0.7862193004217316,16.0,38.42202220273958,0,1,1,0,0
0.6230463904738278,0.7830935251798561,17.0,40.77069006155181,0,1,1,0,0
0.6240759116844455,0.7848052592408832,18.0,42.91496255493537,0,1,1,0,0
0.6229595633837758,0.7853510295212106,16.0,38.403436380487044,0,1,1,0,0
0.6198029556650246,0.7802709359605912,17.0,40.538368916846416,0,1,1,0,0
0.62134206623826,0.7825506673257538,14.0,34.49891686252309,0,1,1,0,0
0.6247209129248326,0.7860456462416274,14.0,33.62778936234632,0,1,1,0,0
0.6203571428571428,0.7807389162561577,19.0,46.62102279982469,0,1,1,0,0
0.6258620689655172,0.7872240138923344,15.0,35.470349691005964,0,1,1,0,0
0.619667487684729,0.7814655172413794,18.0,42.67133940995622,0,1,1,0,0
0.618912616593029,0.7823760432007855,19.0,45.619174881749565,0,1,1,0,0
0.61913352970054,0.7822287677957781,20.0,47.029465340664004,0,1,1,0,0
0.6182866961217477,0.7814923907707413,18.0,42.95600488590138,0,1,1,0,0
0.6204556650246306,0.7843226600985221,15.0,35.47943208728903,0,1,1,0,0
0.6197906403940887,0.7829433497536946,18.0,43.038322643067836,0,1,1,0,0
0.6236169684941701,0.7893326717935996,14.0,33.23842928005965,0,1,1,0,0
0.6243860084346317,0.7866286281319772,14.0,33.59108921352729,0,1,1,0,0
0.6211278399960444,0.7861751835644886,17.0,40.47091721877928,0,1,1,0,0
0.6229943879947588,0.7860639323592672,16.0,37.892177482166375,0,1,1,0,0
0.6233775865905214,0.7855942050483324,16.0,38.17550945396553,0,1,1,0,0
0.6232539741402754,0.7859774036440951,17.0,40.94361792082923,0,1,1,0,0
0.6232539741402754,0.7859774036440951,17.0,40.94361792082923,0,1,1,0,0
0.6222156295582091,0.7865089371801528,20.0,47.076202651842415,0,1,1,0,0
0.6226977181141684,0.7873124181067517,17.0,40.445685571049104,0,1,1,0,0
0.6225122994387995,0.7868426907958169,17.0,40.21573911791611,0,1,1,0,0
0.6228707755445129,0.7871517219214319,21.0,50.68170236688693,0,1,1,0,0
0.6236000890009642,0.7884867363840886,20.0,47.947050074249866,0,1,1,0,0
0.6223268807634305,0.786101016094341,22.0,52.21591654875122,0,1,1,0,0
0.6239394691143637,0.7892210369635326,18.0,44.23818085063054,0,1,1,0,0
0.6171575846833579,0.78379970544919,19.0,45.49614923010584,0,1,1,0,0
0.6186453201970443,0.7843472906403941,20.0,47.563930243354775,0,1,1,0,0
0.6151137197358767,0.7817803864025434,19.0,45.93867641798991,0,1,1,0,0
0.6151137197358767,0.7817803864025434,19.0,45.93867641798991,0,1,1,0,0
0.6151137197358767,0.7817803864025434,19.0,45.93867641798991,0,1,1,0,0
0.6113768819815444,0.7783268576979117,17.0,41.056312249971114,0,1,1,0,0
0.616346413408918,0.7833689170286388,13.0,31.49937239069821,0,1,1,0,0
0.6150648080215212,0.7833211054047444,14.0,33.82817349088274,0,1,1,0,0
0.6130293873970466,0.7806910668161217,13.0,31.10759199176197,0,1,1,0,0
0.6151014918072878,0.7835167522621668,16.0,38.50009600590572,0,1,1,0,0
0.6151014918072878,0.7835167522621668,16.0,38.50009600590572,0,1,1,0,0
0.6157740278796772,0.7840547811200782,16.0,39.65518449733666,0,1,1,0,0
0.6158351675226217,0.7846417216923454,17.0,40.819824241601815,0,1,1,0,0
0.6190147783251232,0.7895689655172414,17.0,40.82135227616254,0,1,1,0,0
0.6182512315270936,0.7875985221674877,19.0,46.28862157782218,0,1,1,0,0
0.6181527093596059,0.7861699507389163,20.0,47.974199051674006,0,1,1,0,0
0.6168349753694581,0.785307881773399,17.0,41.06498479777382,0,1,1,0,0
0.6136219124480313,0.7813646368305209,22.0,52.75656129933199,0,1,1,0,0
0.605678803954666,0.77134072823728,22.0,52.83718524876842,0,1,1,0,0
0.605678803954666,0.77134072823728,22.0,52.83718524876842,0,1,1,0,0
0.6065589582830963,0.7745960935616109,18.0,43.189189170619855,0,1,1,0,0
0.6065951290089221,0.7740053050397878,21.0,50.37956828784655,0,1,1,0,0
0.6057632023149264,0.7732216059802267,22.0,52.470511243125664,0,1,1,0,0
0.608596406022341,0.7773555123846527,22.0,53.06795897923786,0,1,1,0,0
0.6043163732818905,0.7727513865444899,19.0,45.67528686164871,0,1,1,0,0
0.6043163732818905,0.7727513865444899,19.0,45.67528686164871,0,1,1,0,0
0.6139153827341648,0.7830765468329665,17.0,41.225523204333186,0,1,1,0,0
0.6135730007336757,0.7841648324773783,17.0,40.721164696416956,0,1,1,0,0
0.6141477133773539,0.7840670090486671,18.0,43.907218261550064,0,1,1,0,0
0.6133039863047199,0.7840670090486671,17.0,40.45528869886592,0,1,1,0,0
0.615309366593299,0.7839080459770115,18.0,42.773256345133916,0,1,1,0,0
0.6117897037396794,0.7788732394366197,18.0,43.5338190438731,0,1,1,0,0
0.6104905293831957,0.779504613890238,17.0,40.90881268472435,0,1,1,0,0
0.6068000964552689,0.7760790933204726,16.0,38.73040584985479,0,1,1,0,0
0.6061610802990113,0.7767542802025561,15.0,35.398667068466565,0,1,1,0,0
0.6061610802990113,0.7767542802025561,15.0,35.398667068466565,0,1,1,0,0
0.6070774053532674,0.7774535809018568,16.0,38.654925832146894,0,1,1,0,0
0.6068965517241379,0.7764046298529057,21.0,50.386930862362284,0,1,1,0,0
0.6063057632023149,0.7776826621654208,14.0,33.29961697586803,0,1,1,0,0
0.6065469013744876,0.7779961417892453,18.0,43.30731024904397,0,1,1,0,0
0.6063298770195322,0.7779479141548107,16.0,38.271079201920294,0,1,1,0,0
0.6047383650831927,0.7771642150952496,18.0,43.21578258723612,0,1,1,0,0
0.6051000723414517,0.7780323125150711,15.0,35.84736461897663,0,1,1,0,0
0.6059802266698818,0.7774535809018568,18.0,43.52001538565891,0,1,1,0,0
0.608174584036653,0.7789004099348927,17.0,41.50123989167135,0,1,1,0,0
0.6065589582830963,0.777742946708464,17.0,41.37483099961246,0,1,1,0,0
0.6076079093320472,0.7777308897998553,14.0,33.31534640262876,0,1,1,0,0
0.6076079093320472,0.7777308897998553,14.0,33.31534640262876,0,1,1,0,0
0.6061687453440031,0.7753346310047341,19.0,44.84256379025732,0,1,1,0,0
0.6051843869731801,0.7748443486590039,17.0,40.89239111555378,0,1,1,0,0
0.6018995799923635,0.7705708285605193,17.0,40.65299553880835,0,1,1,0,0
0.6005154639175257,0.7708691294387171,21.0,49.95530156073981,0,1,1,0,0
0.6053396775046259,0.7765842405017662,17.0,41.02931657205699,0,1,1,0,0
0.6053396775046259,0.7765842405017662,17.0,41.02931657205699,0,1,1,0,0
0.605447816788023,0.7765962559776993,19.0,46.29881905540483,0,1,1,0,0
0.606012544156874,0.7780981904693245,19.0,45.296063826164335,0,1,1,0,0
0.6070458750871122,0.7796121404368827,21.0,49.977778044180496,0,1,1,0,0
0.6075505250762983,0.7774974166726744,21.0,51.11968643504608,0,1,1,0,0
0.6059164203494101,0.7787830725975056,20.0,48.683666842355194,0,1,1,0,0
0.606000528680941,0.7784826856991806,18.0,42.385420105914854,0,1,1,0,0
0.605267584649028,0.7785067166510465,18.0,43.799474583056245,0,1,1,0,0
0.6066974262850552,0.7795400475812847,19.0,45.34925990908412,0,1,1,0,0
0.6066974262850552,0.7795400475812847,19.0,45.34925990908412,0,1,1,0,0
0.6061687453440031,0.7786869487900415,16.0,39.453555511630114,0,1,1,0,0
0.605531925119554,0.7774012928652104,20.0,49.05476888351083,0,1,1,0,0
0.605543940595487,0.7781822988008555,20.0,47.55711689848291,0,1,1,0,0
0.605519909643621,0.7788191190253045,17.0,41.30807762570382,0,1,1,0,0
0.6051954917934299,0.7775454785764064,18.0,43.35599902220233,0,1,1,0,0
0.6046067334727129,0.7774253238170764,17.0,40.605443332690534,0,1,1,0,0
0.605135414413765,0.7781582678489894,17.0,40.532479529100705,0,1,1,0,0
0.605135414413765,0.7781582678489894,17.0,40.532479529100705,0,1,1,0,0
0.605579987023286,0.7789392737846346,17.0,41.03728408161206,0,1,1,0,0
0.605579987023286,0.7789392737846346,17.0,41.03728408161206,0,1,1,0,0
0.6060726215365391,0.7781822988008555,17.0,41.58464545514734,0,1,1,0,0
0.6057722346382141,0.7782543916564535,20.0,48.29048595746506,0,1,1,0,0
0.605832312017879,0.7784826856991806,18.0,42.814358241334745,0,1,1,0,0
0.6081263564022185,0.7794429708222812,17.0,41.34987403401045,0,1,1,0,0
0.6071979744393537,0.7790692066554136,21.0,50.88588561710987,0,1,1,0,0
0.605976497729075,0.7767284262129623,22.0,53.612112145018685,0,1,1,0,0
0.6114983001457018,0.7841549295774648,20.0,48.32298777955423,0,1,1,0,0
0.6114983001457018,0.7841549295774648,20.0,48.32298777955423,0,1,1,0,0
0.6109883438562409,0.7834992714910151,20.0,48.699453125158236,0,1,1,0,0
0.6109883438562409,0.7834992714910151,20.0,48.699453125158236,0,1,1,0,0
0.6088403271864866,0.7826339480180049,21.0,50.10217715697482,0,1,1,0,0
0.6062168072477351,0.7783384999879845,18.0,43.2375603032833,0,1,1,0,0
0.6089613281060936,0.7840012584095639,20.0,48.55745672671033,0,1,1,0,0
0.6058355437665782,0.7807451169520135,16.0,39.02556842371712,0,1,1,0,0
0.6085983253472727,0.7814239388219351,19.0,45.5878895084091,0,1,1,0,0
0.6091912298533468,0.7813150379942888,21.0,50.675667495714585,0,1,1,0,0
0.605447816788023,0.7766563333573643,17.0,40.53201522441277,0,1,1,0,0
0.6048830894191719,0.7766923797851633,17.0,40.48426256615804,0,1,1,0,0
0.605495878691755,0.7762838536034412,20.0,47.59534418680588,0,1,1,0,0
0.605844327493812,0.7765481940739672,19.0,45.419485336123735,0,1,1,0,0
0.6053396775046259,0.7766082714536323,17.0,40.97898576343166,0,1,1,0,0
0.6082228116710875,0.7803713527851459,16.0,38.25690679881134,0,1,1,0,0
0.6073908849770919,0.7788401253918495,18.0,43.50131863167172,0,1,1,0,0
0.6107212238950948,0.7831107333657115,17.0,41.573586340340256,0,1,1,0,0
0.6113647401651287,0.784834871296746,17.0,40.458130133498116,0,1,1,0,0
0.6105026711996114,0.7832078678970374,17.0,40.704695286082696,0,1,1,0,0
0.6086104254392334,0.7821015439717341,20.0,47.41977135826651,0,1,1,0,0
0.6074851168868883,0.781786941580756,18.0,43.1832391184918,0,1,1,0,0
0.6103691112190384,0.7837906750849927,18.0,43.77412634049032,0,1,1,0,0
0.6093734822729481,0.784373482272948,17.0,40.64879648346164,0,1,1,0,0
0.6089849441476445,0.7845798931520156,18.0,43.46521907643605,0,1,1,0,0
0.6088513841670714,0.7842156386595435,17.0,41.37548322010175,0,1,1,0,0
0.6088149587178242,0.7836206896551724,18.0,43.30709555840063,0,1,1,0,0
0.6090699368625546,0.7851869839728023,20.0,48.18539516652663,0,1,1,0,0
0.6090699368625546,0.7851869839728023,20.0,48.18539516652663,0,1,1,0,0
0.6092763477416221,0.7845434677027683,14.0,33.736960065758815,0,1,1,0,0
0.6097620203982516,0.7849077221952404,16.0,38.6969474256896,0,1,1,0,0
0.6056305763202315,0.7799614178924523,16.0,38.12651754842368,0,1,1,0,0
0.605944055944056,0.7816976127320955,19.0,45.685141768469606,0,1,1,0,0
0.6100291403593978,0.7853084021369597,20.0,48.46892562104247,0,1,1,0,0
0.606040511212925,0.7798529057149747,16.0,38.459736793616,0,1,1,0,0
0.6063781046539667,0.7812635640221847,19.0,45.42568996881038,0,1,1,0,0
0.6063781046539667,0.7812635640221847,19.0,45.42568996881038,0,1,1,0,0
0.6096770276833414,0.7839363768819816,19.0,46.032376551767456,0,1,1,0,0
0.6074488166110062,0.7800445283384154,18.0,44.22598094499209,0,1,1,0,0
0.6081143216688447,0.7814844392817385,17.0,40.55631811194068,0,1,1,0,0
0.6038978203926657,0.7771489678706174,22.0,53.17740633959702,0,1,1,0,0
0.6046057390884977,0.7791777188328912,20.0,47.61674359281596,0,1,1,0,0
0.6046057390884977,0.7791777188328912,20.0,47.61674359281596,0,1,1,0,0
0.6105998057309373,0.7840213695968917,22.0,53.27212593249815,0,1,1,0,0
0.6148324773783321,0.7889092687698703,17.0,41.10198214926662,0,1,1,0,0
0.6099562894609033,0.7828800388538125,18.0,43.48179863363548,0,1,1,0,0
0.6058355437665782,0.7779117434289848,18.0,44.619880022311044,0,1,1,0,0
0.610247693054881,0.7831228751821272,20.0,48.54277963265364,0,1,1,0,0
0.6052688690619725,0.777610320713769,21.0,51.468037906529524,0,1,1,0,0
0.6074851168868883,0.7817627413968347,19.0,45.83139241507636,0,1,1,0,0
0.6084894245196264,0.7837471564783892,19.0,46.25714639575117,0,1,1,0,0
0.6082474226804123,0.7827186486617298,20.0,48.784455977408,0,1,1,0,0
0.6141721692345317,0.7874908290535583,14.0,33.56777034915936,0,1,1,0,0
0.6141721692345317,0.7873440939104915,20.0,47.48973409440436,0,1,1,0,0
0.6119232637202525,0.7840213695968917,18.0,43.11948404768664,0,1,1,0,0
0.6125182127246236,0.7857697911607576,19.0,45.96048472973695,0,1,1,0,0
0.6125182127246236,0.7857697911607576,19.0,45.96048472973695,0,1,1,0,0
0.6092154300372683,0.7824403465466337,20.0,48.037697568748676,0,1,1,0,0
0.6095663327041285,0.7844973621799526,18.0,42.89050741699729,0,1,1,0,0
0.6088040269106045,0.7834567542713324,17.0,41.412260546453076,0,1,1,0,0
0.6088040269106045,0.7834567542713324,17.0,41.412260546453076,0,1,1,0,0
0.6108426420592521,0.7853569694026227,15.0,36.028383797177916,0,1,1,0,0
0.6108426420592521,0.7853569694026227,15.0,36.028383797177916,0,1,1,0,0
0.6108790675084993,0.7864011656143759,17.0,41.14772818242102,0,1,1,0,0
0.6120082564351627,0.7836935405536668,18.0,44.037224195571355,0,1,1,0,0
0.6117532782904322,0.7864011656143759,18.0,43.25874327833052,0,1,1,0,0
0.6120932491500729,0.7860976202039826,17.0,41.184415417447354,0,1,1,0,0
0.6106362311801845,0.785296260320544,17.0,40.90694128521097,0,1,1,0,0
0.6110004856726566,0.7833414278776105,14.0,33.86387065802938,0,1,1,0,0
0.6118382710053424,0.7850534239922292,16.0,38.83024589350846,0,1,1,0,0
0.6105464401529451,0.7835898552829001,21.0,50.624154125506806,0,1,1,0,0
0.6092396302211897,0.7816538405691883,20.0,48.62309082688475,0,1,1,0,0
0.6102560379458883,0.7821378442476162,18.0,43.854440882679874,0,1,1,0,0
0.6102560379458883,0.7821378442476162,18.0,43.854440882679874,0,1,1,0,0
0.6102802381298098,0.7802865301776294,21.0,50.381379360882185,0,1,1,0,0
0.6134436376041718,0.7858691944051854,16.0,38.12597365185242,0,1,1,0,0
0.6134436376041718,0.7858691944051854,16.0,38.12597365185242,0,1,1,0,0
0.6096147330719713,0.783916557765839,19.0,45.35960623720815,0,1,1,0,0
0.6053276620286929,0.7802729916131979,16.0,38.4160911536881,0,1,1,0,0
0.605291615600894,0.7783625309398505,19.0,45.93604585355882,0,1,1,0,0
0.6092517303131504,0.7828154493974154,17.0,41.0045684956122,0,1,1,0,0
0.611716852841185,0.7865104419621175,20.0,49.048007994688966,0,1,1,0,0
0.611716852841185,0.7865104419621175,20.0,49.048007994688966,0,1,1,0,0
0.6106190407047094,0.7848724650307343,16.0,38.95609821864981,0,1,1,0,0
0.6108126421760806,0.7849934659503413,17.0,41.599353655913724,0,1,1,0,0
0.6105343400609845,0.7849571656744592,18.0,43.67599433596514,0,1,1,0,0
0.6125060709082079,0.7864983001457018,15.0,36.63413854637118,0,1,1,0,0
0.6118625546381739,0.7847863040310831,15.0,37.213987452497584,0,1,1,0,0
0.6120811073336572,0.7872025254978144,19.0,47.15923564016436,0,1,1,0,0
0.6130281690140845,0.7870203982515784,22.0,53.8093817396665,0,1,1,0,0
0.6122875182127246,0.7880160271976687,18.0,44.07311850354962,0,1,1,0,0
0.6117532782904322,0.7864254492472074,20.0,48.49585694152983,0,1,1,0,0
0.613658596233798,0.791697236488139,14.0,34.00819953072842,0,1,1,0,0
0.6110907312301296,0.7880899975544143,17.0,40.516055043346796,0,1,1,0,0
0.6085356969402622,0.7857697911607576,17.0,41.31487457302159,0,1,1,0,0
0.6092156386595434,0.7853933948518699,17.0,41.53910427925919,0,1,1,0,0
0.6092156386595434,0.7853933948518699,17.0,41.53910427925919,0,1,1,0,0
0.6099562894609033,0.7848712967459932,17.0,41.719488962267306,0,1,1,0,0
0.6100048567265663,0.7834385624089364,19.0,45.52583269036576,0,1,1,0,0
0.6100048567265663,0.7834385624089364,19.0,45.52583269036576,0,1,1,0,0
0.6130838835901198,0.788835901198337,19.0,45.651832407441816,0,1,1,0,0
0.6089970859640602,0.7850898494414764,17.0,41.29382325460656,0,1,1,0,0
0.6088756677999029,0.7840577950461389,19.0,45.30091075499386,0,1,1,0,0
0.6075522098105877,0.7824793589120933,18.0,43.75147691372063,0,1,1,0,0
0.6094341913550267,0.7839728023312288,13.0,30.98942073302853,0,1,1,0,0
0.6087906750849927,0.7837421078193297,15.0,36.29136464451667,0,1,1,0,0
0.6101627003399709,0.7841549295774648,15.0,36.19436953630337,0,1,1,0,0
0.6100169985429821,0.7838271005342399,15.0,35.90372054922639,0,1,1,0,0
0.6096891694997572,0.7835114133074308,17.0,41.630806258179014,0,1,1,0,0
0.6105755220981058,0.7835599805730937,20.0,48.01422327462015,0,1,1,0,0
0.6100534239922293,0.7820422535211268,18.0,43.216825851082625,0,1,1,0,0
0.6092156386595434,0.7809616318601262,17.0,41.84373449277646,0,1,1,0,0
0.6117143555881633,0.7861457569087796,16.0,38.629978861637035,0,1,1,0,0
0.6117143555881633,0.7861457569087796,16.0,38.629978861637035,0,1,1,0,0
0.6075940177145346,0.7817264411209525,19.0,44.622391260042214,0,1,1,0,0
0.6075940177145346,0.7817264411209525,19.0,44.622391260042214,0,1,1,0,0
0.6074246164270849,0.7817022409370311,18.0,43.98552555310628,0,1,1,0,0
0.6129982880899976,0.7889704084128148,17.0,41.26627815957779,0,1,1,0,0
0.6138053313768648,0.7886157984837369,18.0,44.02122810456731,0,1,1,0,0
0.6137319638053313,0.7908168256297383,15.0,35.75755533264085,0,1,1,0,0
0.6078360195537487,0.782270945259184,17.0,40.80147415202521,0,1,1,0,0
0.6097255949490044,0.7846406022340943,20.0,48.25407376779463,0,1,1,0,0
0.6133284421618977,0.7893005624847151,18.0,43.874161830939485,0,1,1,0,0
0.610977066120738,0.7862226121712851,19.0,45.290909697172836,0,1,1,0,0
0.6097706612073798,0.7855767590358509,19.0,45.642549527675214,0,1,1,0,0
0.6123662596573323,0.7859788940069703,19.0,45.36819807614042,0,1,1,0,0
0.6126587214545101,0.7854061563208306,19.0,45.70036659527518,0,1,1,0,0
0.6143066764490095,0.7885179750550256,16.0,38.476714586260094,0,1,1,0,0
0.6131205673758865,0.7883467840547811,19.0,45.79575760382298,0,1,1,0,0
0.6072431150476744,0.7808431344078215,18.0,42.9007125531278,0,1,1,0,0
0.607618217898456,0.7810972363389962,16.0,38.72835758888756,0,1,1,0,0
0.6131694790902421,0.7889337246270481,16.0,38.67572211147816,0,1,1,0,0
0.6110379956618167,0.7856376885769296,20.0,48.45855263393431,0,1,1,0,0
0.6069043124727748,0.7813150379942888,16.0,38.95815452010751,0,1,1,0,0
0.6070253133923817,0.7812908378103673,17.0,41.1606385441198,0,1,1,0,0
0.6067228110933643,0.7810972363389962,16.0,38.77383312019096,0,1,1,0,0
0.6069890131164997,0.7819684429601665,17.0,41.39497389014567,0,1,1,0,0
0.6134874052335534,0.7893127904133039,16.0,38.48821601002164,0,1,1,0,0
0.6077707625060709,0.7832564351627004,14.0,33.58664628450176,0,1,1,0,0
0.6090456532297231,0.7825643516270034,16.0,38.606836947579,0,1,1,0,0
0.6090456532297231,0.7825643516270034,16.0,38.606836947579,0,1,1,0,0
0.6129004646612863,0.7879799461971142,17.0,40.795750133828854,0,1,1,0,0
0.6093613404565323,0.7813258863525984,16.0,38.52965477705318,0,1,1,0,0
0.609142787761049,0.782442933462846,15.0,36.12875972838291,0,1,1,0,0
0.6124847150892638,0.7886402543409147,14.0,33.58833829561544,0,1,1,0,0
0.6133773538762534,0.7879799461971142,15.0,36.08304257361181,0,1,1,0,0
0.6093491986401166,0.7811073336571152,18.0,42.81029311573579,0,1,1,0,0
0.6093491986401166,0.7811073336571152,18.0,42.81029311573579,0,1,1,0,0
0.6158433335787381,0.7893936047510368,14.0,33.4424755406158,0,1,1,0,0
0.6132428466617755,0.7872707263389582,19.0,44.946332934306774,0,1,1,0,0
0.6118300796958397,0.7847968609100436,17.0,40.86678877644743,0,1,1,0,0
0.6136463683052091,0.7875519686965028,17.0,40.905730435809936,0,1,1,0,0
0.6136463683052091,0.7875519686965028,17.0,40.905730435809936,0,1,1,0,0
0.6134384935191979,0.7865615064808021,16.0,38.256581465485894,0,1,1,0,0
0.6134384935191979,0.7865615064808021,16.0,38.256581465485894,0,1,1,0,0
0.6135974565908535,0.789080459770115,15.0,36.06405177269439,0,1,1,0,0
0.6144044998777207,0.7904133039863047,14.0,33.26592446735723,0,1,1,0,0
0.6074972169788491,0.7838923575819177,18.0,42.790868651590706,0,1,1,0,0
0.6073278156913993,0.7847514641111273,17.0,40.35892219370037,0,1,1,0,0
0.6073278156913993,0.7847514641111273,17.0,40.35892219370037,0,1,1,0,0
0.6117325924301138,0.7889888133362579,16.0,38.00920022357213,0,1,1,0,0
0.6145512350207875,0.7904010760577158,17.0,40.69232404475573,0,1,1,0,0
0.6110976202039825,0.7856847984458475,16.0,38.97436337842474,0,1,1,0,0
0.6140376620200538,0.7914649058449499,17.0,41.54697472011639,0,1,1,0,0
0.6107279415323557,0.7849692657664198,19.0,45.49428716668897,0,1,1,0,0
0.609227530129229,0.7878611877450269,21.0,50.13978090571997,0,1,1,0,0
0.6105343400609845,0.7903538066889308,19.0,45.66264042746883,0,1,1,0,0
0.6068175810443852,0.7860043736332396,18.0,43.714630438656606,0,1,1,0,0
0.6068175810443852,0.7860043736332396,18.0,43.714630438656606,0,1,1,0,0
0.6110304438313732,0.790547408160302,18.0,43.58963640747972,0,1,1,0,0
0.6110304438313732,0.790547408160302,18.0,43.58963640747972,0,1,1,0,0
0.6120105512801898,0.7899303034703063,20.0,49.42963620073291,0,1,1,0,0
0.6107279415323557,0.787534485262088,18.0,43.13598110901704,0,1,1,0,0
0.6103286384976526,0.7877522869173805,17.0,40.334141706144905,0,1,1,0,0
0.6053516929805589,0.7842621296229544,21.0,50.07133061265916,0,1,1,0,0
0.6101955374860849,0.7891316974009003,16.0,38.27180835813177,0,1,1,0,0
0.6107279415323557,0.7871835825952277,19.0,45.758531990734255,0,1,1,0,0
0.6107279415323557,0.7871835825952277,19.0,45.758531990734255,0,1,1,0,0
0.6123856541309713,0.7896762015391317,19.0,45.36730591408913,0,1,1,0,0
0.6123856541309713,0.7896762015391317,19.0,45.36730591408913,0,1,1,0,0
0.61063114079667,0.7883572915154156,18.0,43.145129289087535,0,1,1,0,0
0.6106847984458476,0.7879674599320058,18.0,42.726163124374295,0,1,1,0,0
0.6106847984458476,0.7879674599320058,18.0,42.726163124374295,0,1,1,0,0
0.6100261361986351,0.7856589710081796,17.0,40.88709854595816,0,1,1,0,0
0.6145719090443811,0.7916697131437206,18.0,43.032284048990746,0,1,1,0,0
0.6145719090443811,0.7916697131437206,18.0,43.032284048990746,0,1,1,0,0
0.6148324773783321,0.7914159941305943,17.0,41.2250405780992,0,1,1,0,0
0.6148324773783321,0.7914159941305943,17.0,41.2250405780992,0,1,1,0,0
0.613890926876987,0.7905722670579604,19.0,46.18297319529079,0,1,1,0,0
0.6111720406521898,0.7876971070653895,19.0,46.01344767119135,0,1,1,0,0
0.6120737978601545,0.7875265043503692,18.0,42.86154186825942,0,1,1,0,0
0.611537617898662,0.7899758719017328,18.0,43.029170738039376,0,1,1,0,0
0.6116351051643879,0.7893178328580829,20.0,48.07065360604919,0,1,1,0,0
0.6116351051643879,0.7893178328580829,20.0,48.07065360604919,0,1,1,0,0
0.6148080215211543,0.790376620200538,19.0,45.50332072821706,0,1,1,0,0
0.6138664710198093,0.7916116409880166,16.0,38.44505930309924,0,1,1,0,0
0.6112573420096999,0.788891326070532,15.0,36.267914556660294,0,1,1,0,0
0.6112573420096999,0.788891326070532,15.0,36.267914556660294,0,1,1,0,0
0.6137197358767424,0.7896062606994375,19.0,45.79413854577824,0,1,1,0,0
0.6126952791791572,0.7869172089395823,16.0,38.76552905093868,0,1,1,0,0
0.6130364846091979,0.7873193439107017,20.0,48.6308790424007,0,1,1,0,0
0.6130364846091979,0.7873193439107017,20.0,48.6308790424007,0,1,1,0,0
0.608259522772373,0.784557862639756,18.0,43.29471143148241,0,1,1,0,0
0.6121590992176646,0.7884038897419025,19.0,45.17929779458387,0,1,1,0,0
0.6139398385913426,0.7907067742724383,18.0,43.299978896338104,0,1,1,0,0
0.6172557682866961,0.7949803632793323,19.0,45.810084182604626,0,1,1,0,0
0.6124637469230582,0.7899758719017328,20.0,47.971521835247145,0,1,1,0,0
0.6124637469230582,0.7899758719017328,20.0,47.971521835247145,0,1,1,0,0
0.6167525773195877,0.7945876288659793,19.0,45.597946826438225,0,1,1,0,0
0.6160162002945508,0.7929675994108983,19.0,45.74401151282551,0,1,1,0,0
0.6115985474397407,0.7891959737759255,16.0,38.52957961032227,0,1,1,0,0
0.6123868916605527,0.7899853264856933,19.0,45.844379768265746,0,1,1,0,0
0.6123868916605527,0.7899853264856933,19.0,45.844379768265746,0,1,1,0,0
0.6129633691599035,0.7877945943311155,19.0,45.994994979203526,0,1,1,0,0
0.6129633691599035,0.7877945943311155,19.0,45.994994979203526,0,1,1,0,0
0.6167403043691704,0.7910530191458026,16.0,38.97721726181997,0,1,1,0,0
0.6175625920471282,0.7939371624938635,17.0,40.5070646975034,0,1,1,0,0
0.6129024396188248,0.7901342887085374,16.0,38.529332377377905,0,1,1,0,0
0.6136945236528478,0.7905486095878725,17.0,40.29668859284298,0,1,1,0,0
0.6127196509955887,0.789220345592357,19.0,45.6510643584257,0,1,1,0,0
0.6134384935191979,0.789435069699193,20.0,47.202780629279324,0,1,1,0,0
0.6122200287587434,0.787489946625722,18.0,42.86827951740462,0,1,1,0,0
0.6163475699558174,0.7930903289150711,17.0,40.2865754756608,0,1,1,0,0
0.6157952871870398,0.7929798723613156,16.0,38.50124535382781,0,1,1,0,0
0.6157952871870398,0.7929798723613156,16.0,38.50124535382781,0,1,1,0,0
0.6110989252028953,0.7894762496648875,17.0,40.55684022950709,0,1,1,0,0
0.611537617898662,0.7870756257463869,17.0,40.2640427006773,0,1,1,0,0
0.6117082206136824,0.788379517925471,14.0,33.555109832586474,0,1,1,0,0
0.6131450232330643,0.79002201027146,21.0,51.326017218485866,0,1,1,0,0
0.6159671084928817,0.7931026018654884,17.0,41.087720554312924,0,1,1,0,0
0.6159671084928817,0.7931026018654884,17.0,41.087720554312924,0,1,1,0,0
0.615893470790378,0.7933112420225822,20.0,48.270072265110564,0,1,1,0,0
0.6128393250183419,0.7911102959158719,19.0,45.41699891459167,0,1,1,0,0
0.6137197358767424,0.7886524822695036,19.0,45.906357489784035,0,1,1,0,0
0.6125336268036194,0.791562729273661,16.0,39.152311669786336,0,1,1,0,0
0.613536316947909,0.7900464661286378,16.0,38.36621561976301,0,1,1,0,0
0.6127683946284517,0.7884160756501182,19.0,45.57788936971906,0,1,1,0,0
0.6172557682866961,0.7938389788905252,18.0,43.48342481348778,0,1,1,0,0
0.6172557682866961,0.7938389788905252,18.0,43.48342481348778,0,1,1,0,0
0.6131339718749238,0.7896955960127708,15.0,35.40630657986982,0,1,1,0,0
0.6110304438313732,0.7894583998838391,14.0,33.43864802256657,0,1,1,0,0
0.6131721601084168,0.7937176322540052,17.0,42.29791379922732,0,1,1,0,0
0.6119361737918438,0.7920121115997405,18.0,43.34402024052567,0,1,1,0,0
0.605810108644308,0.7924421350968351,19.0,46.058076609954405,0,1,1,0,0
0.6101285419403265,0.8056155000938262,17.0,42.12290785900882,0,1,1,0,0
0.6131964809384164,0.8425671103090457,17.0,40.639907882959086,0,1,1,0,0
0.6131964809384164,0.8425671103090457,17.0,40.639907882959086,0,1,1,0,0
0.6413903802512869,0.743261194442907,20.0,48.31328434043749,0,1,1,0,0
0.6413903802512869,0.743261194442907,20.0,48.31328434043749,0,1,1,0,0
0.6688086688086688,0.7706640206640206,16.0,35.23947543097356,0,1,1,0,0
0.6056003020387617,0.729801157815253,16.0,38.51279168482306,0,1,1,1,0
0.6072840632603407,0.7338934509326845,18.0,42.29144449494896,0,1,1,1,0
0.6096537915652879,0.7324741484184915,19.0,45.67266671496949,0,1,1,1,0
0.6086691086691086,0.733058608058608,17.0,40.190692725922894,0,1,1,1,0
0.6118753041829965,0.7364942749558134,18.0,42.920815856233176,0,1,1,1,0
0.6081985144485145,0.7351826414326414,13.0,30.556781907017125,0,1,1,1,0
0.6081985144485145,0.7351826414326414,13.0,30.556781907017125,0,1,1,1,0
0.6051408361753189,0.7310344827586207,15.0,34.79361740653795,0,1,1,1,0
0.6036251105216622,0.7291398256915498,16.0,38.606999213025304,0,1,1,1,0
0.603902993558166,0.7304155614500442,18.0,42.92422577627016,0,1,1,1,0
0.6035619552860932,0.7295692812934192,15.0,35.28346956086726,0,1,1,1,0
0.603056713401541,0.7284324870531768,15.0,35.31742744106568,0,1,1,1,0
0.6044464794464794,0.7330967643467643,14.0,32.115568492487846,0,1,1,1,0
0.602084122773778,0.7290261462675256,17.0,40.19403408278145,0,1,1,1,0
0.6023114816218265,0.7270051787293167,17.0,40.183306873599214,0,1,1,1,0
0.6023114816218265,0.7270051787293167,17.0,40.183306873599214,0,1,1,1,0
0.6045975263584753,0.730433901054339,18.0,42.598579104722816,0,1,1,1,0
0.6063542938542938,0.7310490435490435,17.0,39.377922911178594,0,1,1,1,0
0.6036851175993512,0.7324614760746148,19.0,43.7666356010945,0,1,1,1,0
0.6063920016449059,0.7393723655803434,13.0,29.87236945357999,0,1,1,1,0
0.6063920016449059,0.7393723655803434,13.0,29.87236945357999,0,1,1,1,0
0.6073301120592166,0.7360697028888661,21.0,49.84140486498852,0,1,1,1,0
0.6043790012804098,0.7366325224071703,16.0,37.23057035444495,0,1,1,1,0
0.6084772330146984,0.7385008736766369,16.0,37.49351427021878,0,1,1,1,0
0.6190426719995844,0.7501753110147261,16.0,36.633981807792665,0,1,1,1,0
0.6190426719995844,0.7501753110147261,16.0,36.633981807792665,0,1,1,1,0
0.6268732306573513,0.75527880944342,19.0,45.068454163283825,0,1,1,1,0
0.6331554439386805,0.7595223146549469,17.0,39.841497754361896,0,1,1,1,0
0.6357191440380893,0.7603332810129232,16.0,37.776260011564794,0,1,1,1,0
0.6397946859903382,0.7631143667296786,17.0,39.899627118985684,0,1,1,1,0
0.6364516297807775,0.7617851723957516,15.0,35.476609185511684,0,1,1,1,0
0.6325740851362232,0.761031607926655,19.0,45.68287719044596,0,1,1,1,0
0.6337428252343973,0.7651221982702646,17.0,40.207244144098844,0,1,1,1,0
0.6299560041407868,0.764738612836439,15.0,34.81932362663452,0,1,1,1,0
0.6299560041407868,0.764738612836439,15.0,34.81932362663452,0,1,1,1,0
0.6283651366683858,0.7619649303764827,16.0,36.892532142367166,0,1,1,1,0
0.6294094894275399,0.7621454357916452,20.0,47.02360700130853,0,1,1,1,0
0.6338077552398514,0.7671480144404332,18.0,42.265155737473975,0,1,1,1,0
0.6297918807810894,0.7581834532374101,16.0,37.69825549679982,0,1,1,1,0
0.6336649092278523,0.7651351842713555,16.0,37.38280094686855,0,1,1,1,0
0.6336649092278523,0.7651351842713555,16.0,37.38280094686855,0,1,1,1,0
0.6351136482118653,0.7655744969241998,21.0,49.84636849462185,0,1,1,1,0
0.634162235429048,0.7643754561568137,17.0,39.43693097680894,0,1,1,1,0
0.6369355935750536,0.7691623502328259,17.0,39.27871424993906,0,1,1,1,0
0.6431046339399069,0.7774545069826492,12.0,27.094330245623755,0,1,1,1,0
0.6411936144515045,0.7709394528173082,18.0,43.16052626255512,0,1,1,1,0
0.6478551709492462,0.7794117647058824,19.0,43.922526526046724,0,1,1,1,0
0.6413248962873497,0.771543349262196,18.0,42.47902897814278,0,1,1,1,0
0.6413248962873497,0.771543349262196,18.0,42.47902897814278,0,1,1,1,0
0.6443345323741008,0.7758146424037241,13.0,29.528660612509597,0,1,1,1,0
0.6416137163262091,0.7730924749251693,15.0,35.922915676727996,0,1,1,1,0
0.6405503334558631,0.7718321693010555,16.0,37.659979555072695,0,1,1,1,0
0.6405503334558631,0.7718321693010555,16.0,37.659979555072695,0,1,1,1,0
0.6410885889828284,0.7746022160373891,18.0,42.69558371474201,0,1,1,1,0
0.6431365856220134,0.7740245759596702,14.0,32.92191003714349,0,1,1,1,0
0.6389739162284488,0.7703607775423175,18.0,42.40456786431039,0,1,1,1,0
0.6406947434752928,0.7731975003938455,19.0,44.42504161990801,0,1,1,1,0
0.646688531527719,0.7791472704189589,15.0,35.987876411970724,0,1,1,1,0
0.646688531527719,0.7791472704189589,15.0,35.987876411970724,0,1,1,1,0
0.6415218190411175,0.7737357559208108,19.0,45.164268794686514,0,1,1,1,0
0.6400908470304049,0.7727117576012182,16.0,38.423292618426686,0,1,1,1,0
0.639841411542299,0.7721341175234995,18.0,41.475736521595415,0,1,1,1,0
0.6473906349543428,0.7788145041410066,18.0,42.01787841523875,0,1,1,1,0
0.6402877697841727,0.7721603738906685,15.0,34.92807464601485,0,1,1,1,0
0.639893924276637,0.7706375045948642,18.0,41.869466649160636,0,1,1,1,0
0.6430517350825222,0.773553216250529,16.0,37.070911537542926,0,1,1,1,0
0.6390799768943969,0.7686026361392637,20.0,47.68155214836597,0,1,1,1,0
0.6454718578078713,0.7750872831146848,19.0,43.954203258432585,0,1,1,1,0
0.6429988362251375,0.7743070249682606,20.0,46.982565528989504,0,1,1,1,0
0.6451077723508176,0.7811902739435124,20.0,46.79274450921405,0,1,1,1,0
0.643660071942446,0.7805226407109607,16.0,37.418117128818835,0,1,1,1,0
0.642879813796022,0.7814615954295387,18.0,43.48302966759086,0,1,1,1,0
0.6390843207786712,0.7822021794329242,16.0,38.30619354326471,0,1,1,1,0
0.640393567498942,0.7854025603046975,14.0,32.41476943141834,0,1,1,1,0
0.6464828137490009,0.7901945110578205,17.0,39.31579550333113,0,1,1,1,0
0.639229792636479,0.7869630765975455,19.0,44.45393497381249,0,1,1,1,0
0.6418747355057131,0.7869101777401608,17.0,39.334977325037464,0,1,1,1,0
0.6434088023698689,0.788245873889124,16.0,37.62114434649565,0,1,1,1,0
0.6396182324213622,0.7830830226329885,15.0,35.7052507805533,0,1,1,1,0
0.6370188520716273,0.7811794360132333,15.0,35.19888344265832,0,1,1,1,0
0.6365068529118311,0.7829779971643124,16.0,37.326770487757926,0,1,1,1,0
0.6408391534947224,0.7819408706611354,16.0,38.34462681599467,0,1,1,1,0
0.6409835635141522,0.7833980990390169,16.0,37.29743202923682,0,1,1,1,0
0.6409835635141522,0.7833980990390169,16.0,37.29743202923682,0,1,1,1,0
0.6365462374625847,0.7801816940608097,20.0,47.241613417732005,0,1,1,1,0
0.6365462374625847,0.7801816940608097,20.0,47.241613417732005,0,1,1,1,0
0.6383447986136638,0.7795384130651684,15.0,34.91155804140773,0,1,1,1,0
0.6450354422344478,0.7840404147270419,20.0,47.48304096276339,0,1,1,1,0
0.6456488509382248,0.7831145899219903,17.0,39.84780575003131,0,1,1,1,0
0.6432637571157496,0.7834044908285895,13.0,29.536307076382176,0,1,1,1,0
0.6417863589985088,0.7826570389556027,14.0,32.27368391663186,0,1,1,1,0
0.643735447243806,0.7827747691180703,19.0,44.67620209694184,0,1,1,1,0
0.6451874525809068,0.7839651518719096,19.0,43.9830185761504,0,1,1,1,0
0.6451874525809068,0.7839651518719096,19.0,43.9830185761504,0,1,1,1,0
0.6465740522721921,0.7854956439839887,20.0,47.73162882957502,0,1,1,1,0
0.6417101147028155,0.7850755995828989,22.0,51.10198891827496,0,1,1,1,0
0.6475990934008011,0.7910473329116593,20.0,46.4223839137567,0,1,1,1,0
0.639928838657353,0.7903487429034874,21.0,49.67086059233472,0,1,1,1,0
0.639928838657353,0.7903487429034874,21.0,49.67086059233472,0,1,1,1,0
0.6456752055660974,0.8085731604469745,16.0,37.17785875741569,0,1,1,1,0
0.645820156019397,0.8156362007168458,13.0,29.295296321300018,0,1,1,1,0
0.645820156019397,0.8156362007168458,13.0,29.295296321300018,0,1,1,1,0
0.643685431161712,0.8166376765760067,20.0,46.7082750589923,0,1,1,1,0
0.644370651486401,0.8159919881931267,15.0,34.32253252267644,0,1,1,1,0
0.6433560924369748,0.812749474789916,16.0,37.506290297574914,0,1,1,1,0
0.644655987394958,0.8139443277310925,18.0,43.059597189814085,0,1,1,1,0
0.6429621848739496,0.8103466386554622,16.0,37.64156334682252,0,1,1,1,0
0.6429621848739496,0.8103466386554622,16.0,37.64156334682252,0,1,1,1,0
0.637851929092805,0.7965198123044839,16.0,37.832058897093106,0,1,1,1,0
0.6431308654848801,0.7898852971845672,15.0,34.68154420710459,0,1,1,1,0
0.6431308654848801,0.7898852971845672,15.0,34.68154420710459,0,1,1,1,0
0.651483718487395,0.7922531512605042,15.0,35.68203513133924,0,1,1,1,0
0.6488905170609169,0.790336508268788,14.0,32.64385940319739,0,1,1,1,0
0.6468587069864442,0.7864051094890511,18.0,41.89660429265457,0,1,1,1,0
0.6490082687879423,0.7904019258949131,16.0,37.629424163242845,0,1,1,1,0
0.6465958386367769,0.7838402992440969,13.0,30.690599061598316,0,1,1,1,0
0.6465958386367769,0.7838402992440969,13.0,30.690599061598316,0,1,1,1,0
0.645842533184404,0.7809179936098917,15.0,35.986556838586935,0,1,1,1,0
0.6460893056601813,0.7827363171156194,16.0,37.200941439004225,0,1,1,1,0
0.6460893056601813,0.7827363171156194,16.0,37.200941439004225,0,1,1,1,0
0.6498717814527947,0.7865422859535273,22.0,52.37716162350511,0,1,1,1,0
0.6499371990789198,0.7831798199706929,18.0,42.087676468727075,0,1,1,1,0
0.6469499478623566,0.7821298227320125,18.0,41.79260393876895,0,1,1,1,0
0.6488905170609169,0.7892505756751099,14.0,33.0055625915241,0,1,1,1,0
0.6490082687879423,0.7915794431651664,15.0,35.592964541387815,0,1,1,1,0
0.6543693159351522,0.7985237906946092,19.0,44.769729344334564,0,1,1,1,0
0.6543693159351522,0.7985237906946092,19.0,44.769729344334564,0,1,1,1,0
0.6462738120159096,0.796433431023655,15.0,34.39309963142168,0,1,1,1,0
0.653535168515805,0.7987230479380364,18.0,42.97699464790524,0,1,1,1,0
0.6520698136906008,0.7969567720326565,15.0,35.188873407273896,0,1,1,1,0
0.6547779095821801,0.801291683142217,17.0,39.25534504946188,0,1,1,1,0
0.653968253968254,0.8041534391534392,16.0,37.01731206279828,0,1,1,1,0
0.6505338078291815,0.8023724792408067,15.0,34.15626757982878,0,1,1,1,0
0.659047619047619,0.8071031746031746,15.0,34.433596270290025,0,1,1,1,0
0.659047619047619,0.8071031746031746,15.0,34.433596270290025,0,1,1,1,0
0.655226044549888,0.805114010807961,14.0,31.75120678813008,0,1,1,1,0
0.656293660208251,0.8013312244628971,14.0,32.61901295067384,0,1,1,1,0
0.6531688298095039,0.7966427674272556,18.0,41.95192955873857,0,1,1,1,0
0.6586265981283775,0.8042968235139054,15.0,34.88097582476649,0,1,1,1,0
0.6584947937261104,0.8035982601818901,14.0,32.64967546716135,0,1,1,1,0
0.6584947937261104,0.8035982601818901,14.0,32.64967546716135,0,1,1,1,0
0.6545143007776459,0.8082114142612363,14.0,32.605818841230835,0,1,1,1,0
0.6642190831556504,0.8168576759061834,14.0,32.557399224970645,0,1,1,1,0
0.6624074074074074,0.815489417989418,17.0,39.32731962601261,0,1,1,1,0
0.6624074074074074,0.815489417989418,17.0,39.32731962601261,0,1,1,1,0
0.6669642857142857,0.8197361407249467,16.0,37.01548215949524,0,1,1,1,0
0.6620535125873204,0.815697904310004,13.0,29.26483519239888,0,1,1,1,0
0.6620535125873204,0.815697904310004,13.0,29.26483519239888,0,1,1,1,0
0.6664630583736124,0.81748287034578,19.0,44.43838161209969,0,1,1,1,0
0.6671535560631009,0.8180140224146173,17.0,39.61666415950578,0,1,1,1,0
0.6671535560631009,0.8180140224146173,17.0,39.61666415950578,0,1,1,1,0
0.667910447761194,0.819063047750571,18.0,41.584691143527145,0,1,1,1,0
0.6708022388059701,0.8213219616204691,19.0,45.27732301059197,0,1,1,1,0
0.6693496801705757,0.8221215351812367,17.0,40.172801347818506,0,1,1,1,0
0.662870699881376,0.8117964940028997,14.0,31.918204786507786,0,1,1,1,0
0.6621984974298142,0.811519704758139,19.0,43.70357493293119,0,1,1,1,0
0.6621984974298142,0.811519704758139,19.0,43.70357493293119,0,1,1,1,0
0.6642592592592592,0.8125925925925926,19.0,45.28981183347521,0,1,1,1,0
0.6642592592592592,0.8125925925925926,19.0,45.28981183347521,0,1,1,1,0
0.6653306878306878,0.8146296296296296,22.0,52.13883712125248,0,1,1,1,0
0.6653306878306878,0.8146296296296296,22.0,52.13883712125248,0,1,1,1,0
0.6599841834717279,0.8146830104125478,16.0,36.562294161402995,0,1,1,1,0
0.6719253490870032,0.8285982814178303,13.0,29.98330024639352,0,1,1,1,0
0.6706766917293233,0.8290950590762621,16.0,37.32305924879945,0,1,1,1,0
0.6709452201933405,0.830249731471536,16.0,36.9426273461893,0,1,1,1,0
0.6645389125799573,0.8306236673773987,15.0,34.38625783576476,0,1,1,1,0
0.6645389125799573,0.8306236673773987,15.0,34.38625783576476,0,1,1,1,0
0.662633262260128,0.8339152452025587,17.0,39.016195639729126,0,1,1,1,0
0.6635527718550107,0.8331289978678038,15.0,34.77217736269487,0,1,1,1,0
0.6625856482711,0.8342008817124342,15.0,34.89116744231276,0,1,1,1,0
0.6632628671588676,0.8343602273330855,17.0,39.65383393600186,0,1,1,1,0
0.666431236673774,0.8340085287846482,16.0,37.443205084023695,0,1,1,1,0
0.6692400644468314,0.8356740064446831,15.0,34.05179780330611,0,1,1,1,0
0.6648587420042644,0.8313166311300639,17.0,39.53798224297576,0,1,1,1,0
0.6644989339019189,0.831183368869936,15.0,34.3813344388995,0,1,1,1,0
0.6640197588569607,0.8298719923514102,21.0,49.24814983979338,0,1,1,1,0
0.6640197588569607,0.8298719923514102,21.0,49.24814983979338,0,1,1,1,0
0.6634222127795187,0.8300047803686196,21.0,49.141097743843524,0,1,1,1,0
0.6651119402985075,0.8320095948827292,19.0,44.36819126835159,0,1,1,1,0
0.6660047974413646,0.8310234541577826,16.0,37.58207423069284,0,1,1,1,0
0.665205223880597,0.8291311300639659,17.0,39.78343751433048,0,1,1,1,0
0.6703544575725027,0.8354457572502685,17.0,39.95139289058654,0,1,1,1,0
0.6656050106609808,0.8313166311300639,18.0,41.088475343981834,0,1,1,1,0
0.6656050106609808,0.8313166311300639,18.0,41.088475343981834,0,1,1,1,0
0.6645655650319829,0.827705223880597,17.0,40.42160815843572,0,1,1,1,0
0.6639658848614073,0.8281982942430703,14.0,32.90531262501095,0,1,1,1,0
0.6591534391534392,0.8170502645502645,18.0,41.482941173122136,0,1,1,1,0
0.6653251599147122,0.8237473347547974,15.0,34.423585176506236,0,1,1,1,0
0.6594708994708994,0.8181878306878307,18.0,41.61703998931163,0,1,1,1,0
0.6695362473347548,0.825066631130064,16.0,38.18609282418038,0,1,1,1,0
0.6675639658848614,0.8212686567164179,20.0,46.88877106429472,0,1,1,1,0
0.666431236673774,0.8224680170575693,14.0,31.982890034830593,0,1,1,1,0
0.666431236673774,0.8224680170575693,14.0,31.982890034830593,0,1,1,1,0
0.6707917480534076,0.8222246006475263,17.0,39.446791854303854,0,1,1,1,0
0.6702738990332975,0.8217642320085929,16.0,36.982400819182715,0,1,1,1,0
0.6702738990332975,0.8217642320085929,16.0,36.982400819182715,0,1,1,1,0
0.6645122601279317,0.8202691897654584,14.0,32.18085975483675,0,1,1,1,0
0.6626254846762628,0.8167392574494078,16.0,37.245059643203085,0,1,1,1,0
0.6717951462285607,0.824953843683943,13.0,30.322402038039385,0,1,1,1,0
0.670631204345383,0.8244989698445402,16.0,37.12618788447901,0,1,1,1,0
0.6661842035374728,0.8200191214744782,15.0,35.52898163021139,0,1,1,1,0
0.6646571413395655,0.8169517182769427,16.0,37.904061741513345,0,1,1,1,0
0.6656397726669145,0.8177086099750358,15.0,35.6312372540172,0,1,1,1,0
0.6703502528563401,0.8218767559468065,17.0,40.01215111119086,0,1,1,1,0
0.669601048885559,0.8216225617424344,18.0,42.44600388867596,0,1,1,1,0
0.6700425440826265,0.8200973965162015,13.0,30.430487463228555,0,1,1,1,0
0.669601048885559,0.819401707114762,14.0,32.513832909698536,0,1,1,1,0
0.6649891113825889,0.8151723588463377,17.0,40.14140388993121,0,1,1,1,0
0.6655733786583099,0.8151989164497796,16.0,37.15477493507948,0,1,1,1,0
0.6649625537791469,0.8154246560790355,14.0,32.62223757559832,0,1,1,1,0
0.6657061666755192,0.8171509003027567,17.0,40.79899294138136,0,1,1,1,0
0.6697615925935836,0.8232012415380088,13.0,30.27528769823308,0,1,1,1,0
0.6658123970892866,0.8197933818452223,14.0,32.52644207535579,0,1,1,1,0
0.6658389546927286,0.8202714187071759,17.0,39.54829010754164,0,1,1,1,0
0.6681236673773987,0.8232675906183369,16.0,38.12231995490211,0,1,1,1,0
0.665759281882403,0.8195941998194083,13.0,30.741217405852034,0,1,1,1,0
0.6672731651192036,0.823923688224119,16.0,37.60594160206618,0,1,1,1,0
0.6690926604768148,0.8237631445160946,14.0,32.133827421578516,0,1,1,1,0
0.6671661359805207,0.8238835522971129,15.0,34.47714374551432,0,1,1,1,0
0.6671661359805207,0.8238835522971129,15.0,34.47714374551432,0,1,1,1,0
0.6684076262083781,0.8232411385606875,17.0,39.43549537250261,0,1,1,1,0
0.6719832251082251,0.8272186147186147,16.0,36.57877797957933,0,1,1,1,0
0.6713203463203463,0.8262851731601731,14.0,32.4270837130246,0,1,1,1,0
0.6670784103114931,0.8208780880773362,17.0,39.68954389191525,0,1,1,1,0
0.6684729860886445,0.8231289765987275,18.0,41.98027680238139,0,1,1,1,0
0.6732278138528138,0.827150974025974,17.0,40.39653541008002,0,1,1,1,0
0.6733797045184946,0.8258923757144397,16.0,37.53588979742431,0,1,1,1,0
0.6733797045184946,0.8258923757144397,16.0,37.53588979742431,0,1,1,1,0
0.6735010244796722,0.8282378949638736,17.0,40.183764371818604,0,1,1,1,0
0.6727057047341745,0.8327941335058773,14.0,32.08709147137819,0,1,1,1,0
0.6613374409093323,0.8233919371115951,14.0,32.05526905921067,0,1,1,1,0
0.6636138217885138,0.8249746707193516,12.0,27.332223643851407,0,1,1,1,0
0.6621473897509732,0.8239481682930732,15.0,34.369763619202566,0,1,1,1,0
0.664165825675891,0.8229271790513624,18.0,42.45900773576259,0,1,1,1,0
0.6654801898362929,0.8244814163067242,16.0,37.212587558269746,0,1,1,1,0
0.6660534314509678,0.8234282514797633,18.0,42.07027982690419,0,1,1,1,0
0.6691461750461564,0.8259973777861023,17.0,39.54778340785293,0,1,1,1,0
0.6647736362182051,0.8213752466272063,19.0,44.78182111374475,0,1,1,1,0
0.6612312104955649,0.819846497052106,14.0,32.12737723661663,0,1,1,1,0
0.6655874561849463,0.8223985229978862,17.0,40.28797184925507,0,1,1,1,0
0.6668985631338131,0.8220908142241725,13.0,29.942233892553773,0,1,1,1,0
0.668316699221363,0.8262248147058037,17.0,39.970366766793006,0,1,1,1,0
0.6678350680972895,0.8263719797714928,15.0,35.045160202982316,0,1,1,1,0
0.6626574573938817,0.8180374722134011,16.0,36.98160318464194,0,1,1,1,0
0.6620091034190748,0.8195458875833598,14.0,32.689242805903554,0,1,1,1,0
0.6549645390070922,0.8103756238508012,14.0,32.16736654242475,0,1,1,1,0
0.6529904462766654,0.8090171443528335,18.0,41.72965919743102,0,1,1,1,0
0.6572174463372185,0.8161225673751384,17.0,39.79887586106335,0,1,1,1,0
0.6604743187974718,0.8154113772773145,15.0,33.769552276951266,0,1,1,1,0
0.6580974132894247,0.8164338450098263,15.0,34.195128557342734,0,1,1,1,0
0.6624836111631391,0.8178631632461938,17.0,39.95849831421198,0,1,1,1,0
0.6689447859376685,0.823479456486574,14.0,32.268336092916165,0,1,1,1,0
0.6631793005645787,0.818478580793621,16.0,37.46477521376969,0,1,1,1,0
0.6631793005645787,0.818478580793621,16.0,37.46477521376969,0,1,1,1,0
0.6649452813528484,0.8203515907205737,19.0,44.072736241646446,0,1,1,1,0
0.6640489123163781,0.8185187167206271,13.0,30.208228346414444,0,1,1,1,0
0.661947421745854,0.8150029328640751,17.0,39.80025188109739,0,1,1,1,0
0.661947421745854,0.8150029328640751,17.0,39.80025188109739,0,1,1,1,0
0.6648650094988361,0.8198699595965001,16.0,37.9553250169496,0,1,1,1,0
0.6597439847028204,0.8128087321400117,18.0,42.731612956662026,0,1,1,1,0
0.6652128541995558,0.8165252990126562,15.0,35.390179366995184,0,1,1,1,0
0.6603946459871461,0.812941520157221,16.0,36.748520992755004,0,1,1,1,0
0.6673133010462098,0.8176892408958338,15.0,34.46515275512441,0,1,1,1,0
0.6624130238487279,0.8138710362776863,12.0,27.60704775396477,0,1,1,1,0
0.6624130238487279,0.8138710362776863,12.0,27.60704775396477,0,1,1,1,0
0.6618414363310411,0.8155085221951677,14.0,31.619843713752644,0,1,1,1,0
0.6641693200973965,0.8163246193776256,18.0,41.61281488062604,0,1,1,1,0
0.669969265609835,0.8219966569610698,14.0,32.39637248045794,0,1,1,1,0
0.6639552618200305,0.8172745029834373,15.0,34.00676722559699,0,1,1,1,0
0.6685943060498221,0.8227380567238218,15.0,35.61265157702669,0,1,1,1,0
0.6542863971955171,0.808599351994476,15.0,34.09769979338999,0,1,1,1,0
0.6596938775510204,0.8103786251342643,15.0,35.13640387130199,0,1,1,1,0
0.6589822771213749,0.8080424274973147,11.0,25.58783045430286,0,1,1,1,0
0.6587406015037593,0.8076530612244898,14.0,31.969795246866415,0,1,1,1,0
0.6587406015037593,0.8076530612244898,14.0,31.969795246866415,0,1,1,1,0
0.6589822771213749,0.8110230934479055,16.0,37.86123823662057,0,1,1,1,0
0.6611573576799141,0.8126342642320086,15.0,34.98061793586303,0,1,1,1,0
0.6567164179104478,0.8044376332622601,17.0,40.36486868008834,0,1,1,1,0
0.6574201944016572,0.8045227598661496,17.0,39.8362697216436,0,1,1,1,0
0.6587480745737505,0.806434907313964,19.0,44.61734101454015,0,1,1,1,0
0.6587480745737505,0.806434907313964,19.0,44.61734101454015,0,1,1,1,0
0.6646079484425349,0.8106740064446831,17.0,38.94223183048406,0,1,1,1,0
0.6609475817202581,0.8074041486695462,18.0,42.100587980724804,0,1,1,1,0
0.6595078120834,0.8096971151282462,15.0,34.79762699156546,0,1,1,1,0
0.6595078120834,0.8096971151282462,15.0,34.79762699156546,0,1,1,1,0
0.6622427956011024,0.8104246381077248,16.0,37.760999896709784,0,1,1,1,0
0.6614266984186444,0.8091938030128702,16.0,38.22784693439486,0,1,1,1,0
0.6644334049409237,0.8089822771213748,17.0,40.5753028492488,0,1,1,1,0
0.6644334049409237,0.8089822771213748,17.0,40.5753028492488,0,1,1,1,0
0.6621374865735769,0.8068340494092374,14.0,32.358457854040026,0,1,1,1,0
0.6629699248120301,0.8086466165413534,14.0,32.68248489386046,0,1,1,1,0
0.6629699248120301,0.8086466165413534,14.0,32.68248489386046,0,1,1,1,0
0.6591417910447761,0.8046508528784648,13.0,30.901019897039784,0,1,1,1,0
0.6536904761904762,0.7972751322751322,15.0,35.277707645825764,0,1,1,1,0
0.6548148148148148,0.7974470899470899,15.0,34.13118921738348,0,1,1,1,0
0.662001380995379,0.8044430870558241,12.0,27.630025270715162,0,1,1,1,0
0.662001380995379,0.8044430870558241,12.0,27.630025270715162,0,1,1,1,0
0.6607388588970043,0.8038266116227374,15.0,35.123347909720486,0,1,1,1,0
0.6570581257413998,0.7986424146566495,16.0,36.47413782901816,0,1,1,1,0
0.6548988705017074,0.7991200420278435,16.0,37.915994460240405,0,1,1,1,0
0.6557796230394095,0.8025438249637538,14.0,32.837030202924495,0,1,1,1,0
0.6535198318886262,0.797110585763068,12.0,26.861733229001647,0,1,1,1,0
0.6595049662718436,0.8047750570988474,14.0,31.893179925629607,0,1,1,1,0
0.6585090561427737,0.8019599511340096,14.0,32.77895293760983,0,1,1,1,0
0.658827747384076,0.8021458543581027,17.0,40.09292095155907,0,1,1,1,0
0.6589206989961226,0.8015483082806607,16.0,36.81338709826944,0,1,1,1,0
0.6594120146597972,0.8005391193498699,14.0,32.37876507870657,0,1,1,1,0
0.6596377542890529,0.8038189833749403,15.0,34.33754659399191,0,1,1,1,0
0.6617623625644022,0.8029160248579168,16.0,36.89684930593478,0,1,1,1,0
0.6595083095162485,0.8037869164814226,11.0,24.870721470434805,0,1,1,1,0
0.6614303925213789,0.8042306262282891,15.0,34.84029922232735,0,1,1,1,0
0.6607531736336113,0.8040314442024752,15.0,35.40129749748134,0,1,1,1,0
0.6626539753639418,0.8079640590838799,15.0,35.09969816359538,0,1,1,1,0
0.6651994755572205,0.8104781526770664,18.0,41.90874016128351,0,1,1,1,0
0.6648783881411714,0.8107323468814385,15.0,35.22644765203978,0,1,1,1,0
0.6648783881411714,0.8107323468814385,15.0,35.22644765203978,0,1,1,1,0
0.6585223349444946,0.8032612737026611,16.0,36.82293765803064,0,1,1,1,0
0.6637010676156584,0.808257298049394,15.0,34.79302796439249,0,1,1,1,0
0.6647847376448238,0.8060364434217215,17.0,39.34196797244871,0,1,1,1,0
0.6645974366521286,0.8078158028523266,18.0,42.51398240101835,0,1,1,1,0
0.6662563883017152,0.8100901720493404,17.0,39.88524720919454,0,1,1,1,0
0.6653068842318562,0.8091238735135712,17.0,40.479604870207744,0,1,1,1,0
0.6661200874526743,0.8111902095664694,15.0,35.03230870712042,0,1,1,1,0
0.6653335466325387,0.8104703247480403,16.0,38.14754181964336,0,1,1,1,0
0.6653335466325387,0.8104703247480403,16.0,38.14754181964336,0,1,1,1,0
0.6652668906308324,0.8105236495494055,15.0,34.634228095655786,0,1,1,1,0
0.6636138217885138,0.8077374286780782,13.0,30.478558542852642,0,1,1,1,0
0.6576161744469143,0.8002408171906426,17.0,38.8946419030823,0,1,1,1,0
0.6645171647981163,0.8060230647793862,14.0,32.744172401226706,0,1,1,1,0
0.6603564070318144,0.8053808899472882,17.0,39.71511349024168,0,1,1,1,0
0.6618807657441476,0.8050311950087986,18.0,42.674415568630096,0,1,1,1,0
0.6626806377646244,0.8072708366661334,16.0,37.33196145990461,0,1,1,1,0
0.6656142134696171,0.8097155700639499,14.0,33.0275323263169,0,1,1,1,0
0.6646003306137684,0.8066975950514584,14.0,32.614922961681806,0,1,1,1,0
0.6591378215306446,0.8020403302635757,17.0,39.74103442567551,0,1,1,1,0
0.66472031141684,0.8088705807070868,18.0,42.84213541960402,0,1,1,1,0
0.6607785540383191,0.8030591722239865,13.0,29.5729589461434,0,1,1,1,0
0.6590451995342437,0.8025166719593522,16.0,36.36094442010351,0,1,1,1,0
0.6598258706467661,0.8043161850322854,16.0,37.36582193596371,0,1,1,1,0
0.665200234629126,0.8078974030821735,18.0,42.82661021583381,0,1,1,1,0
0.6645203434117208,0.8076174478750067,14.0,32.108422834829604,0,1,1,1,0
0.666733322668373,0.8086306191009438,16.0,37.53351808007236,0,1,1,1,0
0.6671271819123781,0.8103164271101783,17.0,39.00842085892889,0,1,1,1,0
0.6648009950248757,0.8088017360008468,16.0,37.698914327240935,0,1,1,1,0
0.6648009950248757,0.8088017360008468,16.0,37.698914327240935,0,1,1,1,0
0.6635989662992459,0.8067216918938874,13.0,30.488179591015466,0,1,1,1,0
0.6643109540636042,0.8087653604767681,16.0,36.710939945599804,0,1,1,1,0
0.6639285902642266,0.8087653604767681,16.0,37.38367007549577,0,1,1,1,0
0.6630056431622805,0.8073941247824482,15.0,34.94698580695211,0,1,1,1,0
0.6575709985603978,0.8019369192514069,14.0,32.37025456513913,0,1,1,1,0
0.6585918073550583,0.8026305457400864,15.0,34.1823837508377,0,1,1,1,0
0.663783555719635,0.807842413374822,13.0,30.356637638879878,0,1,1,1,0
0.663783555719635,0.807842413374822,13.0,30.356637638879878,0,1,1,1,0
0.6625046147355097,0.8057460049575444,17.0,40.2664229412401,0,1,1,1,0
0.6602538934694412,0.8034026959822013,19.0,44.984907978171414,0,1,1,1,0
0.6581861012956419,0.8000654364611962,19.0,45.01477464394717,0,1,1,1,0
0.6625573545699066,0.8029507937345077,19.0,44.38624787890563,0,1,1,1,0
0.6617398871367544,0.8027266494383207,17.0,39.72934896786239,0,1,1,1,0
0.6609356046622014,0.804401139180423,15.0,35.21851238919872,0,1,1,1,0
0.6670341932569941,0.8086691995005181,18.0,42.18852821787483,0,1,1,1,0
0.6665733482642777,0.809163867114595,16.0,37.38977091678313,0,1,1,1,0
0.6666933290673492,0.8098837519330241,17.0,39.31963407620613,0,1,1,1,0
0.6666933290673492,0.8098837519330241,17.0,39.31963407620613,0,1,1,1,0
0.6675331946888498,0.8117634511811443,19.0,44.346751379081184,0,1,1,1,0
0.6669332906734923,0.8129499280115181,12.0,28.18160179670923,0,1,1,1,0
0.6636334652886634,0.8137968596402667,18.0,41.36377793623827,0,1,1,1,0
0.6646696245915141,0.8139828369510348,19.0,44.77608711667885,0,1,1,1,0
0.6614401397268974,0.8074653329099185,18.0,41.58355752372361,0,1,1,1,0
0.6638061585058052,0.8105953930763304,16.0,36.896147649180286,0,1,1,1,0
0.6638991471611891,0.8101835861739154,16.0,37.36188104539737,0,1,1,1,0
0.6647227609660193,0.8135178936741146,16.0,36.46778800938948,0,1,1,1,0
0.66993281075028,0.8181757585452994,12.0,27.25502734160243,0,1,1,1,0
0.66993281075028,0.8181757585452994,12.0,27.25502734160243,0,1,1,1,0
0.6688129899216125,0.8171092625179971,17.0,40.21288485852899,0,1,1,1,0
0.6686530155175172,0.8157894736842105,16.0,37.4108526168403,0,1,1,1,0
0.672724586288416,0.8198877068557919,13.0,30.269181894982523,0,1,1,1,0
0.6678264810963579,0.814043086439503,20.0,47.5791717959347,0,1,1,1,0
0.668119767503866,0.8148829520610036,18.0,42.28525080648412,0,1,1,1,0
0.6674132138857782,0.8170426065162907,15.0,34.95932808170537,0,1,1,1,0
0.6709918332258757,0.8190952073930797,16.0,38.1903693506749,0,1,1,1,0
0.6716903073286052,0.8173221577476897,16.0,38.01813743313724,0,1,1,1,0
0.6636201811950371,0.8130928026780733,18.0,41.92039677345938,0,1,1,1,0
0.6636201811950371,0.8130928026780733,18.0,41.92039677345938,0,1,1,1,0
0.6723753492370513,0.8272619815173007,12.0,28.287775508629394,0,1,1,1,0
0.6723753492370513,0.8272619815173007,12.0,28.287775508629394,0,1,1,1,0
0.6733827638082958,0.8248710509348807,18.0,43.24620361916256,0,1,1,1,0
0.6668932970724684,0.8193355729749907,14.0,33.54069503035412,0,1,1,1,0
0.6668932970724684,0.8193355729749907,14.0,33.54069503035412,0,1,1,1,0
0.669450690652104,0.8217020023557126,16.0,36.97686895381872,0,1,1,1,0
0.6692900738837134,0.8214075382803298,17.0,39.43549823712632,0,1,1,1,0
0.6692187835804857,0.8238502041693531,18.0,42.81744152947333,0,1,1,1,0
0.6697883498782543,0.8229202900489658,18.0,42.30480080606275,0,1,1,1,0
0.6697883498782543,0.8229202900489658,18.0,42.30480080606275,0,1,1,1,0
0.6677731562949928,0.8198154961872767,20.0,46.496597324511626,0,1,1,1,0
0.6722275950999356,0.8239039329464861,17.0,40.04076923684549,0,1,1,1,0
0.6722275950999356,0.8239039329464861,17.0,40.04076923684549,0,1,1,1,0
0.6670266090758812,0.8180157841412041,16.0,37.26986256790266,0,1,1,1,0
0.6691026876539244,0.8192793660991541,18.0,41.59052945679092,0,1,1,1,0
0.667670521469108,0.8187038226790877,18.0,42.12839542891319,0,1,1,1,0
0.667670521469108,0.8187038226790877,18.0,42.12839542891319,0,1,1,1,0
0.6676875134321942,0.8203309692671394,20.0,47.20308341838051,0,1,1,1,0
0.6702799269288631,0.8202100795185902,16.0,37.60444299013372,0,1,1,1,0
0.6715156888029229,0.8211503331184182,17.0,39.417938906948635,0,1,1,1,0
0.671367934665807,0.8239039329464861,13.0,29.99781789021223,0,1,1,1,0
0.6601264645713223,0.815948882807726,19.0,43.38939526321594,0,1,1,1,0
0.6601264645713223,0.815948882807726,19.0,43.38939526321594,0,1,1,1,0
0.6653549630581432,0.8238970981903844,15.0,34.958061579724955,0,1,1,1,0
0.6692952658255149,0.8290197347136848,14.0,32.0996332559898,0,1,1,1,0
0.6656001706393644,0.8257745427398283,18.0,41.33454456483634,0,1,1,1,0
0.6656001706393644,0.8257745427398283,18.0,41.33454456483634,0,1,1,1,0
0.663720471391244,0.8256012371353917,17.0,39.32055783020749,0,1,1,1,0
0.6700247152374812,0.827275413711584,16.0,38.786426467919824,0,1,1,1,0
0.666586679464619,0.8247747027142324,16.0,37.71716589731547,0,1,1,1,0
0.6709784010315926,0.828632065334193,13.0,29.759412866690663,0,1,1,1,0
0.6705754352030948,0.825408338706211,13.0,29.72888211386814,0,1,1,1,0
0.6650402602250307,0.8211752786220872,12.0,27.790504884691476,0,1,1,1,0
0.6661334186530156,0.8214685650295953,14.0,31.928577147691275,0,1,1,1,0
0.6688561143348377,0.8257844401461423,13.0,29.821041075198583,0,1,1,1,0
0.6696486137975499,0.8255963894261766,13.0,29.75650835121999,0,1,1,1,0
0.6696486137975499,0.8255963894261766,13.0,29.75650835121999,0,1,1,1,0
0.6699844186546314,0.8267246937459704,17.0,39.11843151947399,0,1,1,1,0
0.6697866371753027,0.8291613842958487,14.0,32.66061724378257,0,1,1,1,0
0.6700501455839534,0.8293432546101586,14.0,32.40146343990818,0,1,1,1,0
0.6697829357403825,0.8278798624543305,17.0,40.34489911372638,0,1,1,1,0
0.6642403882045539,0.8227883538633819,16.0,37.42240624605262,0,1,1,1,0
0.6622540393537034,0.8212952594251587,15.0,34.25346546831322,0,1,1,1,0
0.6622540393537034,0.8212952594251587,15.0,34.25346546831322,0,1,1,1,0
0.6648669546205941,0.8218151762384686,18.0,42.33850732028886,0,1,1,1,0
0.6675666236836449,0.8255829572318935,18.0,42.76821227837528,0,1,1,1,0
0.6679695895121427,0.8266709649688373,15.0,35.25767671712968,0,1,1,1,0
0.667583306373342,0.8271864553003343,14.0,32.795773330981625,0,1,1,1,0
0.6664383193638512,0.8254486352890609,15.0,35.99182919512234,0,1,1,1,0
0.6664383193638512,0.8254486352890609,15.0,35.99182919512234,0,1,1,1,0
0.6623206953554098,0.8208419986135551,16.0,37.64061904476159,0,1,1,1,0
0.6685471738663228,0.8250859660434129,18.0,41.82686558744386,0,1,1,1,0
0.6685471738663228,0.8250859660434129,18.0,41.82686558744386,0,1,1,1,0
0.6695411562432839,0.8251934235976789,14.0,32.52388116311966,0,1,1,1,0
0.6687352245862884,0.8214189770040834,14.0,32.51233111536053,0,1,1,1,0
0.6684800128949066,0.8210428755641521,16.0,38.15063758871825,0,1,1,1,0
0.6681845046206748,0.8186116483988825,18.0,42.981389211039804,0,1,1,1,0
0.6687217923920051,0.8168788953363422,17.0,40.532163877211914,0,1,1,1,0
0.6703736654804271,0.8194489377763399,14.0,33.134523916707245,0,1,1,1,0
0.6703736654804271,0.8194489377763399,14.0,33.134523916707245,0,1,1,1,0
0.6696592257090478,0.817669578345735,18.0,42.53283239554786,0,1,1,1,0
0.6689178259462957,0.8161328588374852,16.0,36.95721574181806,0,1,1,1,0
0.6699150018948622,0.8160900871636619,20.0,47.06000209362508,0,1,1,1,0
0.6682168661706028,0.8165776986951364,19.0,45.10410470261897,0,1,1,1,0
0.6616139994113397,0.8069328124581917,14.0,33.09432964977223,0,1,1,1,0
0.6616139994113397,0.8069328124581917,14.0,33.09432964977223,0,1,1,1,0
0.6605076521089959,0.8055911054231323,17.0,39.18680196591424,0,1,1,1,0
0.661374180131179,0.8058443982296166,20.0,46.632367222215564,0,1,1,1,0
0.6685673743956275,0.814247424847593,18.0,42.032651195164696,0,1,1,1,0
0.6686987597225141,0.8157058019760354,15.0,34.73248844629293,0,1,1,1,0
0.6695659028799663,0.8138664073996216,14.0,33.0093286050837,0,1,1,1,0
0.6650462476350641,0.812775909186462,15.0,34.468009350347025,0,1,1,1,0
0.6690140845070423,0.8157894736842105,17.0,40.445166578012596,0,1,1,1,0
0.663219991591339,0.8072183098591549,16.0,38.228275058964144,0,1,1,1,0
0.6629178053394997,0.8066927685516082,18.0,41.524156089471745,0,1,1,1,0
0.6670681986656782,0.8131552472731124,15.0,35.04492340260513,0,1,1,1,0
0.6657294513348749,0.8136561908766029,17.0,39.71797322184254,0,1,1,1,0
0.6622196139801774,0.8061815336463224,14.0,33.44110043708106,0,1,1,1,0
0.6690233045299817,0.8139958104215763,17.0,39.289295430292235,0,1,1,1,0
0.6680282796543597,0.8156716417910448,18.0,41.850954326351115,0,1,1,1,0
0.6671641791044776,0.8142576590730558,18.0,41.54604579227453,0,1,1,1,0
0.6671641791044776,0.8142576590730558,18.0,41.54604579227453,0,1,1,1,0
0.6716483109181404,0.8163322037488087,12.0,27.225943982477407,0,1,1,1,0
0.6681536587948745,0.8161998305623213,12.0,27.580405274381633,0,1,1,1,0
0.6707349359313778,0.8140421476225775,15.0,34.44838105855462,0,1,1,1,0
0.6707481732500264,0.8146643015990681,17.0,39.944223982742294,0,1,1,1,0
0.6696627131208303,0.8124536693847294,19.0,44.85877037775661,0,1,1,1,0
0.6710327054385079,0.8155902122798161,17.0,39.72182338451745,0,1,1,1,0
0.6687478413347857,0.8146603257259757,18.0,42.06041575455427,0,1,1,1,0
0.667937511623582,0.8136108823294986,17.0,40.065941125667855,0,1,1,1,0
0.6681367730279762,0.8150588485347645,13.0,29.410809712516905,0,1,1,1,0
0.6670681986656782,0.8111431748385047,16.0,37.37151206784126,0,1,1,1,0
0.6701161029782938,0.8144079279470762,15.0,35.47098213290119,0,1,1,1,0
0.6698371370121416,0.8142086665426818,15.0,35.25457782596403,0,1,1,1,0
0.6641396888795459,0.8079540676897204,14.0,32.43580986046176,0,1,1,1,0
0.6641396888795459,0.8079540676897204,14.0,32.43580986046176,0,1,1,1,0
0.6679507957172082,0.8131326549589522,14.0,32.83564740418956,0,1,1,1,0
0.6679507957172082,0.8131326549589522,14.0,32.83564740418956,0,1,1,1,0
0.6731887537345284,0.815114169867691,18.0,42.85034442699993,0,1,1,1,0
0.6739479601670414,0.8195604454438377,17.0,40.42362022629397,0,1,1,1,0
0.6704083530380722,0.814261802917187,16.0,37.35494837376106,0,1,1,1,0
0.6737739586679516,0.8175928900310526,17.0,39.615679168105885,0,1,1,1,0
0.6659183293923856,0.8106618135444619,16.0,37.35994113738376,0,1,1,1,0
0.6765300892833059,0.8206781215439808,15.0,35.39285772470259,0,1,1,1,0
0.672448870328729,0.8168701145732948,16.0,36.917911179558295,0,1,1,1,0
0.672448870328729,0.8168701145732948,16.0,36.917911179558295,0,1,1,1,0
0.6728905664418032,0.8163614948067245,17.0,39.488764153018586,0,1,1,1,0
0.6720473284077524,0.8166158046900096,19.0,45.0220641582088,0,1,1,1,0
0.6718599421779634,0.8172448870328729,14.0,32.259380737419946,0,1,1,1,0
0.6657057838943649,0.8120699274688488,14.0,32.95991124102726,0,1,1,1,0
0.6648688859959085,0.8098514838332581,21.0,49.61780688202399,0,1,1,1,0
0.6724962389856007,0.8168520309477756,17.0,39.330652972493745,0,1,1,1,0
0.6705214691080416,0.8165488810365136,15.0,34.45312222957496,0,1,1,1,0
0.666210579452164,0.811897234251707,16.0,37.422844189447616,0,1,1,1,0
0.666210579452164,0.811897234251707,16.0,37.422844189447616,0,1,1,1,0
0.6747376592782953,0.8186904379483885,15.0,35.495757230059255,0,1,1,1,0
0.6693847294292068,0.8144392671820396,14.0,32.36142195646322,0,1,1,1,0
0.6693847294292068,0.8144392671820396,14.0,32.36142195646322,0,1,1,1,0
0.6712681391378574,0.8171681604780197,20.0,48.41396572061605,0,1,1,1,0
0.6649899396378269,0.8102695118076882,18.0,42.58320912432979,0,1,1,1,0
0.6651079996811817,0.8099976088631473,18.0,41.793869808505235,0,1,1,1,0
0.6700262340721704,0.8139522432808652,18.0,42.52547934136791,0,1,1,1,0
0.6700262340721704,0.8139522432808652,18.0,42.52547934136791,0,1,1,1,0
0.6713245529499946,0.8178873541064354,13.0,30.20859790368355,0,1,1,1,0
0.6750455080843774,0.8185565906413963,16.0,38.78090411951631,0,1,1,1,0
0.6733798928049375,0.8218964863840615,16.0,38.10510599752941,0,1,1,1,0
0.6673956154410366,0.8132215913721442,17.0,39.69168368495988,0,1,1,1,0
0.6672326206840347,0.8110754937382848,16.0,37.19536649997473,0,1,1,1,0
0.6672326206840347,0.8110754937382848,16.0,37.19536649997473,0,1,1,1,0
0.6701608505997819,0.8144083969465649,15.0,34.87248963685316,0,1,1,1,0
0.6706555105810763,0.8142946401890739,13.0,29.946531519747968,0,1,1,1,0
0.6705688776198312,0.8151080301027702,18.0,42.63263793059605,0,1,1,1,0
0.6653683477888425,0.8138719348966699,17.0,38.74662697682797,0,1,1,1,0
0.6653683477888425,0.8138719348966699,17.0,38.74662697682797,0,1,1,1,0
0.6701590371803138,0.8165296582849775,15.0,34.86903237443974,0,1,1,1,0
0.668506877283473,0.8159117773479475,17.0,40.089713645171905,0,1,1,1,0
0.6632805417799819,0.807630779075348,16.0,37.923963304871016,0,1,1,1,0
0.6714840672625031,0.8180435196001196,15.0,35.08750191480855,0,1,1,1,0
0.6664644667313706,0.8118192602178367,13.0,29.894435640393628,0,1,1,1,0
0.6664644667313706,0.8118192602178367,13.0,29.894435640393628,0,1,1,1,0
0.6621892810317609,0.8091001525165227,13.0,30.684369263350426,0,1,1,1,0
0.652180194378776,0.7972550564749147,18.0,42.249557859821884,0,1,1,1,0
0.652180194378776,0.7972550564749147,18.0,42.249557859821884,0,1,1,1,0
0.6549776727081692,0.801799317047544,19.0,44.51764970965708,0,1,1,1,0
0.6527821234876929,0.7981982686691698,19.0,44.19640298358193,0,1,1,1,0
0.6506570713391739,0.7989413850646642,18.0,42.24258471064272,0,1,1,1,0
0.645027695811979,0.7953357146554848,15.0,35.39763524361142,0,1,1,1,0
0.6493126305743984,0.7951432771917154,17.0,39.67969707441968,0,1,1,1,0
0.6440281632233529,0.7901120361804913,13.0,30.048358702227045,0,1,1,1,0
0.6440281632233529,0.7901120361804913,13.0,30.048358702227045,0,1,1,1,0
0.6451471460627789,0.7858966753501329,14.0,32.73153051889041,0,1,1,1,0
0.6533854707960923,0.785478590729578,16.0,37.15079694609762,0,1,1,1,0
0.6638890353884289,0.7939718369284321,13.0,29.937836352164805,0,1,1,1,0
0.6658535942197141,0.7912293655397922,15.0,34.696245947935815,0,1,1,1,0
0.6662095881018933,0.7903723432308423,17.0,38.79200106234476,0,1,1,1,0
0.6655635251305311,0.7914666947945783,20.0,46.825881853152296,0,1,1,1,0
0.6655635251305311,0.7914666947945783,20.0,46.825881853152296,0,1,1,1,0
0.6763839811542992,0.7935539136952564,16.0,37.88828265499734,0,1,1,1,0
0.6763839811542992,0.7935539136952564,16.0,37.88828265499734,0,1,1,1,0
0.6884615384615385,0.7991197183098592,16.0,36.63328060618136,0,1,1,1,0
0.695504421880118,0.8009062124686102,12.0,27.18691434416307,0,1,1,1,0
0.6986434108527132,0.8040452014412054,14.0,32.519554744699875,0,1,1,1,0
0.6986434108527132,0.8040452014412054,14.0,32.519554744699875,0,1,1,1,0
0.6963434452871072,0.799146803900325,20.0,47.43334094356944,0,1,1,1,0
0.7030243476362048,0.7995823779888634,20.0,47.66317863388582,0,1,1,1,0
0.7005575955392357,0.800203998368013,15.0,34.47574691498523,0,1,1,1,0
0.7015095879232967,0.8023935808513531,16.0,38.041416498336574,0,1,1,1,0
0.6973215481451721,0.796451051292353,16.0,38.40316914543347,0,1,1,1,0
0.680161943319838,0.7931805037068195,19.0,44.51690174573212,0,1,1,1,0
0.6740945621542637,0.7908751696065129,19.0,43.28573875893419,0,1,1,1,0
0.6776741505331273,0.7952241230253334,18.0,41.246294271987026,0,1,1,1,0
0.6742511220123161,0.7955328253835716,14.0,31.97473981012247,0,1,1,1,0
0.6742511220123161,0.7955328253835716,14.0,31.97473981012247,0,1,1,1,0
0.6717560217560218,0.7955192955192956,17.0,39.05642625621593,0,1,1,1,0
0.6696347915860111,0.7934572202864886,16.0,36.23038552694568,0,1,1,1,0
0.6649800163968026,0.7907742365238778,15.0,34.03657416789994,0,1,1,1,0
0.6688467492260062,0.7960268317853457,17.0,40.77627908542092,0,1,1,1,0
0.6678147574819402,0.797265221878225,15.0,34.30320004836685,0,1,1,1,0
0.660877443724159,0.7905798580981063,17.0,39.30297533971995,0,1,1,1,0
0.663878356220537,0.7904539864726379,21.0,49.35260662130567,0,1,1,1,0
0.6640785684903332,0.793989099136158,19.0,43.900463167613864,0,1,1,1,0
0.6564383631323278,0.7935094992242936,17.0,39.336793250734786,0,1,1,1,0
0.6564383631323278,0.7935094992242936,17.0,39.336793250734786,0,1,1,1,0
0.656565528116178,0.7934586332307536,15.0,34.25880829752295,0,1,1,1,0
0.6550013988148223,0.7937765456903787,15.0,34.46895230890212,0,1,1,1,0
0.6564366290643663,0.7981471083660865,16.0,36.405431463299976,0,1,1,1,0
0.6582789089512101,0.8002048917915227,12.0,27.231439218665955,0,1,1,1,0
0.6550470378845665,0.7959445715738622,12.0,26.87743570163167,0,1,1,1,0
0.6545003813882533,0.7965547927790491,14.0,31.480065547280773,0,1,1,1,0
0.6496781522150701,0.7902814590432917,11.0,24.818848352076973,0,1,1,1,0
0.6478216028575741,0.790876389797253,18.0,41.683608797377445,0,1,1,1,0
0.6478216028575741,0.790876389797253,18.0,41.683608797377445,0,1,1,1,0
0.6501451470402625,0.7938280954184022,15.0,35.514508419736224,0,1,1,1,0
0.6541062801932367,0.7979405034324942,15.0,34.24631403425492,0,1,1,1,0
0.649400479616307,0.791720307964155,16.0,37.07199428677161,0,1,1,1,0
0.6493121292439732,0.7905969960873407,14.0,32.963834759662795,0,1,1,1,0
0.6525539677713591,0.7943777237255498,16.0,37.30276374430176,0,1,1,1,0
0.6532760717543327,0.7928194993412385,20.0,46.557831660943684,0,1,1,1,0
0.6543478260869565,0.7964912280701755,15.0,34.240628100237586,0,1,1,1,0
0.6543478260869565,0.7964912280701755,15.0,34.240628100237586,0,1,1,1,0
0.653674040172896,0.7960335621662853,16.0,37.39898556197886,0,1,1,1,0
0.6541698449021104,0.7956648868548182,14.0,32.50088551016436,0,1,1,1,0
0.6554538520213578,0.7960589880498348,16.0,36.55603220534309,0,1,1,1,0
0.6538968278098712,0.7935542718151414,16.0,37.21490994202109,0,1,1,1,0
0.653466099118273,0.7925661295226513,17.0,39.199367111179306,0,1,1,1,0
0.6570874381093359,0.7976366698994436,15.0,34.32145429131634,0,1,1,1,0
0.6570874381093359,0.7976366698994436,15.0,34.32145429131634,0,1,1,1,0
0.6538334853552245,0.7931362116144725,15.0,34.53623231793913,0,1,1,1,0
0.6584401000459394,0.8014394364759329,14.0,31.935985018651046,0,1,1,1,0
0.6559389515593895,0.7999208820376703,12.0,27.220523434150962,0,1,1,1,0
0.6546628553927824,0.7965902710428258,18.0,41.82476124834978,0,1,1,1,0
0.6593653250773994,0.7982456140350878,15.0,35.600615734690955,0,1,1,1,0
0.6590041279669763,0.799109907120743,19.0,44.26667064689026,0,1,1,1,0
0.6590041279669763,0.799109907120743,19.0,44.26667064689026,0,1,1,1,0
0.6602434602434603,0.8007770007770008,15.0,34.08075095444295,0,1,1,1,0
0.6602434602434603,0.8007770007770008,15.0,34.08075095444295,0,1,1,1,0
0.6615204678362573,0.803404808317089,13.0,29.766118955493322,0,1,1,1,0
0.6500944311163289,0.7905160532897759,16.0,36.60084022780538,0,1,1,1,0
0.6562177502579979,0.7968395252837978,12.0,26.867430238057203,0,1,1,1,0
0.654797408473879,0.7949274989716166,16.0,36.69803511672225,0,1,1,1,0
0.6509876984329539,0.791077535603083,18.0,41.92343357930723,0,1,1,1,0
0.649929568446664,0.7904853374311691,22.0,51.034177147890325,0,1,1,1,0
0.656974937862469,0.7982472038111019,13.0,29.784889017441188,0,1,1,1,0
0.656974937862469,0.7982472038111019,13.0,29.784889017441188,0,1,1,1,0
0.6570008285004143,0.7973928127589064,13.0,30.56572298330182,0,1,1,1,0
0.6563399835458659,0.7953645619086795,18.0,42.859099653083554,0,1,1,1,0
0.6575722394220846,0.7987229102167183,13.0,29.549589933679044,0,1,1,1,0
0.6575593395252838,0.7981166150670794,13.0,30.276524825264985,0,1,1,1,0
0.6615204678362573,0.8023001949317738,13.0,29.739723498952948,0,1,1,1,0
0.6602988953866147,0.8010526315789473,15.0,34.578660855243086,0,1,1,1,0
0.6591942820012996,0.8015074723846654,16.0,36.32196792218667,0,1,1,1,0
0.6591942820012996,0.8015074723846654,16.0,36.32196792218667,0,1,1,1,0
0.6577517868745939,0.7991163092917479,16.0,37.989123351658,0,1,1,1,0
0.6577517868745939,0.7991163092917479,16.0,37.989123351658,0,1,1,1,0
0.6649148623081774,0.8070080933361362,13.0,29.828662828670915,0,1,1,1,0
0.6649148623081774,0.8070080933361362,13.0,29.828662828670915,0,1,1,1,0
0.6591942820012996,0.799545159194282,18.0,41.81667435467649,0,1,1,1,0
0.6591942820012996,0.799545159194282,18.0,41.81667435467649,0,1,1,1,0
0.6589473684210526,0.8001559454191033,14.0,31.778440401434093,0,1,1,1,0
0.6584365325077399,0.7992518059855521,17.0,39.68856405849548,0,1,1,1,0
0.6646205646205646,0.8055167055167055,15.0,35.38093840908266,0,1,1,1,0
0.6644263144263144,0.8065397565397565,14.0,32.327317574467415,0,1,1,1,0
0.6622420020639835,0.8020768833849329,16.0,37.07027916194823,0,1,1,1,0
0.6621517027863777,0.8020381836945304,16.0,36.970144120645344,0,1,1,1,0
0.6621517027863777,0.8020381836945304,16.0,36.970144120645344,0,1,1,1,0
0.6628702180172769,0.8026532291238173,17.0,40.22687040561933,0,1,1,1,0
0.6672494172494172,0.8122118622118623,11.0,25.201721758261176,0,1,1,1,0
0.6672494172494172,0.8122118622118623,11.0,25.201721758261176,0,1,1,1,0
0.6649443149443149,0.8088966588966588,11.0,25.435426091917943,0,1,1,1,0
0.6633008447043535,0.8042884990253412,17.0,39.49515246358519,0,1,1,1,0
0.6633008447043535,0.8042884990253412,17.0,39.49515246358519,0,1,1,1,0
0.6642625081221573,0.8069135802469136,11.0,25.829220237090976,0,1,1,1,0
0.6630542514345331,0.8075769431403235,12.0,27.578529402552483,0,1,1,1,0
0.6654798192137902,0.8082956695396258,12.0,27.791924355575826,0,1,1,1,0
0.6654798192137902,0.8082956695396258,12.0,27.791924355575826,0,1,1,1,0
0.6618713450292397,0.802949967511371,15.0,35.08689732452924,0,1,1,1,0
0.6595700595700595,0.8027842527842528,19.0,44.497059407447104,0,1,1,1,0
0.6561600164541341,0.7982054709995886,20.0,46.29114440051186,0,1,1,1,0
0.6579334365325077,0.8012125902992776,14.0,32.348785226305736,0,1,1,1,0
0.6591589267285862,0.7998452012383901,17.0,39.56717292714458,0,1,1,1,0
0.6591589267285862,0.7998452012383901,17.0,39.56717292714458,0,1,1,1,0
0.6618233618233619,0.8056980056980056,17.0,39.24867667328472,0,1,1,1,0
0.6641155141155141,0.8062160062160062,16.0,37.423270105559006,0,1,1,1,0
0.6599587203302374,0.8015995872033024,13.0,29.698419202811117,0,1,1,1,0
0.6563076450092232,0.7985883377741341,15.0,34.78561728553535,0,1,1,1,0
0.6552567550262518,0.7968754001792803,14.0,31.89321636507308,0,1,1,1,0
0.6541298501728775,0.7964784223332053,18.0,41.197787719651124,0,1,1,1,0
0.6613777089783281,0.8042440660474717,13.0,29.978664225662726,0,1,1,1,0
0.65576962492314,0.797563537610166,17.0,39.57431813288195,0,1,1,1,0
0.6573298963809913,0.7969220560461436,18.0,41.67792154072043,0,1,1,1,0
0.6573298963809913,0.7969220560461436,18.0,41.67792154072043,0,1,1,1,0
0.6605733756917401,0.7989598278335724,16.0,37.30009564516617,0,1,1,1,0
0.6611199019958144,0.8005461691593079,15.0,35.013581293265254,0,1,1,1,0
0.6632944261620732,0.8074737762237763,15.0,35.20350513621685,0,1,1,1,0
0.6586825583175948,0.7990531366443775,15.0,34.42728520639802,0,1,1,1,0
0.6586825583175948,0.7990531366443775,15.0,34.42728520639802,0,1,1,1,0
0.6613662073220897,0.8041700946112711,13.0,30.07714656216753,0,1,1,1,0
0.6605949197860963,0.8026532291238173,14.0,32.07586644233243,0,1,1,1,0
0.6583196215549156,0.8008407034142329,15.0,34.15492132200026,0,1,1,1,0
0.6519575315195754,0.7964116175795007,13.0,29.709052545267646,0,1,1,1,0
0.6608134512546278,0.8018305224187577,16.0,36.07474059058762,0,1,1,1,0
0.6644709967320261,0.8069469975490197,17.0,39.099642592585404,0,1,1,1,0
0.6644709967320261,0.8069469975490197,17.0,39.099642592585404,0,1,1,1,0
0.6658126665300267,0.8090925394548063,15.0,34.32962283804806,0,1,1,1,0
0.6611561840331647,0.8045092703273227,16.0,37.02471602286331,0,1,1,1,0
0.663564376799671,0.8034502262443439,9.0,20.15723849753142,0,1,1,1,0
0.663564376799671,0.8034502262443439,9.0,20.15723849753142,0,1,1,1,0
0.6616233031674208,0.8054555738379268,12.0,27.406160985701,0,1,1,1,0
0.6606077745783628,0.8040929658576718,15.0,35.178866255536924,0,1,1,1,0
0.6606077745783628,0.8040929658576718,15.0,35.178866255536924,0,1,1,1,0
0.6610191279308927,0.804144385026738,13.0,29.45467331866328,0,1,1,1,0
0.6544545893842671,0.7966123248302347,17.0,39.60297304997334,0,1,1,1,0
0.6544545893842671,0.7966123248302347,17.0,39.60297304997334,0,1,1,1,0
0.6582742075442806,0.8011969782042775,18.0,41.451982330803176,0,1,1,1,0
0.6582486856209484,0.8007886274309632,15.0,34.521081781963034,0,1,1,1,0
0.6582486856209484,0.8007886274309632,15.0,34.521081781963034,0,1,1,1,0
0.6592185187075698,0.8020519626359043,17.0,39.89336031842212,0,1,1,1,0
0.6599076106375377,0.8024475524475524,15.0,34.01993299983989,0,1,1,1,0
0.6599076106375377,0.8024475524475524,15.0,34.01993299983989,0,1,1,1,0
0.6604180491041804,0.803264253994181,16.0,37.29230002727063,0,1,1,1,0
0.6630501851090086,0.8064711024269848,13.0,29.907993490437796,0,1,1,1,0
0.6596523914042163,0.8031749272625185,13.0,29.846269210770267,0,1,1,1,0
0.6653897573015221,0.8066253599341835,12.0,27.392007551878812,0,1,1,1,0
0.6642328259975319,0.8075766145619087,11.0,25.6281003631539,0,1,1,1,0
0.6573158015208932,0.8016607746890816,18.0,42.5846626088312,0,1,1,1,0
0.6583839873852336,0.8006688878150513,17.0,39.1620259094076,0,1,1,1,0
0.6601245469858609,0.8027538155275381,16.0,36.7408876618381,0,1,1,1,0
0.6635827675973661,0.8044127405441274,13.0,30.003898178986816,0,1,1,1,0
0.6635827675973661,0.8044127405441274,13.0,30.003898178986816,0,1,1,1,0
0.6612706325186297,0.8038734454080725,16.0,37.57048341770559,0,1,1,1,0
0.6612706325186297,0.8038734454080725,16.0,37.57048341770559,0,1,1,1,0
0.6649398395721925,0.8090677704648293,13.0,30.033063055952024,0,1,1,1,0
0.657827573885968,0.8018222653259149,17.0,38.81576216570989,0,1,1,1,0
0.6541375291375291,0.7956065673456978,17.0,38.482314468045544,0,1,1,1,0
0.6572022867643306,0.8007503445459649,17.0,39.008974949434716,0,1,1,1,0
0.6626229760196761,0.8067098790735806,15.0,34.56150238783876,0,1,1,1,0
0.6601388641623642,0.802614512067957,15.0,34.10044977410239,0,1,1,1,0
0.6623321933540912,0.8042596090041345,16.0,37.294235722442366,0,1,1,1,0
0.6609157266091573,0.8037108876524935,12.0,28.237617295482114,0,1,1,1,0
0.6604308100658466,0.8044255015057935,15.0,35.48775172780465,0,1,1,1,0
0.6545049153744806,0.7988877064964022,19.0,44.86995339168943,0,1,1,1,0
0.6605711806441733,0.8029324689908631,14.0,32.89148324544704,0,1,1,1,0
0.659401307256034,0.8028306925405021,18.0,41.66802248776723,0,1,1,1,0
0.6656333265013322,0.8096049395367904,14.0,31.66533605913404,0,1,1,1,0
0.6656333265013322,0.8096049395367904,14.0,31.66533605913404,0,1,1,1,0
0.6656333265013322,0.8096049395367904,14.0,31.66533605913404,0,1,1,1,0
0.6563146997929606,0.8004342776347018,15.0,35.14368445230917,0,1,1,1,0
0.6565545624400343,0.8010907438266929,15.0,34.16880750423793,0,1,1,1,0
0.6616521274701798,0.8072051679849437,16.0,37.22040515030234,0,1,1,1,0
0.6622045837374304,0.8078709611556327,15.0,34.9277746323953,0,1,1,1,0
0.6606477464141698,0.8063396457557042,15.0,34.06515919770564,0,1,1,1,0
0.6642842451665981,0.8077822912381736,16.0,36.49158839172718,0,1,1,1,0
0.6641640866873065,0.8089654282765738,12.0,26.74001005886023,0,1,1,1,0
0.6641640866873065,0.8089654282765738,12.0,26.74001005886023,0,1,1,1,0
0.6562603321549378,0.8009613672779063,19.0,43.679734693510575,0,1,1,1,0
0.6582822553981535,0.8015717592003866,15.0,34.641305143453195,0,1,1,1,0
0.6586957623682076,0.8014370437956204,21.0,48.62980334820485,0,1,1,1,0
0.6591773114355232,0.8024001419302514,16.0,36.13201722494458,0,1,1,1,0
0.654238877064964,0.79635400831053,14.0,32.491647391831414,0,1,1,1,0
0.6519340503964046,0.7945387062566278,16.0,37.26321477627324,0,1,1,1,0
0.6519340503964046,0.7945387062566278,16.0,37.26321477627324,0,1,1,1,0
0.6543528573971871,0.7963961443576897,20.0,47.69971252165794,0,1,1,1,0
0.6543528573971871,0.7963961443576897,20.0,47.69971252165794,0,1,1,1,0
0.6659803159803159,0.8082103082103083,12.0,27.087679561871642,0,1,1,1,0
0.6659803159803159,0.8082103082103083,12.0,27.087679561871642,0,1,1,1,0
0.6671717171717172,0.8108780108780109,18.0,41.699103650007956,0,1,1,1,0
0.6671717171717172,0.8108780108780109,18.0,41.699103650007956,0,1,1,1,0
0.6663817663817664,0.8087283087283087,14.0,32.05512619051618,0,1,1,1,0
0.6568325745822631,0.8009995167730614,18.0,41.80041734044169,0,1,1,1,0
0.6579897759352985,0.8022838831099468,13.0,29.25168200861537,0,1,1,1,0
0.659601347557552,0.8015415241692614,15.0,35.548957181350175,0,1,1,1,0
0.6585166658159359,0.8041064774641417,12.0,27.41316402854302,0,1,1,1,0
0.6585166658159359,0.8041064774641417,12.0,27.41316402854302,0,1,1,1,0
0.6569853504160074,0.8006610178143024,12.0,27.64350115182712,0,1,1,1,0
0.6605199129209886,0.8029581252401076,14.0,31.620121257367558,0,1,1,1,0
0.6572533306109949,0.7984661324077382,17.0,39.1571524432854,0,1,1,1,0
0.6571767648409984,0.7986320249093972,19.0,44.47266203853705,0,1,1,1,0
0.6585166658159359,0.8004313205043132,18.0,41.642707809562644,0,1,1,1,0
0.6573937011893216,0.8013245878209382,15.0,33.89263971306927,0,1,1,1,0
0.6585932315859323,0.8004440814659792,14.0,32.33642754424278,0,1,1,1,0
0.6576845799740584,0.8010885322617564,17.0,39.066282739546104,0,1,1,1,0
0.6599586544842019,0.8042851309274667,13.0,28.970037115158497,0,1,1,1,0
0.6599586544842019,0.8042851309274667,13.0,28.970037115158497,0,1,1,1,0
0.6532846715328468,0.7982816301703163,19.0,44.34033410910524,0,1,1,1,0
0.658542187739268,0.803251493032515,15.0,33.967690497661394,0,1,1,1,0
0.6581210760042877,0.8013628707059364,15.0,34.30222507090057,0,1,1,1,0
0.657814812924302,0.8006099739676382,17.0,39.13315042960738,0,1,1,1,0
0.6562857651517078,0.7986978305653755,18.0,42.221125534099535,0,1,1,1,0
0.6533984749785386,0.7947533202040095,17.0,40.11328785465716,0,1,1,1,0
0.6654411764705882,0.8081679350061703,12.0,27.352171416830696,0,1,1,1,0
0.6654411764705882,0.8081679350061703,12.0,27.352171416830696,0,1,1,1,0
0.6587018998448587,0.8033393524759023,17.0,39.43586729822632,0,1,1,1,0
0.6618855596957787,0.8062630799857077,15.0,35.05489442945978,0,1,1,1,0
0.6585943836171938,0.8008034266017843,16.0,36.94762803569924,0,1,1,1,0
0.6562137049941928,0.7986037469070343,14.0,32.249979101067495,0,1,1,1,0
0.6556077362015856,0.800295409786396,15.0,34.7412622757223,0,1,1,1,0
0.6556077362015856,0.800295409786396,15.0,34.7412622757223,0,1,1,1,0
0.6541054385699137,0.7979472807150432,13.0,30.057040255018094,0,1,1,1,0
0.6581154352893483,0.8020294922468836,15.0,34.95746343088293,0,1,1,1,0
0.66233881838297,0.8083115033444391,13.0,29.804863926341408,0,1,1,1,0
0.6557341988727858,0.7997936795491143,18.0,42.120590377988,0,1,1,1,0
0.6557341988727858,0.7997936795491143,18.0,42.120590377988,0,1,1,1,0
0.6521282973621103,0.796050659472422,19.0,44.30251732742739,0,1,1,1,0
0.657470309983897,0.8033036433172303,15.0,34.229270930388196,0,1,1,1,0
0.6572186996779388,0.8030520330112721,18.0,41.348161750685115,0,1,1,1,0
0.6608880778588808,0.8078239051094891,17.0,39.829718506378974,0,1,1,1,0
0.6608880778588808,0.8078239051094891,17.0,39.829718506378974,0,1,1,1,0
0.6565141908212561,0.8020330112721417,19.0,43.71647433124252,0,1,1,1,0
0.6581199818209362,0.8016840882694541,17.0,39.403380517078574,0,1,1,1,0
0.6581199818209362,0.8016840882694541,17.0,39.403380517078574,0,1,1,1,0
0.6572564412238325,0.8020330112721417,17.0,38.90428577260039,0,1,1,1,0
0.6572564412238325,0.8020330112721417,17.0,38.90428577260039,0,1,1,1,0
0.6590680354267311,0.8030142914653784,18.0,40.763367764395916,0,1,1,1,0
0.6594960359541484,0.8033505024491239,16.0,37.339093910308165,0,1,1,1,0
0.6602029995455234,0.8050295409786395,18.0,41.384336951019385,0,1,1,1,0
0.6573948268921095,0.8037942834138486,21.0,49.43082182899338,0,1,1,1,0
0.6607332222390547,0.8046381861334141,16.0,36.68054180498848,0,1,1,1,0
0.6515162869704236,0.7965502597921663,17.0,39.08359182221083,0,1,1,1,0
0.6583977175175478,0.8028455284552846,15.0,34.29003159624603,0,1,1,1,0
0.6585113366661617,0.8034641215977377,15.0,34.449560742825284,0,1,1,1,0
0.6565519323671497,0.8009636674718197,20.0,46.18245856778976,0,1,1,1,0
0.6588774428116952,0.8026056658082109,17.0,39.01684002678459,0,1,1,1,0
0.6596727768519921,0.8023910518608292,15.0,34.70466281064765,0,1,1,1,0
0.6607613544201135,0.805897708840227,16.0,37.08335108112526,0,1,1,1,0
0.656652576489533,0.8004604468599034,20.0,47.0110840343689,0,1,1,1,0
0.6591425541584608,0.800320658486088,14.0,32.9298464283442,0,1,1,1,0
0.6570974094834116,0.7993359591981013,15.0,34.42022296160097,0,1,1,1,0
0.6570974094834116,0.7993359591981013,15.0,34.42022296160097,0,1,1,1,0
0.6614963503649635,0.8059357258718572,14.0,32.23314617011304,0,1,1,1,0
0.6618810244411099,0.8071161524962487,13.0,29.32865873648245,0,1,1,1,0
0.665009283043821,0.808095322871894,14.0,32.37837718844923,0,1,1,1,0
0.660455486542443,0.8042215825884967,16.0,37.076189709059165,0,1,1,1,0
0.657470309983897,0.8033162238325282,18.0,41.748108863618896,0,1,1,1,0
0.6555580716586151,0.8043729871175523,15.0,34.55971631379242,0,1,1,1,0
0.6552687198067633,0.8022594605475041,18.0,41.62007183867207,0,1,1,1,0
0.6637122002085506,0.8074594979526437,15.0,33.997890571774334,0,1,1,1,0
0.6637122002085506,0.8074594979526437,15.0,33.997890571774334,0,1,1,1,0
0.6643988911213409,0.8043566723467026,16.0,36.893703325208065,0,1,1,1,0
0.6649068797069001,0.8055541420720538,21.0,49.16951839853822,0,1,1,1,0
0.6683517156862745,0.8101766748366013,15.0,34.78275537692338,0,1,1,1,0
0.6609134225466342,0.8047445255474452,18.0,41.33168871519324,0,1,1,1,0
0.656237419484702,0.800372383252818,15.0,34.473404139593704,0,1,1,1,0
0.6642971591342608,0.8079554413896589,17.0,40.0068420657582,0,1,1,1,0
0.6642971591342608,0.8079554413896589,17.0,40.0068420657582,0,1,1,1,0
0.6637757827004755,0.8073450494671787,15.0,34.337703649886095,0,1,1,1,0
0.6645769220987309,0.8072433174800987,15.0,34.44996621124445,0,1,1,1,0
0.6622440186536902,0.804161597729116,19.0,43.854818699713995,0,1,1,1,0
0.6641699941504108,0.8066710750527735,14.0,32.33478814110131,0,1,1,1,0
0.6653144790050611,0.8082352043541291,13.0,29.67469040587898,0,1,1,1,0
0.6653144790050611,0.8082352043541291,13.0,29.67469040587898,0,1,1,1,0
0.6640428291665607,0.8096594521732495,14.0,31.890514156395582,0,1,1,1,0
0.6610417355476996,0.8073704824639487,14.0,31.460852871655483,0,1,1,1,0
0.6614203163017032,0.8039841849148418,18.0,41.94361587771461,0,1,1,1,0
0.6636867672117805,0.8075485134413388,13.0,30.61761706589589,0,1,1,1,0
0.664894834558356,0.8075739464381088,18.0,42.14872585708455,0,1,1,1,0
0.6639538136778657,0.8075612299397238,16.0,37.77528411441173,0,1,1,1,0
0.6623642513797401,0.8051578117449579,15.0,34.26731779775556,0,1,1,1,0
0.6624786998652051,0.8067219410463135,17.0,38.786980772461206,0,1,1,1,0
0.6612197665250896,0.8064294615834584,17.0,39.04613008261181,0,1,1,1,0
0.6606602405961495,0.8062387141076833,13.0,29.290849663676962,0,1,1,1,0
0.6650247562656322,0.8088663161655862,15.0,34.19446684338572,0,1,1,1,0
0.6638520816907856,0.8066074925608484,17.0,39.253421199081224,0,1,1,1,0
0.6636994837101655,0.8071415854930186,15.0,34.14283675740679,0,1,1,1,0
0.6635596022279305,0.8058317861593631,15.0,33.85742459200582,0,1,1,1,0
0.6635596022279305,0.8058317861593631,15.0,33.85742459200582,0,1,1,1,0
0.6640046796714056,0.8071924514865587,13.0,29.860758405628573,0,1,1,1,0
0.6633561382537705,0.8056537551819731,14.0,31.896934771503002,0,1,1,1,0
0.6620590554185,0.8069635545156286,13.0,30.28245495917035,0,1,1,1,0
0.6615376789847147,0.805641038683588,12.0,27.151180265213032,0,1,1,1,0
0.6613977975024797,0.805488440702968,14.0,31.67035877608832,0,1,1,1,0
0.6597573692108141,0.8047890332917927,17.0,38.64106986826547,0,1,1,1,0
0.6613596480073247,0.8043821053434727,18.0,41.74128028469838,0,1,1,1,0
0.6615249624863297,0.805552023194893,15.0,34.180175920367844,0,1,1,1,0
0.6635468857295456,0.8061624151173733,12.0,27.218113210515007,0,1,1,1,0
0.6626821638393652,0.805450291207813,16.0,36.46715950308397,0,1,1,1,0
0.6622752358910451,0.8049289147740278,14.0,32.02349801934358,0,1,1,1,0
0.6637630662020906,0.8064040285866884,14.0,31.791934900712203,0,1,1,1,0
0.6637376332053205,0.8061115491238333,16.0,38.127408212461965,0,1,1,1,0
0.662046338920115,0.8047890332917927,13.0,29.97050205895222,0,1,1,1,0
0.6576528808766349,0.8000429227894763,17.0,39.09085947412801,0,1,1,1,0
0.6576528808766349,0.8000429227894763,17.0,39.09085947412801,0,1,1,1,0
0.6629746433022203,0.8047890332917927,15.0,33.88087708488614,0,1,1,1,0
0.6636104682214705,0.8067092245479285,15.0,34.46343257148818,0,1,1,1,0
0.66200818942496,0.8067092245479285,12.0,27.521727253761863,0,1,1,1,0
0.66200818942496,0.8067092245479285,12.0,27.521727253761863,0,1,1,1,0
0.6567313033378781,0.8008130081300813,14.0,32.95816474804999,0,1,1,1,0
0.6577160026258647,0.8026435388577489,15.0,35.123151301093266,0,1,1,1,0
0.658404298459043,0.8021720397404704,22.0,51.48155308500516,0,1,1,1,0
0.6583536090835361,0.8019946269261963,21.0,48.99902298611845,0,1,1,1,0
0.664326706292273,0.8078883992621438,14.0,31.730280334997172,0,1,1,1,0
0.664326706292273,0.8078883992621438,14.0,31.730280334997172,0,1,1,1,0
0.6605076426155294,0.8044965538289377,16.0,36.36615840317571,0,1,1,1,0
0.6596081711273317,0.8056569343065694,17.0,39.76592571020293,0,1,1,1,0
0.6608764210686945,0.8048653322821028,15.0,34.14244728755649,0,1,1,1,0
0.6608764210686945,0.8048653322821028,15.0,34.14244728755649,0,1,1,1,0
0.6605332522303325,0.8034012570965126,17.0,38.79610386155423,0,1,1,1,0
0.6615122459879448,0.8062005646125283,15.0,34.703949803981544,0,1,1,1,0
0.6596461881589619,0.8042503041362531,15.0,34.32997248523455,0,1,1,1,0
0.66218622040235,0.8038988784048424,15.0,34.365240423824716,0,1,1,1,0
0.66218622040235,0.8038988784048424,15.0,34.365240423824716,0,1,1,1,0
0.6566148349436393,0.8002339975845411,20.0,46.139160696414386,0,1,1,1,0
0.6566148349436393,0.8002339975845411,20.0,46.139160696414386,0,1,1,1,0
0.6673626767780283,0.8120772699323632,14.0,31.680402176125245,0,1,1,1,0
0.6673626767780283,0.8120772699323632,14.0,31.680402176125245,0,1,1,1,0
0.6642114162738266,0.8107322197171551,14.0,31.88398245262141,0,1,1,1,0
0.6585365853658537,0.8033012029807473,15.0,34.867917302577204,0,1,1,1,0
0.6602711397058824,0.8047257965686274,17.0,39.7020226032137,0,1,1,1,0
0.6556753732292276,0.7989648770314606,15.0,35.0429148662227,0,1,1,1,0
0.6605349456855913,0.8075425292068047,19.0,44.650900253482725,0,1,1,1,0
0.6698996307660304,0.8167741432211764,15.0,34.92986476787683,0,1,1,1,0
0.6673918673918674,0.8113701113701114,17.0,40.44587058303629,0,1,1,1,0
0.6673918673918674,0.8113701113701114,17.0,40.44587058303629,0,1,1,1,0
0.6706371191135734,0.8157630919403772,18.0,41.84817041095856,0,1,1,1,0
0.666967792615868,0.8092956271275203,16.0,36.835216425929474,0,1,1,1,0
0.666967792615868,0.8092956271275203,16.0,36.835216425929474,0,1,1,1,0
0.673209339137317,0.8168051708217913,14.0,31.584425467067806,0,1,1,1,0
0.6677408412483039,0.8118672372403716,17.0,38.9422108477596,0,1,1,1,0
0.6664413126007592,0.8121587186021114,17.0,39.57084326330444,0,1,1,1,0
0.6664413126007592,0.8121587186021114,17.0,39.57084326330444,0,1,1,1,0
0.6637140637140637,0.8081455581455581,18.0,40.894907112382334,0,1,1,1,0
0.6629113433991483,0.8052910052910053,21.0,49.6563678458887,0,1,1,1,0
0.666070966070966,0.8085081585081585,15.0,34.91439598851066,0,1,1,1,0
0.6630145825267777,0.809936766034327,17.0,39.5872344156993,0,1,1,1,0
0.6645428645428646,0.8111499611499612,13.0,30.130153127032777,0,1,1,1,0
0.663001813001813,0.8063325563325563,21.0,49.614576752992846,0,1,1,1,0
0.6641455490578297,0.8091617933723196,16.0,38.26487686985935,0,1,1,1,0
0.6630536130536131,0.8082750582750583,18.0,42.09629717354232,0,1,1,1,0
0.6641414141414141,0.8085211085211085,15.0,34.74887900865584,0,1,1,1,0
0.6693064398288279,0.8125326166370942,16.0,36.86868176419462,0,1,1,1,0
0.6695151863062311,0.815063667675608,13.0,29.843527179698075,0,1,1,1,0
0.6681221572449643,0.8129044834307992,18.0,41.599681374215244,0,1,1,1,0
0.6664457439896037,0.8123066926575698,17.0,39.10935378013735,0,1,1,1,0
0.6660038986354776,0.8100454840805718,15.0,34.198647589107985,0,1,1,1,0
0.6688369070825211,0.8105782975958414,15.0,34.864277573516155,0,1,1,1,0
0.6658767158767159,0.8098549598549598,16.0,36.991537082283294,0,1,1,1,0
0.66211178527355,0.8069852941176471,16.0,36.83372545836193,0,1,1,1,0
0.6635448916408668,0.8064241486068111,16.0,37.12356984796891,0,1,1,1,0
0.6597593582887701,0.8034887906211435,16.0,36.92975972429032,0,1,1,1,0
0.6597593582887701,0.8034887906211435,16.0,36.92975972429032,0,1,1,1,0
0.6645040145040145,0.8076923076923077,18.0,41.71553578996378,0,1,1,1,0
0.6668609168609169,0.8106837606837607,17.0,39.35856385313468,0,1,1,1,0
0.6668609168609169,0.8106837606837607,17.0,39.35856385313468,0,1,1,1,0
0.6610319827231592,0.804607157548334,19.0,43.99468069361274,0,1,1,1,0
0.6668738668738668,0.807951307951308,17.0,39.07805944335498,0,1,1,1,0
0.6680652680652681,0.8117715617715617,15.0,34.66760356811151,0,1,1,1,0
0.663011620732209,0.8052884615384616,13.0,29.993644271563607,0,1,1,1,0
0.6628187988482106,0.8067024886877828,14.0,31.313958627590623,0,1,1,1,0
0.660507375835843,0.8047445255474452,15.0,35.1331011803842,0,1,1,1,0
0.664390756302521,0.8092718794835008,11.0,24.393660187172674,0,1,1,1,0
0.6587273328416288,0.8036954144306824,14.0,32.66121237255741,0,1,1,1,0
0.6629432260709162,0.8077602992416478,13.0,29.358666439511268,0,1,1,1,0
0.6606983900913045,0.8025000635824919,15.0,34.59973330942104,0,1,1,1,0
0.6650696864111498,0.8074528591924575,17.0,39.61824736967382,0,1,1,1,0
0.666173899629782,0.8101090086384204,14.0,32.99712992022536,0,1,1,1,0
0.6649784039489922,0.8090677704648293,15.0,35.40862661397271,0,1,1,1,0
0.6605711806441733,0.8032897759175132,18.0,41.35237332848961,0,1,1,1,0
0.6626645413410119,0.8063682640888523,14.0,32.065003921163616,0,1,1,1,0
0.663590086384204,0.8078337104072398,15.0,35.27195728955551,0,1,1,1,0
0.6576972964724433,0.8027925430453471,19.0,43.545442274764376,0,1,1,1,0
0.6576972964724433,0.8027925430453471,19.0,43.545442274764376,0,1,1,1,0
0.6620989304812834,0.8083993212669683,16.0,36.563164078479105,0,1,1,1,0
0.6574702669593181,0.8018733091725793,17.0,39.970477874814954,0,1,1,1,0
0.663011620732209,0.8082193541752365,12.0,26.86487293798485,0,1,1,1,0
0.6586187535092645,0.8031876882241846,17.0,39.422767904253156,0,1,1,1,0
0.6601628298708591,0.8052039201674238,12.0,26.78211637062689,0,1,1,1,0
0.660507375835843,0.8043234138124649,14.0,32.263537199641796,0,1,1,1,0
0.6603797662191823,0.8039023020774846,19.0,44.60403748781202,0,1,1,1,0
0.6595375427492216,0.8026644887958757,14.0,32.09772448536712,0,1,1,1,0
0.6640014397367339,0.8081165158371041,12.0,27.26678485009689,0,1,1,1,0
0.6615537746924608,0.8032004491858507,12.0,26.895302806539444,0,1,1,1,0
0.6582742075442806,0.8028431422592006,13.0,29.510543322495142,0,1,1,1,0
0.6593971721708948,0.8053953345924149,16.0,36.48755588926733,0,1,1,1,0
0.6594226940942269,0.8032259711091828,17.0,39.278445199198494,0,1,1,1,0
0.6546569372656329,0.7980135806222762,15.0,34.18319452888252,0,1,1,1,0
0.6536181210094254,0.7976841998581129,16.0,37.44992987101955,0,1,1,1,0
0.6515300712013331,0.7962429934858355,18.0,41.99128214665518,0,1,1,1,0
0.6501161440185831,0.7974801797707418,18.0,41.28601070856111,0,1,1,1,0
0.6524399513529948,0.798989054423837,17.0,39.719739633855,0,1,1,1,0
0.6524399513529948,0.7995844734975169,15.0,34.58903373140302,0,1,1,1,0
0.6525032938076416,0.7982289449680754,14.0,32.13271862503574,0,1,1,1,0
0.6513659546533354,0.7969752057769025,17.0,39.37107648446663,0,1,1,1,0
0.6537828113915071,0.798989054423837,13.0,29.326453042316036,0,1,1,1,0
0.6540995236647411,0.7975575149488193,16.0,36.64024592932632,0,1,1,1,0
0.6540995236647411,0.7975575149488193,16.0,36.64024592932632,0,1,1,1,0
0.6582359246592824,0.8028176203358686,11.0,24.760684855964545,0,1,1,1,0
0.6582359246592824,0.8028176203358686,11.0,24.760684855964545,0,1,1,1,0
0.6585677096626001,0.8040299116941453,11.0,24.6823298209311,0,1,1,1,0
0.6585677096626001,0.8040299116941453,11.0,24.6823298209311,0,1,1,1,0
0.654200871592176,0.800078544643762,16.0,37.18934017101343,0,1,1,1,0
0.6557771052163076,0.8017625066761617,15.0,34.518994533396544,0,1,1,1,0
0.6595120208258894,0.8051656372824256,16.0,36.52949078977489,0,1,1,1,0
0.6565782446145629,0.8029960070195071,18.0,41.43618927844371,0,1,1,1,0
0.6586001678577786,0.8017370736793916,17.0,38.528166586169206,0,1,1,1,0
0.6533101045296167,0.7989572287027218,16.0,37.20526924955169,0,1,1,1,0
0.6523127808917841,0.7990834722011816,16.0,36.00427839852235,0,1,1,1,0
0.6651955090979481,0.8088914698670796,20.0,46.19584321576938,0,1,1,1,0
0.6651955090979481,0.8088914698670796,20.0,46.19584321576938,0,1,1,1,0
0.687289809427214,0.8244408263492233,15.0,34.17182603720183,0,1,1,1,0
0.7097314055255288,0.8384866525830612,20.0,46.310968933124514,0,1,1,1,0
0.7097176877280584,0.8308595571894977,18.0,41.20299729996703,0,1,1,1,0
0.7052750399207092,0.8364352183249821,19.0,42.97788226729399,0,1,1,1,0
0.6557743726861374,0.8107517482517482,14.0,31.73060160381548,0,1,1,1,0
0.6557743726861374,0.8107517482517482,14.0,31.73060160381548,0,1,1,1,0
0.6303808768101568,0.8047386431263638,13.0,29.49810797188469,0,1,1,1,0
0.6318562785161674,0.8042427097798056,16.0,37.62041697066836,0,1,1,1,0
0.6318562785161674,0.8042427097798056,16.0,37.62041697066836,0,1,1,1,0
0.6313603451696091,0.8008083713548899,14.0,31.568682316301388,0,1,1,1,0
0.6306288434834358,0.7982047212854593,16.0,36.52463673415649,0,1,1,1,0
0.6328357468756199,0.7977707796072208,14.0,32.26488709680965,0,1,1,1,0
0.6336540368974409,0.796580539575481,16.0,37.213582722271724,0,1,1,1,0
0.6347822852608609,0.7979071612775243,14.0,31.762716667713907,0,1,1,1,0
0.6340128490239684,0.7986903879416852,18.0,40.80774677229257,0,1,1,1,0
0.6340128490239684,0.7986903879416852,18.0,40.80774677229257,0,1,1,1,0
0.638117437016465,0.8049990081333069,18.0,41.31469818976219,0,1,1,1,0
0.6351790319381075,0.8044906764530847,13.0,29.19003163763578,0,1,1,1,0
0.6369147986510613,0.8038831581035509,18.0,41.5950589317907,0,1,1,1,0
0.6379787496911292,0.807709414381023,15.0,34.930269289607814,0,1,1,1,0
0.6334906352388869,0.8014450584380655,22.0,50.85319432241112,0,1,1,1,0
0.633906303486723,0.803535625213947,19.0,44.623629427123284,0,1,1,1,0
0.635909704330757,0.8092994724573672,14.0,31.750674307108877,0,1,1,1,0
0.6300438596491228,0.8038133528265107,19.0,44.167715713714216,0,1,1,1,0
0.6330641189796119,0.8077908007485473,21.0,48.617686243479575,0,1,1,1,0
0.6330641189796119,0.8077908007485473,21.0,48.617686243479575,0,1,1,1,0
0.6314339370876474,0.8099285873137463,17.0,39.461434046955176,0,1,1,1,0
0.6275765606595995,0.8064021397722811,18.0,41.228775077128944,0,1,1,1,0
0.6282752167060678,0.8111209613869188,11.0,25.391269484987347,0,1,1,1,0
0.6332372931442081,0.8166617415287628,16.0,36.91123754740008,0,1,1,1,0
0.6317849430702788,0.8127699254024342,14.0,32.01202200449585,0,1,1,1,0
0.6317849430702788,0.8127699254024342,14.0,32.01202200449585,0,1,1,1,0
0.6349118400315209,0.8177329590228526,16.0,37.23743941327706,0,1,1,1,0
0.6330649133175729,0.8151349487785658,12.0,27.85839297548731,0,1,1,1,0
0.6354585131180875,0.8187149729702922,16.0,37.062746322853755,0,1,1,1,0
0.6318213159968479,0.8143961780929866,16.0,36.8714836171521,0,1,1,1,0
0.6309840425531915,0.8119212962962963,15.0,34.44877341105107,0,1,1,1,0
0.6349551508562109,0.8138328102992414,17.0,39.97285038752218,0,1,1,1,0
0.6349551508562109,0.8138328102992414,17.0,39.97285038752218,0,1,1,1,0
0.6337196372532061,0.8148088660456152,16.0,36.65587230745915,0,1,1,1,0
0.6317467743524081,0.8137250073869792,16.0,37.45915060546845,0,1,1,1,0
0.6342739535806388,0.8160211267605634,15.0,34.92978455736516,0,1,1,1,0
0.6342739535806388,0.8160211267605634,15.0,34.92978455736516,0,1,1,1,0
0.6361337036302321,0.8161823050981948,17.0,38.673423634663095,0,1,1,1,0
0.6397712516232145,0.8198606532813905,15.0,34.17324202541845,0,1,1,1,0
0.6380953565918479,0.8187801721992733,15.0,34.162264228156126,0,1,1,1,0
0.6397377196038422,0.8284477181107849,18.0,41.560255421707794,0,1,1,1,0
0.6389538645299357,0.8304509032996567,17.0,39.713686676744295,0,1,1,1,0
0.6428714632984989,0.8364158083352129,16.0,37.33228423583388,0,1,1,1,0
0.6428499572456113,0.8361626678738494,15.0,34.588494000241745,0,1,1,1,0
0.6387099190890021,0.8325591848966137,17.0,39.59084299224533,0,1,1,1,0
0.6382104684846669,0.8299245829587454,18.0,42.60713784647719,0,1,1,1,0
0.638610028968135,0.8331834981520327,12.0,27.623135000506824,0,1,1,1,0
0.6390220757167117,0.8328713415243233,17.0,39.27556353255178,0,1,1,1,0
0.6448493536542428,0.8372692520496957,19.0,43.69445159868711,0,1,1,1,0
0.6450002514964036,0.8391429002565264,19.0,44.29925970419362,0,1,1,1,0
0.644547557969921,0.8395830189628288,13.0,30.02988390644035,0,1,1,1,0
0.6418940931759517,0.8373054657544545,20.0,45.98905217429432,0,1,1,1,0
0.6458606764260475,0.841696113074205,17.0,39.163651870409225,0,1,1,1,0
0.6443086363864997,0.8372944016900559,12.0,27.43360483031902,0,1,1,1,0
0.646484080277652,0.8363512901765505,14.0,32.22124915176468,0,1,1,1,0
0.6463960565363915,0.8368920074442936,14.0,32.652683309965276,0,1,1,1,0
0.6439365461243516,0.8349873443099516,17.0,39.470203356249144,0,1,1,1,0
0.6439365461243516,0.8349873443099516,17.0,39.470203356249144,0,1,1,1,0
0.6426584467333283,0.8336465929879959,20.0,46.360861921319795,0,1,1,1,0
0.6441200140837986,0.835747698807907,16.0,37.70507553710456,0,1,1,1,0
0.643197253339348,0.8354384382126657,20.0,46.365189306368826,0,1,1,1,0
0.6439741372829111,0.8409142169761672,21.0,48.21521215142525,0,1,1,1,0
0.6482332155477032,0.8483846542150429,18.0,41.19445664815161,0,1,1,1,0
0.643848833421046,0.8497481392376514,17.0,39.2899793585658,0,1,1,1,0
0.6396989535287407,0.8466498040966126,16.0,36.69432041304979,0,1,1,1,0
0.6330692488262911,0.8412314162754304,20.0,46.98278538568793,0,1,1,1,0
0.6394153549630581,0.8496874150584398,14.0,32.35030380992853,0,1,1,1,0
0.6394153549630581,0.8496874150584398,14.0,32.35030380992853,0,1,1,1,0
0.6399589809483802,0.8478712100620228,15.0,35.46753463446376,0,1,1,1,0
0.6386659115532355,0.8477420466857086,15.0,35.05101641058667,0,1,1,1,0
0.6397247119078106,0.8499704520831282,18.0,42.15575442257111,0,1,1,1,0
0.6412562702315352,0.8504904989003929,15.0,35.30490297046333,0,1,1,1,0
0.6426003074939245,0.8502702970788077,18.0,42.01096085882583,0,1,1,1,0
0.6489110205724058,0.858269201750415,14.0,32.60658978664063,0,1,1,1,0
0.6480339824073378,0.8574668571285367,12.0,27.680264097417243,0,1,1,1,0
0.652829476861167,0.8599723340040242,19.0,43.97557830667853,0,1,1,1,0
0.6554517920242302,0.8623548712771327,15.0,34.43004282285469,0,1,1,1,0
0.6474378183997602,0.8525496953351314,18.0,42.302888385664396,0,1,1,1,0
0.6484242333433223,0.8524997502746978,18.0,42.38482849162724,0,1,1,1,0
0.6530558350100604,0.8522007042253521,17.0,40.03946982166635,0,1,1,1,0
0.6508145363408522,0.8507894736842105,16.0,37.6899734533577,0,1,1,1,0
0.6505973120955699,0.8461423593827775,20.0,46.0568922887965,0,1,1,1,0
0.6500372023809524,0.8441468253968254,18.0,41.543870040403995,0,1,1,1,0
0.6553906700423633,0.8460130850023814,18.0,41.147751350308546,0,1,1,1,0
0.6450676982591876,0.8311759162822993,16.0,36.90761779851053,0,1,1,1,0
0.6521853146853147,0.8302572427572428,13.0,29.686954808074052,0,1,1,1,0
0.6526190476190477,0.8285338345864661,14.0,31.58654734851466,0,1,1,1,0
0.6541480102631182,0.8281933893444685,15.0,34.278562692503215,0,1,1,1,0
0.6541480102631182,0.8281933893444685,15.0,34.278562692503215,0,1,1,1,0
0.6537078029883785,0.8258665794637018,18.0,41.04349613275935,0,1,1,1,0
0.6581073574710903,0.829116800484775,15.0,34.27326136874818,0,1,1,1,0
0.6587764480129273,0.8267560470635762,14.0,31.88817774344091,0,1,1,1,0
0.6587764480129273,0.8267560470635762,14.0,31.88817774344091,0,1,1,1,0
0.6567028985507246,0.8249672906602254,14.0,31.66324897049994,0,1,1,1,0
0.6545516304347826,0.8222750603864735,16.0,36.94821719156651,0,1,1,1,0
0.6549667874396136,0.8210673309178744,18.0,41.739225270459876,0,1,1,1,0
0.6540293866907376,0.8198059274860839,19.0,44.47074976504176,0,1,1,1,0
0.6553629359286294,0.8228659772911597,14.0,32.42175599233995,0,1,1,1,0
0.6535451892109501,0.8208786231884058,13.0,29.54167659163885,0,1,1,1,0
0.6587464517437145,0.8265029399837794,10.0,21.982636882043025,0,1,1,1,0
0.6574538726682887,0.8246401054339011,12.0,27.315606450582443,0,1,1,1,0
0.6572511151662611,0.8250836374695864,14.0,31.444436963173665,0,1,1,1,0
0.6596715328467153,0.829455596107056,14.0,31.42970454264278,0,1,1,1,0
0.656237419484702,0.8248037439613527,13.0,29.944273728659915,0,1,1,1,0
0.6586277173913043,0.8258101851851852,17.0,38.88370648283154,0,1,1,1,0
0.6586277173913043,0.8258101851851852,17.0,38.88370648283154,0,1,1,1,0
0.6532622178119574,0.8262341850657405,16.0,36.231187430898075,0,1,1,1,0
0.6532622178119574,0.8262341850657405,16.0,36.231187430898075,0,1,1,1,0
0.6498988569618094,0.824230459896176,16.0,36.235780762117095,0,1,1,1,0
0.6423679768507354,0.8182662165420787,15.0,34.95641120483265,0,1,1,1,0
0.6452253037123082,0.8196118290499008,13.0,29.41082299428279,0,1,1,1,0
0.646190016879672,0.8211598746081504,14.0,32.42535015380906,0,1,1,1,0
0.6442337730997525,0.8215701823949246,14.0,32.973999874399304,0,1,1,1,0
0.6442337730997525,0.8215701823949246,14.0,32.973999874399304,0,1,1,1,0
0.641849790715373,0.8175537480974124,14.0,32.145679312695286,0,1,1,1,0
0.6403637222484648,0.8171469059990553,19.0,43.65330761346565,0,1,1,1,0
0.6406825696740671,0.8179381199811053,19.0,42.9355621070822,0,1,1,1,0
0.6409876194511133,0.8198465376830014,13.0,29.76869017180801,0,1,1,1,0
0.6398480015012198,0.8170974854569337,16.0,36.20822577438598,0,1,1,1,0
0.6398480015012198,0.8170974854569337,16.0,36.20822577438598,0,1,1,1,0
0.636051241292253,0.8138879798027023,17.0,39.3153969268107,0,1,1,1,0
0.6383782511474638,0.8149699894080263,18.0,42.087671263730044,0,1,1,1,0
0.6385923476617855,0.8159423712801134,15.0,34.99135406918198,0,1,1,1,0
0.6397450532724506,0.8128091704718418,16.0,36.73186000790343,0,1,1,1,0
0.6393169710806698,0.8124762176560122,17.0,38.79163127465347,0,1,1,1,0
0.6426501580611169,0.8167448989366798,16.0,36.45001771235514,0,1,1,1,0
0.6477421228401335,0.8202773341077392,17.0,38.6634772745963,0,1,1,1,0
0.6477421228401335,0.8202773341077392,17.0,38.6634772745963,0,1,1,1,0
0.6468951164028847,0.818075117370892,15.0,34.774153472995664,0,1,1,1,0
0.6518607881845434,0.8211108673929468,14.0,32.43849514822699,0,1,1,1,0
0.6518607881845434,0.8211108673929468,14.0,32.43849514822699,0,1,1,1,0
0.6518163966617575,0.822594501718213,13.0,29.655108302486465,0,1,1,1,0
0.6518163966617575,0.822594501718213,13.0,29.655108302486465,0,1,1,1,0
0.6590796328454478,0.830203423468122,14.0,31.93698253776341,0,1,1,1,0
0.6590796328454478,0.830203423468122,14.0,31.93698253776341,0,1,1,1,0
0.6580377077648226,0.8277722649466633,18.0,40.74822389492486,0,1,1,1,0
0.6570453981642272,0.8263954353758373,14.0,32.46114421279503,0,1,1,1,0
0.6579012651947408,0.8241627387744976,17.0,39.431657818025556,0,1,1,1,0
0.6633308345827087,0.829647676161919,18.0,41.925053850370396,0,1,1,1,0
0.6633308345827087,0.829647676161919,18.0,41.925053850370396,0,1,1,1,0
0.659898288265939,0.8273133217563879,16.0,37.67582392904145,0,1,1,1,0
0.6577418477589063,0.8242478182402532,18.0,41.429166326355194,0,1,1,1,0
0.6595757876457454,0.8262962044157777,18.0,41.40138005249302,0,1,1,1,0
0.6609898288265939,0.8266187050359712,15.0,34.69547445691914,0,1,1,1,0
0.661721657157033,0.8274373604564624,14.0,31.86310767168326,0,1,1,1,0
0.6653173413293353,0.8312968515742128,15.0,35.08293133884994,0,1,1,1,0
0.665567216391804,0.832783608195902,13.0,29.975868331065026,0,1,1,1,0
0.6596949244727929,0.8260896437489184,19.0,44.07482923895632,0,1,1,1,0
0.6662418790604697,0.8347951024487756,12.0,27.13585049737436,0,1,1,1,0
0.6662418790604697,0.8347951024487756,12.0,27.13585049737436,0,1,1,1,0
0.6650231585238309,0.833383136610389,19.0,43.453980255010535,0,1,1,1,0
0.6600286780884571,0.8269920146357141,13.0,29.550132312484465,0,1,1,1,0
0.6600534005785063,0.8276595218670425,16.0,37.60976405936636,0,1,1,1,0
0.6671164417791104,0.8316091954022988,18.0,42.49334721044321,0,1,1,1,0
0.6677161419290355,0.8333083458270865,18.0,42.12307873713611,0,1,1,1,0
0.6695192549710546,0.8327082808960483,13.0,29.73995935689603,0,1,1,1,0
0.6665417291354323,0.8337331334332834,16.0,37.58900525102306,0,1,1,1,0
0.668615692153923,0.8332583708145928,15.0,35.671164122299096,0,1,1,1,0
0.668615692153923,0.8332583708145928,15.0,35.671164122299096,0,1,1,1,0
0.6685907046476761,0.83372063968016,18.0,42.617396351588745,0,1,1,1,0
0.6648722401389233,0.8290622674274374,17.0,40.168073232588306,0,1,1,1,0
0.6621907953089583,0.8268576919286489,16.0,37.18011571450858,0,1,1,1,0
0.6677249863040988,0.8346282185367797,15.0,34.70309216618949,0,1,1,1,0
0.6687210518452115,0.8356367348971563,13.0,29.79656187024897,0,1,1,1,0
0.6668279729998015,0.8323530871550526,20.0,46.07012891574344,0,1,1,1,0
0.6692190846157677,0.8355869316201006,17.0,39.62208981442869,0,1,1,1,0
0.6640708052115009,0.8297485722761997,19.0,43.99837350934687,0,1,1,1,0
0.6699025487256371,0.8330334832583708,17.0,38.87525835723633,0,1,1,1,0
0.6689905047476262,0.8327336331834083,18.0,41.348780916343976,0,1,1,1,0
0.6694277861069465,0.8326586706646677,12.0,28.264415332778917,0,1,1,1,0
0.6663304945465411,0.8306688580108571,18.0,42.05561777540645,0,1,1,1,0
0.6666915683051945,0.8306066039145376,17.0,39.6718706902742,0,1,1,1,0
0.6680409795102449,0.8332458770614692,16.0,37.37644365130819,0,1,1,1,0
0.6680409795102449,0.8332458770614692,16.0,37.37644365130819,0,1,1,1,0
0.6691154422788606,0.8327711144427786,17.0,40.052743318428305,0,1,1,1,0
0.6753964258746539,0.840271834885477,16.0,37.16782423853303,0,1,1,1,0
0.6753964258746539,0.840271834885477,16.0,37.16782423853303,0,1,1,1,0
0.6710019990004997,0.8344202898550724,18.0,43.04868096739769,0,1,1,1,0
0.6730304555751322,0.8389378303548956,14.0,32.61564449389803,0,1,1,1,0
0.6680534732633683,0.8331959020489755,15.0,35.38984045860831,0,1,1,1,0
0.6680534732633683,0.8331959020489755,15.0,35.38984045860831,0,1,1,1,0
0.6681159420289855,0.8317341329335333,19.0,44.37250870824633,0,1,1,1,0
0.6673663168415792,0.8318715642178911,15.0,35.16010906601152,0,1,1,1,0
0.6678910544727636,0.8298475762118941,15.0,34.37036704391295,0,1,1,1,0
0.6674537731134432,0.8309720139930035,16.0,37.390258104475755,0,1,1,1,0
0.6673163418290855,0.8319965017491254,17.0,39.66447211719828,0,1,1,1,0
0.6670039980009995,0.8330209895052474,16.0,37.48416422118804,0,1,1,1,0
0.6731185502139442,0.8366599546941857,14.0,31.44406039591437,0,1,1,1,0
0.6725773974326705,0.8374653913918952,17.0,39.05191748706971,0,1,1,1,0
0.6720110747545935,0.8364460105713567,13.0,30.181301146854704,0,1,1,1,0
0.6720110747545935,0.8364460105713567,13.0,30.181301146854704,0,1,1,1,0
0.6710168638308583,0.8350616662471684,14.0,32.58463434337732,0,1,1,1,0
0.6708155046564309,0.8365089353133652,17.0,39.62405495591456,0,1,1,1,0
0.6665667166416792,0.8292603698150924,14.0,31.99109445216485,0,1,1,1,0
0.6671414292853574,0.831271864067966,14.0,32.44832169687926,0,1,1,1,0
0.6674037981009495,0.8310219890054973,12.0,27.542989219632275,0,1,1,1,0
0.6706644852756104,0.8362698212937327,15.0,35.01041865617895,0,1,1,1,0
0.6713944122829096,0.8360432922225018,14.0,32.124264528977044,0,1,1,1,0
0.6718978102189781,0.8360307072741002,14.0,32.60653208112419,0,1,1,1,0
0.6676627322077793,0.8321878579610539,13.0,29.813093946052202,0,1,1,1,0
0.6676627322077793,0.8321878579610539,13.0,29.813093946052202,0,1,1,1,0
0.6708358149692277,0.8333953742306929,23.0,54.07560935940867,0,1,1,1,0
0.6707117331745086,0.8378995433789954,12.0,27.354507166239983,0,1,1,1,0
0.6707117331745086,0.8378995433789954,12.0,27.354507166239983,0,1,1,1,0
0.6685455759104056,0.8320724863408242,18.0,42.21077706283406,0,1,1,1,0
0.6728920762986205,0.8363215299566712,16.0,37.68877899051478,0,1,1,1,0
0.6765244437755538,0.8430029849248752,14.0,32.19630592494466,0,1,1,1,0
0.6710493550475621,0.837280243039992,15.0,34.232422943712756,0,1,1,1,0
0.669717117386324,0.8339558742965287,15.0,33.8734977073298,0,1,1,1,0
0.6649608148532721,0.8281786941580757,16.0,37.18804074221749,0,1,1,1,0
0.6649608148532721,0.8281786941580757,16.0,37.18804074221749,0,1,1,1,0
0.6780670730177841,0.8433039857526274,18.0,41.85199526679852,0,1,1,1,0
0.6697322554327672,0.8326163811219066,17.0,39.23548233586641,0,1,1,1,0
0.673480239402483,0.8378963248751051,14.0,32.41882665033929,0,1,1,1,0
0.6723538977037548,0.8361215137479058,17.0,38.69171371251479,0,1,1,1,0
0.6723538977037548,0.8361215137479058,17.0,38.69171371251479,0,1,1,1,0
0.6730191189514142,0.8353454222923031,17.0,40.200679128810854,0,1,1,1,0
0.6765840629173467,0.8375500816144829,20.0,46.56492522067743,0,1,1,1,0
0.6709988173844486,0.836515718931704,15.0,34.53518294916151,0,1,1,1,0
0.6709988173844486,0.8353946979402779,15.0,34.79934696014171,0,1,1,1,0
0.6709988173844486,0.8353946979402779,15.0,34.79934696014171,0,1,1,1,0
0.6732057772483622,0.8405921183243994,15.0,35.08783815227099,0,1,1,1,0
0.6679806839459939,0.8353207844683158,16.0,37.92380281918135,0,1,1,1,0
0.6704244851541448,0.8349897401666296,15.0,34.9964932443862,0,1,1,1,0
0.6687074997536218,0.831181630038435,13.0,29.858424306816467,0,1,1,1,0
0.6690524292894452,0.8334113531092934,14.0,32.44649971503086,0,1,1,1,0
0.6650466372115856,0.8276877761413843,17.0,39.905921256876596,0,1,1,1,0
0.6650466372115856,0.8276877761413843,17.0,39.905921256876596,0,1,1,1,0
0.6669705331625111,0.8334729476692618,19.0,44.48266096339057,0,1,1,1,0
0.6639452942765242,0.8301740859871829,19.0,44.485211972919664,0,1,1,1,0
0.6670444466344733,0.833189612693407,15.0,34.927541271495116,0,1,1,1,0
0.6670444466344733,0.833189612693407,15.0,34.927541271495116,0,1,1,1,0
0.6669582142505174,0.8318098945501133,16.0,37.52124601051566,0,1,1,1,0
0.6669582142505174,0.8315142406622648,16.0,37.25308821779362,0,1,1,1,0
0.6669582142505174,0.8315142406622648,16.0,37.25308821779362,0,1,1,1,0
0.670662100456621,0.8352938256898947,18.0,41.91680648737096,0,1,1,1,0
0.6667408341368143,0.8314173403545205,13.0,29.654735385812216,0,1,1,1,0
0.6667408341368143,0.8314173403545205,13.0,29.654735385812216,0,1,1,1,0
0.6675690375534624,0.8313184503943237,16.0,37.035233093104594,0,1,1,1,0
0.672418945166592,0.8350764480302804,17.0,39.70474933754989,0,1,1,1,0
0.6677668174738559,0.8297980172562981,17.0,40.154188129633475,0,1,1,1,0
0.6677668174738559,0.8297980172562981,17.0,40.154188129633475,0,1,1,1,0
0.6722072812391056,0.8356118332586284,17.0,40.21412770666493,0,1,1,1,0
0.672543453359231,0.8348149808257384,15.0,34.74389629611279,0,1,1,1,0
0.672543453359231,0.8348149808257384,15.0,34.74389629611279,0,1,1,1,0
0.669582588842565,0.8337552114353782,16.0,37.54064178331451,0,1,1,1,0
0.6714578542145785,0.8374037596240376,17.0,39.44546084528149,0,1,1,1,0
0.6669405846904727,0.8339683251157927,18.0,42.08846416814637,0,1,1,1,0
0.66514766671647,0.8299716121320783,16.0,37.6595120641938,0,1,1,1,0
0.6692502571048737,0.8344746281385607,16.0,36.85865475078948,0,1,1,1,0
0.6685479218401184,0.8336719592645546,16.0,36.1326637213448,0,1,1,1,0
0.6651601175357339,0.8291872105184521,17.0,39.85541895525538,0,1,1,1,0
0.6675662168915543,0.8309595202398801,16.0,37.522601470684265,0,1,1,1,0
0.669318691169879,0.8343044972359182,16.0,36.83138663745808,0,1,1,1,0
0.669318691169879,0.8343044972359182,16.0,36.83138663745808,0,1,1,1,0
0.6629449049244271,0.8274622135543638,18.0,41.44434466616253,0,1,1,1,0
0.6559029063309886,0.831509163272862,19.0,44.44917046523706,0,1,1,1,0
0.6559029063309886,0.831509163272862,19.0,44.44917046523706,0,1,1,1,0
0.6646708651282522,0.849131194263124,18.0,41.69381296186973,0,1,1,1,0
0.669816826793571,0.8547858489718955,18.0,42.44512995930003,0,1,1,1,0
0.6806953642384106,0.8713134657836644,17.0,39.77376296741599,0,1,1,1,0
0.6797676008202324,0.8814507860560492,20.0,47.40497137639916,0,1,1,1,0
0.6935085898766287,0.8579960797878473,19.0,44.13066424052732,0,1,1,1,0
0.7278802710843374,0.8045306224899599,20.0,46.79894426981677,0,1,1,1,0
0.7278802710843374,0.8045306224899599,20.0,46.79894426981677,0,1,1,1,0
0.6367067617067617,0.788003663003663,18.0,40.602095540526314,0,1,1,1,1
0.633052503052503,0.7884371184371184,22.0,50.179401429658235,0,1,1,1,1
0.63830911817489,0.7904466897755489,17.0,38.21252325172264,0,1,1,1,1
0.636797207267006,0.7911719153329891,14.0,30.952458052412386,0,1,1,1,1
0.6383526383526383,0.7906890406890407,16.0,36.163139018140015,0,1,1,1,1
0.6383526383526383,0.7906890406890407,16.0,36.163139018140015,0,1,1,1,1
0.6496502246732027,0.7992238562091504,16.0,35.29436754308564,0,1,1,1,1
0.6487428013163308,0.7930121349238997,16.0,35.939195976817764,0,1,1,1,1
0.6486483000567508,0.7904607129959242,19.0,43.223916261170956,0,1,1,1,1
0.6500834376303714,0.7947043178973717,15.0,33.75731355461004,0,1,1,1,1
0.6469184027777778,0.7920241013071896,17.0,38.35688560348825,0,1,1,1,1
0.6458798174442191,0.7896551724137931,17.0,39.33880702943041,0,1,1,1,1
0.6458798174442191,0.7896551724137931,17.0,39.33880702943041,0,1,1,1,1
0.6405728342997715,0.7847855009162337,14.0,30.493791020039275,0,1,1,1,1
0.6405728342997715,0.7847855009162337,14.0,30.493791020039275,0,1,1,1,1
0.6353701825557809,0.7838362068965518,16.0,36.558658429489,0,1,1,1,1
0.6368914807302232,0.7837474645030426,20.0,45.86212009668807,0,1,1,1,1
0.6015655013446024,0.7619453515174799,16.0,36.09146830071807,0,1,1,1,1
0.5957745465015837,0.7612534792206546,15.0,32.64455202319685,0,1,1,1,1
0.5990962614784484,0.7631381290432001,16.0,35.53252959201166,0,1,1,1,1
0.5990962614784484,0.7631381290432001,16.0,35.53252959201166,0,1,1,1,1
0.6042426332906278,0.7722109983246279,17.0,38.243920466938,0,1,1,1,1
0.6160145360414178,0.7858049581839904,16.0,35.83048110223517,0,1,1,1,1
0.6316308691308691,0.796565934065934,18.0,40.17434207614754,0,1,1,1,1
0.6405634357762018,0.8001502167060678,17.0,38.25663108197231,0,1,1,1,1
0.6384079236977256,0.7939349474199071,17.0,37.71775027549099,0,1,1,1,1
0.6434692671394799,0.7983525413711584,16.0,34.71049822658716,0,1,1,1,1
0.6497241922773838,0.800815110323089,13.0,28.152395145503476,0,1,1,1,1
0.6470030535855004,0.797798463356974,14.0,30.838089764040564,0,1,1,1,1
0.6470030535855004,0.797798463356974,14.0,30.838089764040564,0,1,1,1,1
0.644565110323089,0.8014061268715524,16.0,35.479476587479006,0,1,1,1,1
0.6446594503756425,0.7991795175958877,17.0,37.69631130139739,0,1,1,1,1
0.6490353618013193,0.8000669543222735,15.0,32.807981126219474,0,1,1,1,1
0.6480204626334519,0.7979438513246342,16.0,36.12285151761053,0,1,1,1,1
0.6446882387706856,0.7958037825059102,18.0,40.84332141735594,0,1,1,1,1
0.6440725965327029,0.7957422182821119,19.0,42.56108497984525,0,1,1,1,1
0.6497150536296443,0.8018440634098997,15.0,33.59859010571746,0,1,1,1,1
0.6425581166272656,0.7968996256895193,19.0,44.130133450446536,0,1,1,1,1
0.6393983859134262,0.7912937148447053,19.0,43.55603943408195,0,1,1,1,1
0.6457591933570581,0.7988458877026493,16.0,34.96617678028327,0,1,1,1,1
0.6423855687814456,0.7933488771628421,20.0,46.25410776017004,0,1,1,1,1
0.6427659835562646,0.796625352804025,17.0,38.512282130114386,0,1,1,1,1
0.6402176571288823,0.7948520420640743,17.0,39.78372906026193,0,1,1,1,1
0.6402176571288823,0.7948520420640743,17.0,39.78372906026193,0,1,1,1,1
0.6334402020790829,0.7884241717672205,19.0,42.91570771308379,0,1,1,1,1
0.6365981902665688,0.792394228417706,15.0,34.84170617621703,0,1,1,1,1
0.6353509415505013,0.7937882122768403,15.0,34.6221518588298,0,1,1,1,1
0.6345122605177205,0.7937161799834251,15.0,35.02402562743244,0,1,1,1,1
0.6313392596910522,0.7892013990090353,12.0,27.518457920488633,0,1,1,1,1
0.6329058583503352,0.7908287185465851,13.0,30.32044315248821,0,1,1,1,1
0.6332337510929759,0.7938283299329641,18.0,42.25236393697681,0,1,1,1,1
0.6339381132808705,0.7924803264354415,17.0,39.99822708461517,0,1,1,1,1
0.6339381132808705,0.7924803264354415,17.0,39.99822708461517,0,1,1,1,1
0.6354439910618868,0.7936704556494705,16.0,37.57521187547836,0,1,1,1,1
0.6354439910618868,0.7936704556494705,16.0,37.57521187547836,0,1,1,1,1
0.6354925677645001,0.7916059457883999,17.0,39.93693759197979,0,1,1,1,1
0.6358447488584474,0.7915452249101331,16.0,37.53445091502188,0,1,1,1,1
0.6356990187506072,0.7929660934615759,14.0,32.98029870480424,0,1,1,1,1
0.6391660552702372,0.7973465394962094,17.0,40.38024659695682,0,1,1,1,1
0.6410858400586941,0.8001345072144779,16.0,37.54576391778135,0,1,1,1,1
0.6413426265590609,0.7978112007825874,15.0,34.22744356640586,0,1,1,1,1
0.6390315480557593,0.7988505747126436,18.0,41.21842529887348,0,1,1,1,1
0.6390315480557593,0.7988505747126436,18.0,41.21842529887348,0,1,1,1,1
0.6404255319148936,0.7978356566397652,18.0,42.13199257449423,0,1,1,1,1
0.6404255319148936,0.7978356566397652,18.0,42.13199257449423,0,1,1,1,1
0.6427855221325507,0.8002567865003668,16.0,36.96753046793034,0,1,1,1,1
0.6412731953754979,0.7974108617507044,16.0,37.46416219605278,0,1,1,1,1
0.6383331302546607,0.7966370171804557,18.0,42.150963512337164,0,1,1,1,1
0.6415121738709522,0.7953071300643787,12.0,28.312136807964574,0,1,1,1,1
0.6465947044871485,0.8012730529067235,14.0,32.59646453886356,0,1,1,1,1
0.6391645287768043,0.7980178130596834,18.0,41.961777371399364,0,1,1,1,1
0.632725174875604,0.7924929689190163,15.0,36.03937325682793,0,1,1,1,1
0.6299702979783462,0.792660726262336,16.0,38.04601225796363,0,1,1,1,1
0.6299702979783462,0.792660726262336,16.0,38.04601225796363,0,1,1,1,1
0.6342429577464789,0.796060144651694,16.0,36.65274024649196,0,1,1,1,1
0.6375957084790623,0.7940022686454297,12.0,27.89262541940128,0,1,1,1,1
0.6352065093262277,0.7945018081461743,17.0,39.956350415335116,0,1,1,1,1
0.6390387737560882,0.7978583707382294,15.0,35.68766739327016,0,1,1,1,1
0.6390387737560882,0.7978583707382294,15.0,35.68766739327016,0,1,1,1,1
0.6332592872672276,0.7954792513470083,16.0,37.16605655499211,0,1,1,1,1
0.6309507042253522,0.7936737089201878,19.0,42.66712193118878,0,1,1,1,1
0.6309507042253522,0.7936737089201878,19.0,42.66712193118878,0,1,1,1,1
0.627953990937609,0.7919600325316603,18.0,40.72474671675916,0,1,1,1,1
0.627953990937609,0.7919600325316603,18.0,40.72474671675916,0,1,1,1,1
0.6283010156971376,0.7905355493998153,17.0,38.38871962270388,0,1,1,1,1
0.6259426847662142,0.7883815530874354,19.0,42.861849350431505,0,1,1,1,1
0.625590318772137,0.7896648805739714,16.0,35.30799700434147,0,1,1,1,1
0.6262941603850695,0.7929343383888838,17.0,38.02133751119942,0,1,1,1,1
0.6292818679578261,0.7945721525860898,14.0,30.454710971980507,0,1,1,1,1
0.6262223221310554,0.790412498595032,17.0,37.770154307504235,0,1,1,1,1
0.6259188490502416,0.78926604473418,14.0,30.525856099038904,0,1,1,1,1
0.6301416353681162,0.7930449341599167,17.0,38.30063069353815,0,1,1,1,1
0.6301416353681162,0.7930449341599167,17.0,38.30063069353815,0,1,1,1,1
0.6287275442327707,0.7907484501561156,15.0,33.18295367199991,0,1,1,1,1
0.6287275442327707,0.7907484501561156,15.0,33.18295367199991,0,1,1,1,1
0.6275510204081632,0.7895493008733426,16.0,35.371239965967845,0,1,1,1,1
0.6275510204081632,0.7895493008733426,16.0,35.371239965967845,0,1,1,1,1
0.6290906606545057,0.7919655667144907,18.0,39.472649769065185,0,1,1,1,1
0.6315615677165175,0.7943453804285941,14.0,30.201430474344313,0,1,1,1,1
0.6331299419534714,0.7949517802458979,19.0,42.807307950916716,0,1,1,1,1
0.6365591645196909,0.7982494479205006,16.0,34.79512532326443,0,1,1,1,1
0.6318006877547767,0.7924551934594977,17.0,38.244200464390595,0,1,1,1,1
0.6318006877547767,0.7924551934594977,17.0,38.244200464390595,0,1,1,1,1
0.6323358611737377,0.7909521532190111,17.0,38.231640622810644,0,1,1,1,1
0.638467357417935,0.7968893269759765,18.0,39.642734950657356,0,1,1,1,1
0.6284673514638671,0.7881352097379972,15.0,33.13236456633331,0,1,1,1,1
0.6344879415180706,0.7936052469768395,20.0,45.06228549860754,0,1,1,1,1
0.6337478080663159,0.7941176470588235,14.0,32.21126482888821,0,1,1,1,1
0.633964154767598,0.794083487053358,14.0,32.69083538716174,0,1,1,1,1
0.6388341280029342,0.7989753346781588,15.0,34.61205232582391,0,1,1,1,1
0.634906045751634,0.794412672476398,15.0,34.80266024034573,0,1,1,1,1
0.639968824500275,0.7993191821015955,13.0,29.98427440588304,0,1,1,1,1
0.639968824500275,0.7993191821015955,13.0,29.98427440588304,0,1,1,1,1
0.6413331505847953,0.7990908260233918,16.0,37.047940228407846,0,1,1,1,1
0.6374370886566009,0.7946983671517387,15.0,35.517254390745826,0,1,1,1,1
0.6401795504385965,0.7972062317251462,16.0,37.690109505800585,0,1,1,1,1
0.6415958516081871,0.7980857090643275,17.0,39.726529863664695,0,1,1,1,1
0.6429093567251462,0.7978572733918129,17.0,39.84983549186509,0,1,1,1,1
0.6416758040935673,0.7988167032163743,17.0,39.920352973984215,0,1,1,1,1
0.6391498729121278,0.7950367647058824,16.0,37.14569049326099,0,1,1,1,1
0.6385598220769789,0.7957856753812637,14.0,33.1269505964188,0,1,1,1,1
0.6419499269005848,0.7985540021929824,16.0,37.935821581917516,0,1,1,1,1
0.6419499269005848,0.7985540021929824,16.0,37.935821581917516,0,1,1,1,1
0.6421098318713451,0.8010667945906432,16.0,35.50180665966003,0,1,1,1,1
0.6422126279239766,0.7993192616959064,14.0,33.142152722021244,0,1,1,1,1
0.6411618238304093,0.7984854714912281,14.0,33.09897352175676,0,1,1,1,1
0.6439487390350878,0.7983141447368421,15.0,35.23802430722988,0,1,1,1,1
0.6428408260233918,0.7978801169590644,16.0,37.7341440116088,0,1,1,1,1
0.644108644005848,0.7968521564327485,18.0,41.60596011387672,0,1,1,1,1
0.644108644005848,0.7968521564327485,18.0,41.60596011387672,0,1,1,1,1
0.6492370248538012,0.8044019554093568,16.0,37.337259551896345,0,1,1,1,1
0.6492370248538012,0.8044019554093568,16.0,37.337259551896345,0,1,1,1,1
0.6473433800764888,0.799501456929521,18.0,42.21814046496794,0,1,1,1,1
0.6431349933283579,0.797532623199222,18.0,42.04153160801013,0,1,1,1,1
0.6488486842105263,0.8045504385964912,17.0,40.149791502283826,0,1,1,1,1
0.6479807867419414,0.8022787288289929,15.0,35.99259109047106,0,1,1,1,1
0.6458262659158243,0.7993758056855961,15.0,34.62798763827207,0,1,1,1,1
0.6460750390121447,0.7989461067010426,15.0,33.129292481632135,0,1,1,1,1
0.6436890788610715,0.7973177737069453,16.0,37.8925793365686,0,1,1,1,1
0.6479921690038244,0.8026088144236022,13.0,28.55405580408714,0,1,1,1,1
0.6478897286468767,0.8013909124021126,16.0,35.65459479626493,0,1,1,1,1
0.6482198142414861,0.8013681478783464,17.0,41.58018085151264,0,1,1,1,1
0.6482994900746676,0.8028706064469131,19.0,44.64939856276148,0,1,1,1,1
0.6494654605263158,0.8044362207602339,13.0,31.209211524360242,0,1,1,1,1
0.6494654605263158,0.8044362207602339,13.0,31.209211524360242,0,1,1,1,1
0.6481062682748538,0.8023346125730995,14.0,32.29938000253196,0,1,1,1,1
0.6481062682748538,0.8023346125730995,14.0,32.29938000253196,0,1,1,1,1
0.6446645787944808,0.7997685185185185,13.0,29.752606366532603,0,1,1,1,1
0.6497167397660819,0.8022775036549707,17.0,40.029146107628165,0,1,1,1,1
0.6452092411038489,0.7984635984023238,16.0,37.26448940231105,0,1,1,1,1
0.646003540305011,0.7990536492374728,17.0,40.55847161813599,0,1,1,1,1
0.6469453522149601,0.7998479484386347,15.0,35.56620203130989,0,1,1,1,1
0.6461624001452433,0.7985430283224401,15.0,35.741963257782885,0,1,1,1,1
0.651030244883041,0.8058411001461988,16.0,37.01304271519946,0,1,1,1,1
0.6511787280701754,0.8037166483918129,10.0,23.152174904454,0,1,1,1,1
0.6544562626077388,0.8068150559325142,12.0,28.148286505985435,0,1,1,1,1
0.6535737208875848,0.8053250504309555,12.0,28.371484264243342,0,1,1,1,1
0.6487554371342032,0.8015303682448589,19.0,45.39519888935424,0,1,1,1,1
0.6485846371068753,0.8029878618113913,14.0,33.8264192963512,0,1,1,1,1
0.6572213120428272,0.810092992131435,16.0,38.5121497569303,0,1,1,1,1
0.6547084173849257,0.8072276728406382,19.0,45.08953467187507,0,1,1,1,1
0.6488579171506,0.8026576484252238,18.0,42.19087219095206,0,1,1,1,1
0.6488579171506,0.8026576484252238,18.0,42.19087219095206,0,1,1,1,1
0.6530808729139923,0.806597285897671,15.0,34.77579315514004,0,1,1,1,1
0.6532298734641482,0.8069182101595452,16.0,37.51623287135688,0,1,1,1,1
0.6493133838901414,0.8029878618113913,18.0,42.1347937370415,0,1,1,1,1
0.6531037960755547,0.8057262057582982,18.0,42.789514372803026,0,1,1,1,1
0.6535049514028974,0.8078007518796992,15.0,35.35140116530673,0,1,1,1,1
0.6568982624547154,0.8089046311465953,16.0,37.997235650978794,0,1,1,1,1
0.660801393728223,0.8100813008130081,17.0,40.758071336038896,0,1,1,1,1
0.6549253524701756,0.8057895101183746,19.0,45.794221223496116,0,1,1,1,1
0.6560675635138565,0.8069432586473452,15.0,35.701310053795616,0,1,1,1,1
0.6571636246163786,0.8082585319703718,14.0,33.73917091315413,0,1,1,1,1
0.6518659453511828,0.8035026590867412,16.0,37.82621472030984,0,1,1,1,1
0.6557445139257447,0.8078662574705218,16.0,37.5580730017739,0,1,1,1,1
0.6560906384844359,0.8076008953088585,15.0,35.83310487004104,0,1,1,1,1
0.6615098722415795,0.8112891986062718,17.0,40.114239903124954,0,1,1,1,1
0.6610801393728223,0.8100813008130081,14.0,33.31250129328888,0,1,1,1,1
0.6613937282229965,0.8121951219512196,16.0,37.768146650618604,0,1,1,1,1
0.6607665505226481,0.8121718931475029,15.0,35.400261125707175,0,1,1,1,1
0.6617073170731708,0.8114169570267131,16.0,37.783833122809426,0,1,1,1,1
0.6599883855981417,0.8103716608594658,16.0,37.96558911143104,0,1,1,1,1
0.6606852497096399,0.8121138211382114,14.0,32.32420307307712,0,1,1,1,1
0.6606852497096399,0.8121138211382114,14.0,32.32420307307712,0,1,1,1,1
0.6595702671312428,0.8107549361207897,14.0,30.766373336230895,0,1,1,1,1
0.6598257839721254,0.8101393728222996,14.0,32.59583219511172,0,1,1,1,1
0.6555137642199507,0.8053856981332349,13.0,30.323744899200754,0,1,1,1,1
0.6555137642199507,0.8053856981332349,13.0,30.323744899200754,0,1,1,1,1
0.6513387126352467,0.8051302035576747,13.0,28.095989629272722,0,1,1,1,1
0.6462731434037029,0.8009724214889208,16.0,35.82136824580375,0,1,1,1,1
0.651098019438841,0.8053708967540804,14.0,32.68048935347862,0,1,1,1,1
0.650685402530717,0.8059439757931414,15.0,34.871190504566265,0,1,1,1,1
0.6500206308454062,0.8052677425270494,17.0,37.73878018815238,0,1,1,1,1
0.6510292499541537,0.8068265175132955,14.0,29.928899882397285,0,1,1,1,1
0.6510292499541537,0.8068265175132955,14.0,29.928899882397285,0,1,1,1,1
0.6516137905739959,0.8055428204657986,17.0,38.613257247209006,0,1,1,1,1
0.6516137905739959,0.8055428204657986,17.0,38.613257247209006,0,1,1,1,1
0.6496882450027508,0.8063451311204841,15.0,32.9595916316808,0,1,1,1,1
0.6509260957271227,0.805508435723455,13.0,28.222353980429986,0,1,1,1,1
0.6516596368971208,0.8048092792958005,16.0,37.532514793312814,0,1,1,1,1
0.6518544837704016,0.8043737392261141,15.0,35.246409814193264,0,1,1,1,1
0.6513960205391528,0.8040528149642399,16.0,37.52375628943972,0,1,1,1,1
0.6513272510544654,0.8038465065101779,15.0,35.791837048232686,0,1,1,1,1
0.6513272510544654,0.8038465065101779,15.0,35.791837048232686,0,1,1,1,1
0.6481862207602339,0.8032026681286549,15.0,32.90940840245328,0,1,1,1,1
0.6481862207602339,0.8032026681286549,15.0,32.90940840245328,0,1,1,1,1
0.6521224245768947,0.8053256070640177,17.0,39.82514643288473,0,1,1,1,1
0.6478207236842105,0.8015693530701754,19.0,43.23704209705582,0,1,1,1,1
0.6502269392994682,0.8054969741426737,14.0,33.530337525678696,0,1,1,1,1
0.6543484782056903,0.8112698156309851,11.0,25.799777149776656,0,1,1,1,1
0.6514533284430589,0.8084655235650101,12.0,28.007971662331457,0,1,1,1,1
0.6511094810196222,0.8053938199156427,12.0,28.157230156339086,0,1,1,1,1
0.6563444631608095,0.8119159148072086,12.0,28.505892625058088,0,1,1,1,1
0.6563444631608095,0.8119159148072086,12.0,28.505892625058088,0,1,1,1,1
0.6502078764619883,0.806001005116959,14.0,32.472044811463746,0,1,1,1,1
0.6487889273356401,0.803121016208341,17.0,40.400790675014804,0,1,1,1,1
0.6502535635964912,0.8055898209064327,16.0,37.44495326040783,0,1,1,1,1
0.6503220942982456,0.8066063596491229,13.0,30.01618449867879,0,1,1,1,1
0.6459581517792302,0.8024918300653595,14.0,32.90617825282479,0,1,1,1,1
0.6468999636891793,0.8017996550472041,15.0,35.788059308092414,0,1,1,1,1
0.6467184095860566,0.8017769607843137,16.0,35.01948109140868,0,1,1,1,1
0.6522637975146199,0.808468110380117,14.0,32.67695432321084,0,1,1,1,1
0.651624177631579,0.8057839912280702,13.0,30.170249379080175,0,1,1,1,1
0.651624177631579,0.8057839912280702,13.0,30.170249379080175,0,1,1,1,1
0.6519896747076024,0.8065035635964912,12.0,28.085813893135594,0,1,1,1,1
0.6532118055555556,0.8078855994152047,14.0,32.05374070143611,0,1,1,1,1
0.6494417211328976,0.8037740559186638,13.0,30.492376082009162,0,1,1,1,1
0.6496459694989106,0.8040804284676834,14.0,32.078461034179846,0,1,1,1,1
0.6501225490196079,0.8034336419753086,17.0,39.09695800819278,0,1,1,1,1
0.6501225490196079,0.8034336419753086,17.0,39.09695800819278,0,1,1,1,1
0.6485226034858388,0.8032634350036311,14.0,32.74381837522775,0,1,1,1,1
0.6491466957153231,0.8042960239651417,16.0,38.186493752370396,0,1,1,1,1
0.6491466957153231,0.8042960239651417,16.0,38.186493752370396,0,1,1,1,1
0.6497821350762527,0.8044208424110385,14.0,33.4204203138633,0,1,1,1,1
0.6493622912127814,0.8050108932461874,13.0,30.92294800764327,0,1,1,1,1
0.6504970043572985,0.8050903231663036,13.0,30.525168169064635,0,1,1,1,1
0.6498502178649237,0.8051243645606391,15.0,35.317286380348065,0,1,1,1,1
0.6497594408133623,0.804852033405955,16.0,37.24479907132992,0,1,1,1,1
0.6498388707334786,0.8040350399419027,14.0,32.461571455666174,0,1,1,1,1
0.6456755050505051,0.8019818722943723,17.0,40.81316909696402,0,1,1,1,1
0.6456755050505051,0.8019818722943723,17.0,40.81316909696402,0,1,1,1,1
0.6499409949164852,0.8044662309368191,13.0,30.5927358425882,0,1,1,1,1
0.6492374727668845,0.8047045206971678,16.0,37.89150400991561,0,1,1,1,1
0.6492374727668845,0.8047045206971678,16.0,37.89150400991561,0,1,1,1,1
0.648204883805374,0.8035698075526507,13.0,30.551407060142754,0,1,1,1,1
0.6434320887445888,0.7973372113997114,14.0,31.382900111314154,0,1,1,1,1
0.6429247835497836,0.797224476911977,15.0,33.50682751959392,0,1,1,1,1
0.6512129934210527,0.8065035635964912,12.0,27.434147586327036,0,1,1,1,1
0.6476148329702252,0.8028662854030502,16.0,35.23788479641618,0,1,1,1,1
0.6474105846042121,0.8032974763979666,14.0,30.484278931535815,0,1,1,1,1
0.6428684163059163,0.8008883477633477,15.0,34.510732474764794,0,1,1,1,1
0.6475694444444444,0.8041825526506899,14.0,32.351071447353135,0,1,1,1,1
0.643612463924964,0.8006854256854257,14.0,30.661666947568154,0,1,1,1,1
0.643612463924964,0.8006854256854257,14.0,30.661666947568154,0,1,1,1,1
0.6433869949494949,0.8005275974025974,12.0,28.060464870356462,0,1,1,1,1
0.6438266594516594,0.8000090187590188,13.0,30.301639155067182,0,1,1,1,1
0.6428684163059163,0.7992875180375181,12.0,27.79698674753847,0,1,1,1,1
0.6434546356421357,0.798757665945166,13.0,30.89958424429906,0,1,1,1,1
0.643060064935065,0.8001893939393939,14.0,32.34669940132467,0,1,1,1,1
0.6419327200577201,0.7995242604617605,13.0,30.64483905971755,0,1,1,1,1
0.6461737472766884,0.8034676833696441,15.0,35.272621014224725,0,1,1,1,1
0.6480460239651417,0.8036265432098766,14.0,32.06913806228148,0,1,1,1,1
0.6477850399419027,0.8044889251997095,12.0,28.084723381507825,0,1,1,1,1
0.6477736928104575,0.8042392883079158,14.0,32.34107343906748,0,1,1,1,1
0.6480346768336964,0.8049541575889615,15.0,34.89917115716479,0,1,1,1,1
0.6485906862745098,0.8052605301379812,15.0,34.83209002356894,0,1,1,1,1
0.6487835875090777,0.8053399600580973,15.0,34.6905885021253,0,1,1,1,1
0.6487835875090777,0.8053399600580973,15.0,34.6905885021253,0,1,1,1,1
0.6501565904139434,0.8060888707334786,16.0,35.75217056769033,0,1,1,1,1
0.6451794733044733,0.801395652958153,15.0,34.132203122583384,0,1,1,1,1
0.6451794733044733,0.801395652958153,15.0,34.132203122583384,0,1,1,1,1
0.6456529581529582,0.8019142316017316,14.0,32.57845562872218,0,1,1,1,1
0.645247113997114,0.8023088023088023,14.0,32.14687885646338,0,1,1,1,1
0.6461940836940837,0.8022749819624819,14.0,32.99035317457344,0,1,1,1,1
0.6462955447330447,0.8024440836940837,13.0,28.50714363305137,0,1,1,1,1
0.6457093253968254,0.8024666305916306,16.0,34.98636290510183,0,1,1,1,1
0.6453936688311688,0.8036277958152959,14.0,32.79639847290812,0,1,1,1,1
0.6465661075036075,0.8033121392496393,15.0,35.01228641150483,0,1,1,1,1
0.6449916865141778,0.8006897946344314,13.0,30.02348927440676,0,1,1,1,1
0.6451489686783805,0.8017907697838493,16.0,37.40926417052931,0,1,1,1,1
0.6437639946260636,0.8003246753246753,16.0,37.2665489102984,0,1,1,1,1
0.6453174852828832,0.8023749606794589,11.0,25.545245981376926,0,1,1,1,1
0.6460252550217949,0.8030265582168696,15.0,34.524322642636534,0,1,1,1,1
0.6460252550217949,0.8030265582168696,15.0,34.524322642636534,0,1,1,1,1
0.643351458230351,0.8026333528063632,12.0,27.983416326821793,0,1,1,1,1
0.6411889834303628,0.8014442454097627,14.0,32.866637355521895,0,1,1,1,1
0.6442165101334651,0.8020266930301533,12.0,28.463111795855227,0,1,1,1,1
0.6420033253943288,0.8027344627690648,11.0,25.304324580447776,0,1,1,1,1
0.644452433379769,0.8036669213139801,15.0,35.5732567872096,0,1,1,1,1
0.6438570080438593,0.802992854895969,14.0,32.642453348968566,0,1,1,1,1
0.6439581180065609,0.8022963195973577,12.0,27.359650472566084,0,1,1,1,1
0.6439581180065609,0.8022963195973577,12.0,27.359650472566084,0,1,1,1,1
0.6460362554112554,0.8038419913419913,12.0,28.2947654900796,0,1,1,1,1
0.6455402236652237,0.8021171536796536,14.0,33.930767733517115,0,1,1,1,1
0.6455402236652237,0.8021171536796536,14.0,33.930767733517115,0,1,1,1,1
0.6457544191919192,0.8037405303030303,13.0,31.019912783149937,0,1,1,1,1
0.6455627705627706,0.8026244588744589,14.0,32.91215689319392,0,1,1,1,1
0.6451118326118326,0.8011025432900433,11.0,25.78748634408347,0,1,1,1,1
0.6432517135642135,0.801170183982684,16.0,37.79993139853981,0,1,1,1,1
0.6438943001443002,0.799512987012987,15.0,35.56334374059749,0,1,1,1,1
0.6456191378066378,0.8004937770562771,15.0,35.27738845766615,0,1,1,1,1
0.6429924242424242,0.8010010822510822,16.0,37.9960151467735,0,1,1,1,1
0.6428233225108225,0.8005839646464646,16.0,37.35949218857462,0,1,1,1,1
0.643364448051948,0.8010123556998557,17.0,39.94039018204759,0,1,1,1,1
0.643364448051948,0.8010123556998557,17.0,39.94039018204759,0,1,1,1,1
0.6478985112563544,0.8059867465504721,16.0,35.448490907166914,0,1,1,1,1
0.642812049062049,0.7993551587301587,12.0,26.034511369534155,0,1,1,1,1
0.643060064935065,0.8001104797979798,15.0,35.31377714868377,0,1,1,1,1
0.6441310425685426,0.8003697691197691,17.0,39.34779105994223,0,1,1,1,1
0.6440521284271284,0.8004261363636364,17.0,37.6829454099082,0,1,1,1,1
0.6449314574314574,0.8005050505050505,14.0,32.860776387928695,0,1,1,1,1
0.6449314574314574,0.8005050505050505,14.0,32.860776387928695,0,1,1,1,1
0.6432855339105339,0.7996031746031746,15.0,35.37071539150814,0,1,1,1,1
0.6453260281385281,0.8008319805194806,19.0,45.5155764975677,0,1,1,1,1
0.6493622912127814,0.8054874727668845,13.0,30.09641838383565,0,1,1,1,1
0.6442325036075036,0.8002232142857143,13.0,29.80550306439234,0,1,1,1,1
0.6438830266955267,0.7995242604617605,14.0,32.86534038282893,0,1,1,1,1
0.6442212301587301,0.7997835497835498,14.0,33.37491343109204,0,1,1,1,1
0.6449878246753247,0.8012152777777778,13.0,30.71014928785147,0,1,1,1,1
0.6442775974025974,0.8008094336219336,15.0,35.90122082826792,0,1,1,1,1
0.6442775974025974,0.8008094336219336,15.0,35.90122082826792,0,1,1,1,1
0.6444466991341992,0.8021284271284271,14.0,33.70603721221074,0,1,1,1,1
0.6437026515151515,0.8023313492063492,15.0,35.2541238752825,0,1,1,1,1
0.6437026515151515,0.8023313492063492,15.0,35.2541238752825,0,1,1,1,1
0.6469113108206246,0.8049995461147422,14.0,32.597104232476326,0,1,1,1,1
0.646003540305011,0.8048293391430646,11.0,25.557077400003973,0,1,1,1,1
0.6451298111837328,0.8031953522149601,12.0,27.860065625285166,0,1,1,1,1
0.6467524509803921,0.8062023420479303,13.0,30.05935677383769,0,1,1,1,1
0.646275871459695,0.8040236928104575,13.0,30.272102378750834,0,1,1,1,1
0.6475013616557734,0.8047272149600581,16.0,38.52204807421479,0,1,1,1,1
0.646275871459695,0.8058165395787945,15.0,35.02589834570203,0,1,1,1,1
0.6471722948438635,0.8050789760348583,13.0,30.273709891424932,0,1,1,1,1
0.647671568627451,0.8052151416122004,12.0,28.043014148022422,0,1,1,1,1
0.647671568627451,0.8052151416122004,12.0,28.043014148022422,0,1,1,1,1
0.6466616739288308,0.8044662309368191,15.0,34.91299690395934,0,1,1,1,1
0.6453681009440814,0.8044321895424836,12.0,25.47309013470567,0,1,1,1,1
0.6469221835075494,0.8046617020792056,14.0,32.277422181848635,0,1,1,1,1
0.6481861037097766,0.8059597822868985,14.0,32.96005811630696,0,1,1,1,1
0.6481861037097766,0.8059597822868985,14.0,32.96005811630696,0,1,1,1,1
0.6499794407894737,0.8082853618421053,14.0,32.85324089384282,0,1,1,1,1
0.6499794407894737,0.8082853618421053,14.0,32.85324089384282,0,1,1,1,1
0.6510530884502924,0.8078627558479532,15.0,34.400926662942574,0,1,1,1,1
0.6494197733918129,0.8066634685672515,15.0,35.170858355376005,0,1,1,1,1
0.6494197733918129,0.8066634685672515,15.0,35.170858355376005,0,1,1,1,1
0.6506990131578947,0.8082054093567251,15.0,35.40666189892492,0,1,1,1,1
0.65132721125731,0.8088678728070176,18.0,42.568919033972335,0,1,1,1,1
0.649968019005848,0.8084909539473685,14.0,32.126647706810246,0,1,1,1,1
0.6448007443718228,0.8049995461147422,12.0,27.88500247570201,0,1,1,1,1
0.6448007443718228,0.8049995461147422,12.0,27.88500247570201,0,1,1,1,1
0.6421130952380952,0.8033797799422799,13.0,30.370321670756073,0,1,1,1,1
0.6421243686868687,0.8026582792207793,13.0,29.65013714877355,0,1,1,1,1
0.6383736559139785,0.7993503584229391,13.0,29.858899439265162,0,1,1,1,1
0.6373655913978494,0.7983086917562724,14.0,32.65570905577386,0,1,1,1,1
0.6368727598566308,0.7980510752688172,14.0,32.43786288023149,0,1,1,1,1
0.6340569999106584,0.7966362905387295,13.0,29.97096619020122,0,1,1,1,1
0.6335247507122507,0.7954282407407407,13.0,30.1475886653759,0,1,1,1,1
0.6351290985437327,0.7974068614312517,14.0,33.19174786745349,0,1,1,1,1
0.6349280800500313,0.795664701152506,13.0,30.455374807473962,0,1,1,1,1
0.6349280800500313,0.795664701152506,13.0,30.455374807473962,0,1,1,1,1
0.6336102921468775,0.7950504779773072,17.0,40.36344686981112,0,1,1,1,1
0.636223532564996,0.7957093719288841,14.0,33.51445793617648,0,1,1,1,1
0.6352742785669615,0.7962007504690432,13.0,30.477267025405705,0,1,1,1,1
0.63507326007326,0.7943134101670687,16.0,38.107722293093246,0,1,1,1,1
0.6344484508547008,0.7939703525641025,18.0,42.74611921270498,0,1,1,1,1
0.6330907229344729,0.7926793981481481,16.0,37.88298646780598,0,1,1,1,1
0.6350509246850711,0.7959550611989636,15.0,35.61829202330668,0,1,1,1,1
0.6343482905982906,0.7948384081196581,16.0,37.47461073932119,0,1,1,1,1
0.6370071684587814,0.7979950716845878,15.0,35.5515585182314,0,1,1,1,1
0.6370071684587814,0.7979950716845878,15.0,35.5515585182314,0,1,1,1,1
0.6379816308243728,0.7987679211469534,16.0,37.616343980217664,0,1,1,1,1
0.6356847862484653,0.7973099676303159,18.0,42.3585701165444,0,1,1,1,1
0.6394402607620546,0.8023041474654378,15.0,34.61335580651094,0,1,1,1,1
0.6371079749103943,0.7995183691756272,14.0,32.76770771282272,0,1,1,1,1
0.6389344722940317,0.8019557154096887,18.0,42.29981942163394,0,1,1,1,1
0.6346935584740463,0.7969043151969981,18.0,42.48285706179273,0,1,1,1,1
0.6343361922630215,0.7960220673635308,14.0,32.706832271857806,0,1,1,1,1
0.6381926492075981,0.7995391705069125,11.0,25.52516630574181,0,1,1,1,1
0.6381926492075981,0.7995391705069125,11.0,25.52516630574181,0,1,1,1,1
0.6338001429464845,0.795407844188332,16.0,37.47273452354263,0,1,1,1,1
0.6341240060752256,0.7971946752434558,14.0,32.82202233025265,0,1,1,1,1
0.6335097829000268,0.7972951844903065,15.0,35.07367582286888,0,1,1,1,1
0.6367495519713262,0.7994959677419354,14.0,32.37959723216749,0,1,1,1,1
0.6350485545261748,0.7960598281058153,16.0,37.01900000635509,0,1,1,1,1
0.6324118589743589,0.7939480947293447,21.0,49.21191291875171,0,1,1,1,1
0.6391030684500394,0.8014386871979319,14.0,32.528063296074684,0,1,1,1,1
0.6329571759259259,0.7938145477207977,12.0,27.661690564749215,0,1,1,1,1
0.6309111880046137,0.7936629402892379,14.0,32.513938822312866,0,1,1,1,1
0.6368839605734767,0.8008848566308244,12.0,27.707050714610563,0,1,1,1,1
0.6383400537634408,0.7976814516129033,17.0,39.8763559689692,0,1,1,1,1
0.6456517792302106,0.8033882534495279,17.0,40.17853598445576,0,1,1,1,1
0.645538307915759,0.8035357661583151,14.0,32.938193765700305,0,1,1,1,1
0.6454021423384169,0.8056690268700073,14.0,32.413812797269365,0,1,1,1,1
0.6433419011544012,0.8007981601731602,15.0,35.44568131350768,0,1,1,1,1
0.641628336940837,0.8010799963924964,14.0,32.464939159571614,0,1,1,1,1
0.641628336940837,0.8010799963924964,14.0,32.464939159571614,0,1,1,1,1
0.640422077922078,0.8021058802308803,13.0,29.77345575620089,0,1,1,1,1
0.6403882575757576,0.803357233044733,15.0,35.00038927532578,0,1,1,1,1
0.6374215949820788,0.798521505376344,12.0,27.43587853143596,0,1,1,1,1
0.6374215949820788,0.798521505376344,12.0,27.43587853143596,0,1,1,1,1
0.6404671717171717,0.8015534812409812,16.0,37.53186149027428,0,1,1,1,1
0.6450957697893972,0.8055442084241103,14.0,32.73716153630518,0,1,1,1,1
0.646343954248366,0.8048747276688453,18.0,42.566305149930585,0,1,1,1,1
0.6443582062454611,0.8052378358750908,16.0,37.37121602698439,0,1,1,1,1
0.6419214466089466,0.8029175685425686,12.0,27.434570624424353,0,1,1,1,1
0.6420454545454546,0.8010687229437229,15.0,35.153640166895144,0,1,1,1,1
0.6401627886002886,0.8016549422799423,15.0,35.292131159302755,0,1,1,1,1
0.647671568627451,0.8058051924473493,11.0,25.067994866200216,0,1,1,1,1
0.6431389790764791,0.802601911976912,15.0,34.72585937001297,0,1,1,1,1
0.6443452380952381,0.8041801948051948,15.0,34.87715200842667,0,1,1,1,1
0.645244128693606,0.806020634417847,14.0,32.39344704255066,0,1,1,1,1
0.6433306277056277,0.8047664141414141,13.0,30.215595332822893,0,1,1,1,1
0.643713924963925,0.8040223665223665,13.0,30.28097071848491,0,1,1,1,1
0.6436350108225108,0.8037968975468975,14.0,32.44117097956113,0,1,1,1,1
0.6393481182795699,0.7996079749103943,16.0,37.26782503178316,0,1,1,1,1
0.6413915945165946,0.8026357323232324,14.0,32.41160596632939,0,1,1,1,1
0.6428458694083694,0.801046176046176,15.0,35.18212509440344,0,1,1,1,1
0.642383658008658,0.8036503427128427,12.0,27.565374387409936,0,1,1,1,1
0.6426654942279942,0.8030979437229437,15.0,34.82212030228496,0,1,1,1,1
0.6428909632034632,0.8044056637806638,13.0,30.56759199269142,0,1,1,1,1
0.6433419011544012,0.8034023268398268,10.0,22.791514185480462,0,1,1,1,1
0.6422280142003325,0.8040601267244866,15.0,34.78978649771996,0,1,1,1,1
0.6399753584229391,0.8016689068100359,15.0,34.89546928615285,0,1,1,1,1
0.6447510822510822,0.8064574314574314,10.0,22.176603850536182,0,1,1,1,1
0.645348575036075,0.8051158910533911,13.0,30.242881562594924,0,1,1,1,1
0.645348575036075,0.8051158910533911,13.0,30.242881562594924,0,1,1,1,1
0.6439619408369408,0.8043042027417028,13.0,30.22295163059698,0,1,1,1,1
0.641418455659211,0.8020456333595594,16.0,37.65569508743981,0,1,1,1,1
0.6442212301587301,0.8061868686868687,15.0,35.18400997104124,0,1,1,1,1
0.6454816960043441,0.8075252273858545,12.0,28.044333716640548,0,1,1,1,1
0.6454816960043441,0.8075252273858545,12.0,28.044333716640548,0,1,1,1,1
0.6378093451264183,0.7993053694273207,13.0,30.511536595005577,0,1,1,1,1
0.6400425627240144,0.801108870967742,13.0,30.261444735338713,0,1,1,1,1
0.6405689964157706,0.8022737455197133,10.0,22.660130695739937,0,1,1,1,1
0.6404793906810036,0.8010752688172043,13.0,29.957394659818284,0,1,1,1,1
0.641084229390681,0.8018705197132616,19.0,44.91362515635865,0,1,1,1,1
0.6459002669804064,0.8062016380831711,15.0,34.56713331950614,0,1,1,1,1
0.6459002669804064,0.8062016380831711,15.0,34.56713331950614,0,1,1,1,1
0.6431953463203464,0.802928841991342,12.0,27.210251358034977,0,1,1,1,1
0.6438266594516594,0.8046424062049062,14.0,32.11196276134769,0,1,1,1,1
0.6449839359247025,0.8083284311507308,15.0,34.58032554596956,0,1,1,1,1
0.6432517135642135,0.8060854076479076,14.0,31.790383181024595,0,1,1,1,1
0.6453006923390199,0.8064844563102402,12.0,27.3057053472625,0,1,1,1,1
0.6365875851661156,0.7966554961272998,12.0,28.117088395717996,0,1,1,1,1
0.6365875851661156,0.7966554961272998,12.0,28.117088395717996,0,1,1,1,1
0.6392074273364795,0.7959356944383187,14.0,32.28785932478971,0,1,1,1,1
0.6429004263423291,0.7906810656394053,15.0,34.89818911939013,0,1,1,1,1
0.6429004263423291,0.7906810656394053,15.0,34.89818911939013,0,1,1,1,1
0.6402546565148192,0.7880909364649202,14.0,32.02943338439275,0,1,1,1,1
0.6379726812167333,0.7869327290994207,11.0,25.241482953079075,0,1,1,1,1
0.6420936034757173,0.7907041768830386,15.0,34.165581547822704,0,1,1,1,1
0.6431060228969636,0.7927370311857511,13.0,30.65577290514605,0,1,1,1,1
0.6425541584608393,0.7911680048477503,13.0,29.91676704327029,0,1,1,1,1
0.6392867896932938,0.7877252978878995,14.0,32.71463870410246,0,1,1,1,1
0.6408336399246868,0.7891553227865907,9.0,20.279163722274166,0,1,1,1,1
0.6407037894691281,0.7884627870236112,11.0,24.973265550568957,0,1,1,1,1
0.6342163923182441,0.7829968278463649,13.0,30.151194218464155,0,1,1,1,1
0.6385720778237064,0.7892743523708529,11.0,25.385650832265213,0,1,1,1,1
0.6353366373060358,0.7879650269439695,14.0,32.34969164761894,0,1,1,1,1
0.6353366373060358,0.7879650269439695,14.0,32.34969164761894,0,1,1,1,1
0.6308784383318545,0.7869695067846864,12.0,27.76185148754908,0,1,1,1,1
0.6308784383318545,0.7869695067846864,12.0,27.76185148754908,0,1,1,1,1
0.6281407578938256,0.787294132923583,11.0,24.8345771562785,0,1,1,1,1
0.632798632568536,0.7930664212302501,10.0,22.338649253422588,0,1,1,1,1
0.632798632568536,0.7930664212302501,10.0,22.338649253422588,0,1,1,1,1
0.6312019566736548,0.7917540181691125,11.0,24.718969407033946,0,1,1,1,1
0.6254448784722222,0.7881944444444444,14.0,32.19617146998703,0,1,1,1,1
0.6254448784722222,0.7881944444444444,14.0,32.19617146998703,0,1,1,1,1
0.6295991935660596,0.7953345166874849,9.0,19.82542322888487,0,1,1,1,1
0.6260482180293501,0.7880634171907757,11.0,24.708121116398246,0,1,1,1,1
0.6260482180293501,0.7880634171907757,11.0,24.708121116398246,0,1,1,1,1
0.63038636263397,0.7925065055352181,13.0,29.476834668345738,0,1,1,1,1
0.6305407312662639,0.7927821638071715,13.0,29.804714652445142,0,1,1,1,1
0.6291403872447404,0.7915582410796983,14.0,31.977915108924805,0,1,1,1,1
0.6271756329113924,0.7899854957805907,15.0,34.15586032580586,0,1,1,1,1
0.6271756329113924,0.7899854957805907,15.0,34.15586032580586,0,1,1,1,1
0.6349950862145984,0.8001764495666934,13.0,29.88157295164512,0,1,1,1,1
0.6350062539086929,0.7995175556151166,14.0,32.67501274270133,0,1,1,1,1
0.6318382565081337,0.7954681639628043,16.0,37.90738918830873,0,1,1,1,1
0.6289477176220807,0.7937676928520877,14.0,32.107021455142366,0,1,1,1,1
0.6296554317055909,0.7919541755130927,14.0,32.461867829649705,0,1,1,1,1
0.6294250731966995,0.7927867979771094,19.0,44.71189972780032,0,1,1,1,1
0.6332975967122308,0.7971053336906996,14.0,33.31891225335596,0,1,1,1,1
0.6334092736531761,0.796881979808809,15.0,35.10728794921104,0,1,1,1,1
0.6284981912603476,0.7906522559311125,15.0,35.64587886671621,0,1,1,1,1
0.6269130396319886,0.7900190198159943,14.0,32.600366339599304,0,1,1,1,1
0.629863068421403,0.7906966421802526,14.0,33.1696651229354,0,1,1,1,1
0.629863068421403,0.7906966421802526,14.0,33.1696651229354,0,1,1,1,1
0.6307396968419183,0.7933598171286536,14.0,33.12081979906412,0,1,1,1,1
0.6280409589525832,0.7905719214437368,13.0,30.805054149065786,0,1,1,1,1
0.6280409589525832,0.7905719214437368,13.0,30.805054149065786,0,1,1,1,1
0.6300314048124558,0.7933253715498938,14.0,32.48750477123668,0,1,1,1,1
0.6292352264685067,0.7919210014154282,14.0,32.38882760150792,0,1,1,1,1
0.6290582979476291,0.7921642781316348,15.0,34.82887390418841,0,1,1,1,1
0.6301198690728945,0.794044143665959,16.0,37.17330225617593,0,1,1,1,1
0.6352052172364673,0.7978320868945868,15.0,35.309971176296926,0,1,1,1,1
0.6365295584045584,0.7981882122507122,14.0,32.193234013806666,0,1,1,1,1
0.6365295584045584,0.7981882122507122,14.0,32.193234013806666,0,1,1,1,1
0.6318117480537863,0.7942431882519462,15.0,35.11654916248721,0,1,1,1,1
0.631468949044586,0.7934580679405521,12.0,27.96759624579471,0,1,1,1,1
0.6299097664543525,0.7938672151450814,11.0,25.176153576506664,0,1,1,1,1
0.6300977530077848,0.7937234607218684,11.0,25.80372165006742,0,1,1,1,1
0.6299650566171267,0.7926176574663836,11.0,25.843456218691365,0,1,1,1,1
0.6308275831564049,0.7911911712668082,13.0,30.205709144442494,0,1,1,1,1
0.6297881280962491,0.7916666666666666,14.0,32.52050352146709,0,1,1,1,1
0.62935686482661,0.791710898796886,14.0,33.00947517627086,0,1,1,1,1
0.6302746815286624,0.7933696036801132,15.0,35.462095543436334,0,1,1,1,1
0.6292573425336164,0.7932590233545648,15.0,35.31011253336483,0,1,1,1,1
0.6311261500353857,0.7934248938428875,14.0,32.490335685243984,0,1,1,1,1
0.6291246461429583,0.7925070771408351,13.0,30.34534269638718,0,1,1,1,1
0.6251478253252157,0.7886097849415269,15.0,35.051570715299995,0,1,1,1,1
0.6238542121344391,0.7890659100829333,14.0,32.338716017687865,0,1,1,1,1
0.6238542121344391,0.7890659100829333,14.0,32.338716017687865,0,1,1,1,1
0.6321766631280963,0.7966980714791224,11.0,25.8908049406365,0,1,1,1,1
0.6301751592356688,0.7951720629865534,14.0,32.48759327634989,0,1,1,1,1
0.6280409589525832,0.7921642781316348,10.0,22.975754425901737,0,1,1,1,1
0.6287044409058741,0.7905719214437368,14.0,32.24808424104041,0,1,1,1,1
0.6319889601139601,0.7958511396011396,16.0,37.20087312925155,0,1,1,1,1
0.6331686253561254,0.7950498575498576,15.0,34.96203302473011,0,1,1,1,1
0.6297991861288039,0.7918878273177636,12.0,27.82548010348995,0,1,1,1,1
0.6297991861288039,0.7918878273177636,12.0,27.82548010348995,0,1,1,1,1
0.6290914720452937,0.7918325371549894,17.0,40.02619431416303,0,1,1,1,1
0.6281378793555639,0.7911753686112887,16.0,36.88613671126522,0,1,1,1,1
0.6300645789101204,0.7913238676574664,13.0,30.248816631263892,0,1,1,1,1
0.6304184359518754,0.7905055732484076,15.0,34.817179634712716,0,1,1,1,1
0.6302746815286624,0.789753627034678,13.0,30.726907177547407,0,1,1,1,1
0.6309823956121727,0.7902070063694268,16.0,37.74223205224879,0,1,1,1,1
0.6291578202406228,0.7921974522292994,13.0,30.330181448385684,0,1,1,1,1
0.6273514416315049,0.7903371132208158,16.0,37.397691132175495,0,1,1,1,1
0.6273514416315049,0.7903371132208158,16.0,37.397691132175495,0,1,1,1,1
0.6310487438075018,0.7946412774239208,15.0,35.21951063704695,0,1,1,1,1
0.6295337933474876,0.7929604564755839,13.0,30.32874376230019,0,1,1,1,1
0.6295337933474876,0.7929604564755839,13.0,30.32874376230019,0,1,1,1,1
0.6288039631988677,0.7933585456475584,16.0,37.64644452229928,0,1,1,1,1
0.6289477176220807,0.7911911712668082,12.0,28.185035102751332,0,1,1,1,1
0.6298102441613588,0.7933917197452229,16.0,37.01014052771451,0,1,1,1,1
0.6298102441613588,0.7933917197452229,16.0,37.01014052771451,0,1,1,1,1
0.630595364472753,0.7933806617126681,16.0,37.46133025402555,0,1,1,1,1
0.6310819179051663,0.7926176574663836,12.0,27.214659874482074,0,1,1,1,1
0.6312367303609342,0.7927392958244869,14.0,32.12717850942043,0,1,1,1,1
0.6312367303609342,0.7927392958244869,14.0,32.12717850942043,0,1,1,1,1
0.637206289645314,0.8006901634950415,12.0,27.929327835629355,0,1,1,1,1
0.6313722008921636,0.7982090148472003,15.0,34.48948901738007,0,1,1,1,1
0.6314357749469215,0.7941657820240623,16.0,37.46402372346206,0,1,1,1,1
0.6274173699015471,0.7906337904360057,14.0,32.06548913598701,0,1,1,1,1
0.6252573255661162,0.793592045902501,18.0,41.606461376828186,0,1,1,1,1
0.6236351327742837,0.7933918588399721,13.0,29.908090751234685,0,1,1,1,1
0.6281315928270043,0.795512482419128,16.0,37.32650278979341,0,1,1,1,1
0.6286590189873418,0.7974683544303798,12.0,27.54162883035884,0,1,1,1,1
0.6305599507735584,0.7954685302390999,16.0,38.45001210253066,0,1,1,1,1
0.6298786919831224,0.794864187763713,12.0,27.752916502465084,0,1,1,1,1
0.6305599507735584,0.7939631680731364,17.0,40.10307602198458,0,1,1,1,1
0.6292540843589856,0.7960010512023127,12.0,27.205398161522098,0,1,1,1,1
0.630098452883263,0.795831135724332,13.0,30.428984737936123,0,1,1,1,1
0.630098452883263,0.795831135724332,13.0,30.428984737936123,0,1,1,1,1
0.6312741736990155,0.7979408403656821,12.0,27.26184094476565,0,1,1,1,1
0.6252965115013819,0.7896237296250354,14.0,33.131315975314514,0,1,1,1,1
0.6328454641350211,0.7991495253164557,13.0,30.08912009889486,0,1,1,1,1
0.6241866335879523,0.7902765989858762,17.0,40.45853903282183,0,1,1,1,1
0.6313950421940928,0.7974683544303798,11.0,24.828514750721265,0,1,1,1,1
0.62910952883263,0.7952927215189873,13.0,30.163128138768464,0,1,1,1,1
0.6330502476999292,0.7988986199575372,13.0,29.656435577289944,0,1,1,1,1
0.6308786040787623,0.794831223628692,15.0,34.96195065491022,0,1,1,1,1
0.6285711146272855,0.794182928973277,16.0,37.71119844378906,0,1,1,1,1
0.6331055378627035,0.7964990268931351,14.0,32.80703159105555,0,1,1,1,1
0.6269436292759845,0.7900004380009636,15.0,34.38118279649152,0,1,1,1,1
0.6306148909985936,0.7943147855133614,13.0,30.05509652176257,0,1,1,1,1
0.6325707630098453,0.7970068565400844,13.0,30.012433595698777,0,1,1,1,1
0.6325707630098453,0.7970068565400844,13.0,30.012433595698777,0,1,1,1,1
0.6295890835102619,0.7970298124557679,13.0,29.82269053929687,0,1,1,1,1
0.6295890835102619,0.7970298124557679,13.0,29.82269053929687,0,1,1,1,1
0.6277547215872523,0.7944028939834439,14.0,32.6497464384945,0,1,1,1,1
0.6277547215872523,0.7944028939834439,14.0,32.6497464384945,0,1,1,1,1
0.6282014164179769,0.7937062937062938,13.0,30.044114087124104,0,1,1,1,1
0.6313093957324727,0.7973372781065089,15.0,34.81217853527416,0,1,1,1,1
0.6373223550642906,0.8037108053237085,11.0,25.327236792570993,0,1,1,1,1
0.6333490227720997,0.8025820333512641,10.0,22.4163992069529,0,1,1,1,1
0.6300164803349517,0.7953877332858225,13.0,30.00000745915612,0,1,1,1,1
0.6295856543642779,0.794757983976564,11.0,25.02945095676365,0,1,1,1,1
0.6300628065425331,0.7977873454803702,16.0,37.370881096271845,0,1,1,1,1
0.6300628065425331,0.7977873454803702,16.0,37.370881096271845,0,1,1,1,1
0.6312057524578886,0.7971215517432699,11.0,25.36367044659918,0,1,1,1,1
0.62972177990092,0.79723991507431,15.0,35.122478424088115,0,1,1,1,1
0.6310947868350385,0.7970771654941299,11.0,25.22667463904545,0,1,1,1,1
0.6300960962293881,0.7987083601500256,13.0,30.773437879108492,0,1,1,1,1
0.6280928858113174,0.7934547699907378,15.0,35.32344886409194,0,1,1,1,1
0.627399593064402,0.7966317232837934,15.0,34.589001647197485,0,1,1,1,1
0.629829778734548,0.7953461017776693,14.0,32.74256834026293,0,1,1,1,1
0.6321433343726337,0.7984054162398111,13.0,30.063227095407402,0,1,1,1,1
0.6317981381675649,0.7981047614805576,13.0,29.92080765684229,0,1,1,1,1
0.6317981381675649,0.7981047614805576,13.0,29.92080765684229,0,1,1,1,1
0.6327438587053972,0.799354491662184,12.0,27.889473668053917,0,1,1,1,1
0.6345481441635288,0.8014389456697149,10.0,23.461493276284493,0,1,1,1,1
0.6267338378570319,0.7955569364610844,11.0,25.38676775036057,0,1,1,1,1
0.6309184446127122,0.7963231036479445,12.0,27.941309813182414,0,1,1,1,1
0.6346490048413125,0.800990675990676,10.0,22.722664002024867,0,1,1,1,1
0.6257663299960305,0.7898050544700745,13.0,29.636999704569476,0,1,1,1,1
0.6295079784282829,0.794547149293149,14.0,32.640507287282766,0,1,1,1,1
0.6313167180807386,0.7952018464679642,14.0,32.240996083000724,0,1,1,1,1
0.6313167180807386,0.7952018464679642,14.0,32.240996083000724,0,1,1,1,1
0.6287645087551876,0.7935373621252136,17.0,39.41955829155607,0,1,1,1,1
0.6293526265562929,0.7954903570873744,15.0,34.968408056586775,0,1,1,1,1
0.6291528884351628,0.7956235158347944,14.0,32.44364827472615,0,1,1,1,1
0.627022348476442,0.7938924521183337,14.0,32.48224820471868,0,1,1,1,1
0.6312985794693112,0.7964017689627446,13.0,29.9613799702811,0,1,1,1,1
0.6345033171956249,0.7986484669176976,10.0,22.93132199529551,0,1,1,1,1
0.6345033171956249,0.7986484669176976,10.0,22.93132199529551,0,1,1,1,1
0.6342119419042496,0.7985476062399139,9.0,20.308638189466585,0,1,1,1,1
0.632895559724828,0.7961002412221925,15.0,34.800915358392714,0,1,1,1,1
0.632895559724828,0.7961002412221925,15.0,34.800915358392714,0,1,1,1,1
0.6319463057267936,0.7956758688466006,14.0,31.99984796929761,0,1,1,1,1
0.6288088950043277,0.7910073459242327,14.0,32.17822035142684,0,1,1,1,1
0.6300295168556781,0.7902083934397124,12.0,27.424124914519346,0,1,1,1,1
0.6313527237094116,0.7947864237673155,15.0,34.62040578953046,0,1,1,1,1
0.6319763039508263,0.7940626252728163,12.0,27.371521874566564,0,1,1,1,1
0.6351645149722073,0.7994217321140398,16.0,37.18374072252225,0,1,1,1,1
0.6318937393195588,0.7906522559311125,16.0,37.049946904204894,0,1,1,1,1
0.6318937393195588,0.7906522559311125,16.0,37.049946904204894,0,1,1,1,1
0.6284126494067834,0.7882834208088917,15.0,34.41510694451114,0,1,1,1,1
0.6319492221309838,0.794547149293149,15.0,34.41164669812005,0,1,1,1,1
0.6276628589070701,0.7913597671238919,14.0,32.411837124523984,0,1,1,1,1
0.6270343580470162,0.7906651082785692,17.0,39.826282107086804,0,1,1,1,1
0.6323005698005698,0.7947493767806267,15.0,34.17859850116727,0,1,1,1,1
0.6275856745909231,0.789518369867243,14.0,32.85358955169706,0,1,1,1,1
0.632526243369804,0.7970105861204199,14.0,31.944632443616936,0,1,1,1,1
0.6299673620606007,0.7934106646672253,11.0,25.098941951397133,0,1,1,1,1
0.6315110483835399,0.7951197459533366,12.0,27.801681484693216,0,1,1,1,1
0.6233888408304499,0.7870891003460208,13.0,29.87301288398406,0,1,1,1,1
0.6253626770401255,0.7912592146833158,16.0,36.638408930344696,0,1,1,1,1
0.6321909167367535,0.7978973927670311,20.0,46.39103844658522,0,1,1,1,1
0.6321909167367535,0.7978973927670311,20.0,46.39103844658522,0,1,1,1,1
0.6321909167367535,0.7978973927670311,20.0,46.39103844658522,0,1,1,1,1
0.6109206471494607,0.799942218798151,23.0,52.570467942265864,0,1,1,1,1
0.594240464610835,0.792368125701459,23.0,52.57068079679357,0,1,1,1,1
0.5755102040816327,0.7923842707814833,31.0,70.38408925458684,0,1,1,1,1
0.5635161269175298,0.7891782483283073,17.0,38.31390894365048,0,1,1,1,1
0.5842043452730475,0.6914856136230182,18.0,42.19651419653882,0,1,1,1,0
0.5890828402366864,0.6960798816568048,17.0,39.578180921385915,0,1,1,1,0
0.5890828402366864,0.6960798816568048,17.0,39.578180921385915,0,1,1,1,0
0.5894526627218935,0.6972041420118343,17.0,39.887197485427244,0,1,1,1,0
0.5849273482861269,0.693507029384892,19.0,44.537505229828795,0,1,1,1,0
0.588045738045738,0.6974606474606475,14.0,33.14424089580654,0,1,1,1,0
0.5831736862271213,0.6941996522149194,18.0,41.99267212705993,0,1,1,1,0
0.5777680652680652,0.6871212121212121,18.0,42.68718742693532,0,1,1,1,0
0.5740601503759398,0.6851648351648352,17.0,40.83866149611944,0,1,1,1,0
0.572541931752458,0.6848901098901099,17.0,38.861617777424016,0,1,1,1,0
0.572541931752458,0.6848901098901099,17.0,38.861617777424016,0,1,1,1,0
0.5713562753036437,0.6837333718912666,17.0,39.57760669832726,0,1,1,1,0
0.58009417683016,0.6897429148021409,20.0,47.08362501113813,0,1,1,1,0
0.57179005205321,0.6812608444187391,16.0,37.133780327380045,0,1,1,1,0
0.5737522019964768,0.6878156194950088,19.0,44.00695879694111,0,1,1,1,0
0.5737522019964768,0.6878156194950088,19.0,44.00695879694111,0,1,1,1,0
0.5712970388190918,0.6924619085805934,14.0,32.93907076299729,0,1,1,1,0
0.5712970388190918,0.6924619085805934,14.0,32.93907076299729,0,1,1,1,0
0.5744124541684198,0.697466490352828,15.0,34.440431358109386,0,1,1,1,0
0.5743859013820991,0.7009475526585792,16.0,37.01475711946088,0,1,1,1,0
0.6024169655387495,0.7257913612973648,18.0,42.32935354911559,0,1,1,1,0
0.6024169655387495,0.7257913612973648,18.0,42.32935354911559,0,1,1,1,0
0.6224310776942356,0.7407894736842106,20.0,47.20064668864615,0,1,1,1,0
0.6218231529236314,0.7444075063692288,20.0,47.4212692638651,0,1,1,1,0
0.6462090454159192,0.762597173700941,19.0,45.64029567684244,0,1,1,1,0
0.6462090454159192,0.762597173700941,19.0,45.64029567684244,0,1,1,1,0
0.6484698356954722,0.7665872319076884,16.0,38.03409484659359,0,1,1,1,0
0.6496456791671893,0.7658190141728333,17.0,40.68711773504338,0,1,1,1,0
0.6500062711651825,0.7661639282578703,19.0,45.335849636383834,0,1,1,1,0
0.6455223880597015,0.7630597014925373,16.0,37.504763353744714,0,1,1,1,0
0.6373006851208947,0.7544010568681065,18.0,43.4716907188953,0,1,1,1,0
0.6370856247503763,0.7546161172386249,17.0,40.42947955953735,0,1,1,1,0
0.6400487233255212,0.7579560873319353,19.0,45.405937045280744,0,1,1,1,0
0.6393591200958555,0.7551076837998095,17.0,41.653653520106886,0,1,1,1,0
0.6396940915258419,0.7566300727766128,15.0,36.11139594130613,0,1,1,1,0
0.6396940915258419,0.7566300727766128,15.0,36.11139594130613,0,1,1,1,0
0.6444807213930348,0.7629664179104477,18.0,43.02430698900855,0,1,1,1,0
0.6401566547428148,0.7574626865671642,18.0,43.50689427631922,0,1,1,1,0
0.6451492537313432,0.7664490049751244,20.0,47.53568384445662,0,1,1,1,0
0.6371345750585914,0.7572930800542741,21.0,50.38490390982802,0,1,1,1,0
0.6428016169154229,0.7628731343283582,17.0,40.14947702213041,0,1,1,1,0
0.6406716417910447,0.7631063432835821,22.0,52.40554400123422,0,1,1,1,0
0.6414653035935564,0.7586586121437423,20.0,47.89482205125538,0,1,1,1,0
0.6421641791044777,0.7604788557213931,20.0,48.116070757650775,0,1,1,1,0
0.6421641791044777,0.7604788557213931,20.0,48.116070757650775,0,1,1,1,0
0.6488304276934654,0.7677317195534931,18.0,43.655286597171994,0,1,1,1,0
0.6510723692462059,0.7685312931142606,19.0,45.4779769630888,0,1,1,1,0
0.6491830933116741,0.7670800662272343,17.0,40.25011067407144,0,1,1,1,0
0.6458488228004957,0.7665737298636927,18.0,42.5064528494289,0,1,1,1,0
0.6458488228004957,0.7665737298636927,18.0,42.5064528494289,0,1,1,1,0
0.6442998760842626,0.762825278810409,20.0,47.66146491031518,0,1,1,1,0
0.6560523652921831,0.772135087275487,22.0,52.07575916657392,0,1,1,1,0
0.6506044797100996,0.7689700415482178,16.0,38.30412130011714,0,1,1,1,0
0.6499796944800225,0.769813501608822,14.0,33.580903091334214,0,1,1,1,0
0.6506669582331074,0.771781575083565,19.0,45.338180743072265,0,1,1,1,0
0.6506669582331074,0.771781575083565,19.0,45.338180743072265,0,1,1,1,0
0.6496985411264877,0.7685795507794195,20.0,47.70249610586907,0,1,1,1,0
0.6438042131350682,0.762685873605948,21.0,50.437171016691465,0,1,1,1,0
0.6479960013745275,0.7659554528130955,19.0,46.41606269343299,0,1,1,1,0
0.6501473723817885,0.768280446506961,19.0,46.6148980341255,0,1,1,1,0
0.6502764674643091,0.7691730967479928,17.0,40.63316116703531,0,1,1,1,0
0.6566378930124126,0.7749354167979333,18.0,43.58622115345278,0,1,1,1,0
0.6583923602327346,0.7762933215279535,16.0,38.07666641142724,0,1,1,1,0
0.6586769542119909,0.7768783202630913,20.0,46.884165850120596,0,1,1,1,0
0.6633658629927287,0.7791172343411149,20.0,47.28821126550635,0,1,1,1,0
0.6524163568773235,0.7735964967550879,18.0,43.53862960419085,0,1,1,1,0
0.6549681809589818,0.7740375527692017,19.0,45.38385081448255,0,1,1,1,0
0.6515972528511121,0.7693749606199988,20.0,47.807935855968175,0,1,1,1,0
0.6540073089282339,0.7746361287883561,20.0,46.528986358509485,0,1,1,1,0
0.6573014166455856,0.7752656210473059,21.0,50.97492657138196,0,1,1,1,0
0.6572539843157096,0.7756134581330635,16.0,38.80291294283833,0,1,1,1,0
0.6585979003288641,0.7756925120161903,19.0,46.48114514598056,0,1,1,1,0
0.6575672610421524,0.7740218007686976,17.0,40.599136892800885,0,1,1,1,0
0.6561023249952744,0.7759592968306975,18.0,43.27798453739182,0,1,1,1,0
0.6590164450885262,0.775344968811039,19.0,45.36392315468458,0,1,1,1,0
0.6591987098406273,0.776909941816342,19.0,45.07957821211651,0,1,1,1,0
0.6591987098406273,0.776909941816342,19.0,45.07957821211651,0,1,1,1,0
0.653046436897486,0.7732657047445025,19.0,45.116588190281554,0,1,1,1,0
0.6616782639087472,0.7793187811775172,17.0,40.05968469288351,0,1,1,1,0
0.6580287123703517,0.7750126486213003,18.0,44.009420419929135,0,1,1,1,0
0.659862762458892,0.7789179104477612,20.0,48.848799511537436,0,1,1,1,0
0.6646255899987243,0.7844272228600587,14.0,33.190520075606265,0,1,1,1,0
0.6642269422120168,0.783215333588468,17.0,40.25138377059973,0,1,1,1,0
0.6641153208317387,0.7819715524939406,17.0,40.391801185687214,0,1,1,1,0
0.6560681760688085,0.7737319757146471,21.0,49.72159369007964,0,1,1,1,0
0.6560681760688085,0.7737319757146471,21.0,49.72159369007964,0,1,1,1,0
0.6560681760688085,0.7737319757146471,21.0,49.72159369007964,0,1,1,1,0
0.6612857323551733,0.7775739944346066,16.0,38.19180951582547,0,1,1,1,0
0.6581235770301037,0.7753446749304326,21.0,50.78939993998103,0,1,1,1,0
0.6582500632431065,0.7757399443460663,19.0,45.75402934793762,0,1,1,1,0
0.6601789779913989,0.7789337212243865,17.0,41.46847438198432,0,1,1,1,0
0.6588983050847458,0.7777795345307361,16.0,37.788131526190526,0,1,1,1,0
0.6595781684796357,0.7773368327852264,17.0,40.74930911620471,0,1,1,1,0
0.6589141158613712,0.7749019731849228,16.0,38.13854818293915,0,1,1,1,0
0.6662985370850539,0.7843881046128237,17.0,40.72274218678541,0,1,1,1,0
0.6651781427062325,0.7856525496974935,15.0,35.15789002373873,0,1,1,1,0
0.6651781427062325,0.7856525496974935,15.0,35.15789002373873,0,1,1,1,0
0.658255570367549,0.7742810893163207,21.0,50.428539911632264,0,1,1,1,0
0.6610486891385767,0.7771855693204007,17.0,41.23550018467466,0,1,1,1,0
0.6625052018310446,0.7787541214507506,15.0,35.53127303424774,0,1,1,1,0
0.664425877909024,0.7824194116328947,18.0,42.50542423705046,0,1,1,1,0
0.6647940074906367,0.7821153045872147,17.0,39.66993791743437,0,1,1,1,0
0.6647940074906367,0.7821153045872147,17.0,39.66993791743437,0,1,1,1,0
0.6680911680911681,0.7854764877236787,16.0,38.166341874148685,0,1,1,1,0
0.6678190723134544,0.7818272031755178,19.0,45.39879996058351,0,1,1,1,0
0.6609695168226664,0.7755502150265621,20.0,47.48230331126346,0,1,1,1,0
0.6602105995446497,0.774364406779661,22.0,52.47370624606353,0,1,1,1,0
0.6594358714900076,0.7731311662028839,16.0,38.82468039847598,0,1,1,1,0
0.6613173539084239,0.7748861624082974,16.0,38.43636932128297,0,1,1,1,0
0.6625031621553251,0.7767202124968379,17.0,40.600001334036904,0,1,1,1,0
0.6633253225398431,0.7766885909435871,16.0,38.562399762510054,0,1,1,1,0
0.6633253225398431,0.7766885909435871,16.0,38.562399762510054,0,1,1,1,0
0.6624715406020744,0.7789495320010119,17.0,41.30381961288325,0,1,1,1,0
0.6678466641153208,0.7836777650210486,18.0,42.43226979054986,0,1,1,1,0
0.6646649509103041,0.7814634766307629,18.0,42.33519460047986,0,1,1,1,0
0.6627403238047053,0.779044396660764,19.0,45.64593610691416,0,1,1,1,0
0.6612224892486719,0.7798349354920314,18.0,42.61774649481934,0,1,1,1,0
0.6612224892486719,0.7798349354920314,18.0,42.61774649481934,0,1,1,1,0
0.6633411333164685,0.7791076397672654,17.0,40.581564240595014,0,1,1,1,0
0.6633411333164685,0.7791076397672654,17.0,40.581564240595014,0,1,1,1,0
0.6672862453531598,0.7841959775045277,17.0,40.81702590459663,0,1,1,1,0
0.6683029898643281,0.7848949893559559,19.0,45.01775405032239,0,1,1,1,0
0.6594890051036482,0.7772037048705186,16.0,38.135783804517885,0,1,1,1,0
0.6634834303060967,0.7819377687832026,20.0,48.35031253580771,0,1,1,1,0
0.6606073971394367,0.7793617289395753,20.0,47.88062413251613,0,1,1,1,0
0.6620723331863146,0.7789994329279819,20.0,48.06064117163558,0,1,1,1,0
0.6620723331863146,0.7789994329279819,20.0,48.06064117163558,0,1,1,1,0
0.660906685149014,0.7794719929431038,20.0,48.71400650799988,0,1,1,1,0
0.6625763972024447,0.7769516728624535,19.0,45.63003699431005,0,1,1,1,0
0.6599458131182661,0.7764476088463235,18.0,44.221325377425416,0,1,1,1,0
0.6603711171318758,0.7758017768256569,19.0,45.03116483792613,0,1,1,1,0
0.6589061810849978,0.7774872408795918,18.0,42.086763703875754,0,1,1,1,0
0.6631988363268404,0.7790602074373894,19.0,45.622033440100914,0,1,1,1,0
0.6624818851994203,0.777818032890177,16.0,38.28882994247261,0,1,1,1,0
0.6617887971772415,0.7771249448679982,17.0,41.14339075665794,0,1,1,1,0
0.6627811732089975,0.7794404889420956,14.0,33.75314932315078,0,1,1,1,0
0.6627811732089975,0.7794404889420956,14.0,33.75314932315078,0,1,1,1,0
0.6623558691953878,0.7761483208367462,18.0,42.65567243258563,0,1,1,1,0
0.6636002772352089,0.7798972969567135,18.0,43.41911363713603,0,1,1,1,0
0.664356373259404,0.7805431289773801,19.0,46.12576561427265,0,1,1,1,0
0.6585392521320796,0.7720939676986036,20.0,48.585730958758795,0,1,1,1,0
0.6597107244384742,0.7750460779107182,19.0,46.48308561290982,0,1,1,1,0
0.6600714912830804,0.7763232158535056,17.0,41.040684318205244,0,1,1,1,0
0.6661712623324058,0.7830603339236023,16.0,38.1558646275666,0,1,1,1,0
0.6650486971920061,0.7814318239311915,17.0,40.788565264782605,0,1,1,1,0
0.6650486971920061,0.7814318239311915,17.0,40.788565264782605,0,1,1,1,0
0.6659815330129016,0.781637364027321,18.0,42.6773513908839,0,1,1,1,0
0.6645743738932456,0.7792025044270174,18.0,43.88416801912834,0,1,1,1,0
0.6645743738932456,0.7792025044270174,18.0,43.88416801912834,0,1,1,1,0
0.6659024791297748,0.7825860106248419,15.0,36.540517829896764,0,1,1,1,0
0.6671515304831773,0.7835504679989881,19.0,45.626964940503036,0,1,1,1,0
0.665222615734885,0.7842935745003795,16.0,38.7170205046968,0,1,1,1,0
0.665222615734885,0.7842935745003795,16.0,38.7170205046968,0,1,1,1,0
0.6687484189223375,0.7836927649886163,19.0,44.85274521909943,0,1,1,1,0
0.6681476094105743,0.7821749304325828,16.0,37.27789281415319,0,1,1,1,0
0.6681476094105743,0.7821749304325828,16.0,37.27789281415319,0,1,1,1,0
0.6683531495067038,0.782317227422211,19.0,45.036715120155556,0,1,1,1,0
0.6657918036933974,0.781178851505186,17.0,40.03181356930917,0,1,1,1,0
0.6671040981533013,0.7821116873260815,19.0,45.37593002642123,0,1,1,1,0
0.6609808102345416,0.777734228019566,19.0,45.542539402549515,0,1,1,1,0
0.6609808102345416,0.777734228019566,19.0,45.542539402549515,0,1,1,1,0
0.6677997723248166,0.783819251201619,18.0,42.987883679848636,0,1,1,1,0
0.6677997723248166,0.783819251201619,18.0,42.987883679848636,0,1,1,1,0
0.662736736485639,0.780634641916468,18.0,43.08392668763995,0,1,1,1,0
0.6635363100464067,0.7787376144487645,20.0,48.46275634019729,0,1,1,1,0
0.6685270680495826,0.7827124968378447,20.0,47.814960081127474,0,1,1,1,0
0.6685270680495826,0.7827124968378447,20.0,47.814960081127474,0,1,1,1,0
0.6678313938780673,0.7848469516822666,17.0,39.58999350698978,0,1,1,1,0
0.6678313938780673,0.7848469516822666,17.0,39.58999350698978,0,1,1,1,0
0.6606986078013295,0.7737206823027718,19.0,45.386288909294564,0,1,1,1,0
0.6640209967113585,0.7802460156842904,18.0,41.8801016128434,0,1,1,1,0
0.6601185250219491,0.7750689828170074,17.0,40.600123092529365,0,1,1,1,0
0.6655704528206425,0.7813369592714394,19.0,44.85750377970413,0,1,1,1,0
0.6625172457042519,0.7785024457544212,17.0,41.36851536298781,0,1,1,1,0
0.6592889944081722,0.7779981881228327,17.0,40.30241466977524,0,1,1,1,0
0.6656322853002331,0.7831422090605507,15.0,35.39066635555896,0,1,1,1,0
0.6583830558245604,0.7755146668332761,17.0,40.074361025486496,0,1,1,1,0
0.6519361833952912,0.7683859975216852,18.0,42.671311835083245,0,1,1,1,0
0.6499070631970261,0.7711431226765799,16.0,37.82182402563881,0,1,1,1,0
0.6537157960199005,0.7719838308457712,17.0,40.28064133692959,0,1,1,1,0
0.6533893034825871,0.7726834577114428,18.0,43.28969814833898,0,1,1,1,0
0.6580176846858147,0.7759626238555124,18.0,43.08357279959945,0,1,1,1,0
0.6558613184079602,0.773662935323383,18.0,42.72856323359012,0,1,1,1,0
0.65556592039801,0.773320895522388,16.0,38.01570303551772,0,1,1,1,0
0.6563121890547263,0.7714396766169154,17.0,40.84223641549297,0,1,1,1,0
0.6581467661691542,0.7719993781094527,17.0,40.55874619233232,0,1,1,1,0
0.6504654520876217,0.7633567851546899,20.0,48.088763909857846,0,1,1,1,0
0.6559169764560099,0.7687577447335812,18.0,43.284388687553665,0,1,1,1,0
0.6574814126394052,0.7715613382899629,15.0,36.34995662888355,0,1,1,1,0
0.658085501858736,0.7731567534076828,19.0,45.3655663928972,0,1,1,1,0
0.6509723801038434,0.7635718455252082,18.0,42.85056507743579,0,1,1,1,0
0.6500660542566592,0.762742326953209,22.0,52.96693419362481,0,1,1,1,0
0.6557620817843867,0.7713135068153656,20.0,48.096632230015665,0,1,1,1,0
0.6563661710037175,0.7722428748451053,19.0,45.545264042604806,0,1,1,1,0
0.6547242874845105,0.7703221809169765,19.0,45.425857525310185,0,1,1,1,0
0.6558240396530359,0.771189591078067,17.0,41.155455833679866,0,1,1,1,0
0.6579446517412936,0.7736318407960199,17.0,39.997886510643006,0,1,1,1,0
0.6566542288557214,0.7718283582089552,20.0,47.92620283605499,0,1,1,1,0
0.6565764925373134,0.7718439054726368,19.0,45.50699781792717,0,1,1,1,0
0.659773202961482,0.7769204336009496,18.0,43.679998576541735,0,1,1,1,0
0.6549256505576209,0.7716078066914498,20.0,48.51680669356329,0,1,1,1,0
0.6560563816604709,0.7703996282527881,19.0,45.4445738372234,0,1,1,1,0
0.6550650557620817,0.769733581164808,20.0,47.94978805159185,0,1,1,1,0
0.6570273631840796,0.7727767412935324,17.0,41.27745759962305,0,1,1,1,0
0.656825248756219,0.7767879353233831,18.0,42.6696415562551,0,1,1,1,0
0.6558240396530359,0.7713909541511772,18.0,43.017073824297206,0,1,1,1,0
0.6554058240396531,0.7713599752168525,17.0,39.988823995232295,0,1,1,1,0
0.6574504337050805,0.773683395291202,17.0,40.63041244400204,0,1,1,1,0
0.6570941759603469,0.7754027261462205,18.0,43.35636839205255,0,1,1,1,0
0.6577602230483272,0.7726301115241636,15.0,36.45412002669712,0,1,1,1,0
0.6583952912019827,0.7745972738537794,14.0,33.26654174137324,0,1,1,1,0
0.657140644361834,0.7721654275092937,15.0,35.44953095024143,0,1,1,1,0
0.6597428748451053,0.7784231722428748,14.0,33.25708971091523,0,1,1,1,0
0.6567998760842627,0.7755731102850062,19.0,45.326499780086564,0,1,1,1,0
0.6515151515151515,0.7695898377716559,18.0,43.03092569772627,0,1,1,1,0
0.6528925619834711,0.7705081114172023,17.0,40.39037000714772,0,1,1,1,0
0.6496173859810224,0.7707682889501072,20.0,47.227854313528994,0,1,1,1,0
0.6497398224670952,0.7691460055096419,16.0,37.540711576426844,0,1,1,1,0
0.6497398224670952,0.7691460055096419,16.0,37.540711576426844,0,1,1,1,0
0.6406654622101776,0.7612767238783499,16.0,38.220939725080854,0,1,1,1,0
0.6407164071640716,0.7611676116761168,18.0,41.808057820434954,0,1,1,1,0
0.6315259259259259,0.7546666666666667,15.0,35.47443377018728,0,1,1,1,0
0.641478470340259,0.7601023788015658,16.0,36.58874810981366,0,1,1,1,0
0.630169741697417,0.752029520295203,17.0,40.45976458541094,0,1,1,1,0
0.6276284191413343,0.746441750131787,19.0,45.46702334531649,0,1,1,1,0
0.6318523985239852,0.747070110701107,18.0,42.499247448767164,0,1,1,1,0
0.6302788027880278,0.7455045979031218,20.0,47.13501317781783,0,1,1,1,0
0.6302788027880278,0.7455045979031218,20.0,47.13501317781783,0,1,1,1,0
0.6291220055057694,0.7475253323961811,20.0,47.421635284394824,0,1,1,1,0
0.6306595208809231,0.7523721665788087,16.0,37.79414247039616,0,1,1,1,0
0.6306595208809231,0.7523721665788087,16.0,37.79414247039616,0,1,1,1,0
0.62293343405875,0.7418281663131592,17.0,40.304620101772294,0,1,1,1,0
0.6210593601999013,0.7429467995467356,17.0,40.138165292351864,0,1,1,1,0
0.6240303295421405,0.7458296879556722,17.0,40.89379483884416,0,1,1,1,0
0.6235345581802275,0.7437153689122193,18.0,43.054378435419224,0,1,1,1,0
0.6233304170312044,0.7428988043161272,18.0,43.42283789322167,0,1,1,1,0
0.6220326625838437,0.7413531641878098,19.0,44.12467711839212,0,1,1,1,0
0.6220326625838437,0.7413531641878098,19.0,44.12467711839212,0,1,1,1,0
0.6230679498396033,0.7438320209973753,17.0,40.28951181476797,0,1,1,1,0
0.6235928842228055,0.7425634295713036,17.0,40.94614665633967,0,1,1,1,0
0.6271164021164021,0.7478248089359201,14.0,33.244252144788256,0,1,1,1,0
0.6220472440944882,0.7427919093756403,19.0,44.7970360511408,0,1,1,1,0
0.6229839299827299,0.7415332377133156,24.0,56.473448594597734,0,1,1,1,0
0.623818165851945,0.742294294997512,20.0,46.399094974563376,0,1,1,1,0
0.6224863156046014,0.7434944237918215,16.0,37.188465697971175,0,1,1,1,0
0.6222814155665486,0.7435090595088253,17.0,38.94283323557861,0,1,1,1,0
0.6234083657758394,0.7446506454351198,18.0,42.291199841080626,0,1,1,1,0
0.6243304159470773,0.7436115095278518,18.0,42.55594402266243,0,1,1,1,0
0.6231888300207827,0.7447238240201387,16.0,37.284555624826496,0,1,1,1,0
0.6232034657377865,0.7420454878084477,20.0,47.17098584903111,0,1,1,1,0
0.6263227513227513,0.7461346266901823,19.0,44.06366439843368,0,1,1,1,0
0.618562263050452,0.7394867308253135,20.0,46.557203633464596,0,1,1,1,0
0.618562263050452,0.7394867308253135,20.0,46.557203633464596,0,1,1,1,0
0.6220034995625546,0.7405949256342957,19.0,45.48830736940698,0,1,1,1,0
0.6261022927689595,0.7462669018224574,15.0,35.28663861655804,0,1,1,1,0
0.6207057451151939,0.7420968212306795,16.0,37.79403666261689,0,1,1,1,0
0.6207057451151939,0.7420968212306795,16.0,37.79403666261689,0,1,1,1,0
0.6282380362306013,0.749557443795362,17.0,38.98276573187203,0,1,1,1,0
0.6226596675415573,0.739676290463692,18.0,42.957646692723756,0,1,1,1,0
0.623818165851945,0.7420747592424553,16.0,37.37385110319474,0,1,1,1,0
0.6279429987608426,0.7464005428689443,20.0,47.20727350500628,0,1,1,1,0
0.6279541446208113,0.7463697824808936,18.0,42.400993537103126,0,1,1,1,0
0.6271017048794827,0.7450911228689007,17.0,41.37305084993805,0,1,1,1,0
0.6241255159090244,0.7403184732020022,19.0,45.428688584374285,0,1,1,1,0
0.6178096064814815,0.7354456018518518,19.0,45.282364905414624,0,1,1,1,0
0.6178096064814815,0.7354456018518518,19.0,45.282364905414624,0,1,1,1,0
0.6221347331583552,0.7437736949547973,15.0,35.68267469142688,0,1,1,1,0
0.6221930592009333,0.7411344415281423,18.0,43.3117401101953,0,1,1,1,0
0.6246135899679207,0.7442694663167104,16.0,37.40853278957915,0,1,1,1,0
0.6268737241178186,0.7445027704870224,18.0,43.3261886008795,0,1,1,1,0
0.624044911052785,0.7440653251676874,17.0,39.984511393646386,0,1,1,1,0
0.6237678623505395,0.7423738699329251,19.0,44.609868516764294,0,1,1,1,0
0.6240886555847186,0.7427821522309711,17.0,40.70614610872312,0,1,1,1,0
0.6222513852435112,0.7407699037620298,15.0,35.34178072556107,0,1,1,1,0
0.6222513852435112,0.7407699037620298,15.0,35.34178072556107,0,1,1,1,0
0.6234324876057159,0.7405220180810732,13.0,31.25737629268672,0,1,1,1,0
0.6234324876057159,0.7405220180810732,13.0,31.25737629268672,0,1,1,1,0
0.6182291666666667,0.7381076388888889,17.0,40.442271331561145,0,1,1,1,0
0.6237095363079616,0.7412219305920094,19.0,44.48096420831912,0,1,1,1,0
0.6290051336519737,0.7479494895851773,12.0,27.45385983155323,0,1,1,1,0
0.62896087803151,0.7460907535256978,15.0,34.36754592551958,0,1,1,1,0
0.62896087803151,0.7460907535256978,15.0,34.36754592551958,0,1,1,1,0
0.6239937944559903,0.7432456166027573,18.0,42.514195058005065,0,1,1,1,0
0.6267038413878563,0.7477429633563463,16.0,37.86501759830547,0,1,1,1,0
0.6267038413878563,0.7477429633563463,16.0,37.86501759830547,0,1,1,1,0
0.6242697822623473,0.7429781082197439,18.0,42.290092439844095,0,1,1,1,0
0.6238567298046852,0.7426093113825456,17.0,40.13417839981934,0,1,1,1,0
0.6288773234200743,0.745903345724907,19.0,44.54399881935598,0,1,1,1,0
0.6241517672744439,0.743184634448575,20.0,46.666483715815595,0,1,1,1,0
0.6246385790995457,0.7426535670030093,16.0,36.977557666057585,0,1,1,1,0
0.6218423440564353,0.7381231156514357,16.0,37.78363561670887,0,1,1,1,0
0.6262465333097303,0.7461202572726736,17.0,40.604105422681826,0,1,1,1,0
0.6261137664483389,0.7471823921638048,17.0,39.83974194368624,0,1,1,1,0
0.6277364725320116,0.7433764088039181,19.0,44.709684952774246,0,1,1,1,0
0.6277364725320116,0.7433764088039181,19.0,44.709684952774246,0,1,1,1,0
0.6223399584345637,0.7422064806954892,20.0,47.28602475087746,0,1,1,1,0
0.6269693751106391,0.7457662123089632,22.0,52.7693735168652,0,1,1,1,0
0.6255236915088216,0.7445713105564407,18.0,43.0953141415921,0,1,1,1,0
0.6255236915088216,0.7445713105564407,18.0,43.0953141415921,0,1,1,1,0
0.6312416356877324,0.7517769516728624,20.0,47.253789198415745,0,1,1,1,0
0.6312416356877324,0.7517769516728624,20.0,47.253789198415745,0,1,1,1,0
0.62589248834602,0.7456924529415235,18.0,41.53968501180328,0,1,1,1,0
0.6263622364368633,0.7446695095948828,15.0,35.5735522596836,0,1,1,1,0
0.6260364842454395,0.7444622127457948,20.0,47.40004907079974,0,1,1,1,0
0.6226457000710732,0.7415748637763563,16.0,38.530758132355615,0,1,1,1,0
0.6259476427386875,0.7430703624733476,14.0,33.60649066173401,0,1,1,1,0
0.6304029850746269,0.7483134328358209,17.0,39.70761937138589,0,1,1,1,0
0.62367970732283,0.7432288900690388,18.0,42.64932859977386,0,1,1,1,0
0.6290111524163569,0.7467806691449814,17.0,39.89530553189933,0,1,1,1,0
0.6297546468401487,0.7490408921933086,17.0,39.62352002866221,0,1,1,1,0
0.5327586206896552,0.7368171251452925,12.0,24.225329170340117,0,1,1,1,1
0.5345258282734351,0.7385992742920701,10.0,19.533662511289076,0,1,1,1,1
0.5311711079943899,0.728523842917251,14.0,30.04858200207892,0,1,1,1,1
0.5344044370103002,0.7314904481028259,14.0,29.68518543590984,0,1,1,1,1
0.5344044370103002,0.7314904481028259,14.0,29.68518543590984,0,1,1,1,1
0.5140542328042328,0.7196428571428571,16.0,33.98664874424855,0,1,1,1,1
0.5143473885805174,0.7242996721524328,13.0,26.570512442133094,0,1,1,1,1
0.5143473885805174,0.7242996721524328,13.0,26.570512442133094,0,1,1,1,1
0.509415741187832,0.7244728794463222,14.0,28.950125931130085,0,1,1,1,1
0.5186770116781315,0.726939689649656,15.0,31.173472230086826,0,1,1,1,1
0.5135266315504703,0.7251070195260905,11.0,21.878003019538276,0,1,1,1,1
0.5183396464646465,0.7261284722222222,14.0,28.97633944721179,0,1,1,1,1
0.4992805305305305,0.7188438438438438,13.0,27.093885194855744,0,1,1,1,1
0.5067203250761897,0.7269516292881144,14.0,29.016188803815297,0,1,1,1,1
0.5067203250761897,0.7269516292881144,14.0,29.016188803815297,0,1,1,1,1
0.4960631830821962,0.711480631184117,13.0,27.051796926131697,0,1,1,1,1
0.4960631830821962,0.711480631184117,13.0,27.051796926131697,0,1,1,1,1
0.4966887965431036,0.7170411085909174,12.0,24.653297648822022,0,1,1,1,1
0.48647565618112604,0.7128414479396247,12.0,24.826366598091187,0,1,1,1,1
0.48600382914108403,0.7062702185251205,14.0,28.953952715731557,0,1,1,1,1
0.5124069478908189,0.714929693961952,11.0,22.23525355004518,0,1,1,1,1
0.39546271993778553,0.6003329444930495,9.0,21.682199540946986,0,1,1,1,1
0.5215084085315833,0.7123752392671588,12.0,24.437462888629405,0,1,1,1,1
0.5173767011242212,0.7098952351119,14.0,29.338365129001623,0,1,1,1,1
0.5252710417430472,0.7145201557289758,15.0,31.783750408834326,0,1,1,1,1
0.5264756717121458,0.7170778121126417,15.0,31.767518248970735,0,1,1,1,1
0.5264756717121458,0.7170778121126417,15.0,31.767518248970735,0,1,1,1,1
0.5240103315586948,0.7176216330188182,11.0,22.116994437386833,0,1,1,1,1
0.5185026966412132,0.7137021412933198,13.0,26.961991672717737,0,1,1,1,1
0.5209324799883304,0.7192713746512773,13.0,26.82247586425791,0,1,1,1,1
0.5200321978705499,0.7145640481504518,15.0,31.525115146526446,0,1,1,1,1
0.5180533751962323,0.7111733781168997,19.0,41.70093159145243,0,1,1,1,1
0.5187680108661735,0.7146069271856244,15.0,32.050743255099825,0,1,1,1,1
0.5187680108661735,0.7146069271856244,15.0,32.050743255099825,0,1,1,1,1
0.402096688034188,0.5950320512820513,13.0,32.222994097712686,0,1,1,1,1
0.40413873816363444,0.5978295563357804,15.0,36.09651029080822,0,1,1,1,1
0.5233204134366926,0.7146271686969361,14.0,29.119373507133552,0,1,1,1,1
0.5208379373848987,0.7125046040515653,15.0,31.369329688303175,0,1,1,1,1
0.5225195094760312,0.7166666666666667,13.0,27.491411469426147,0,1,1,1,1
0.5154040404040404,0.716488963711186,14.0,29.580133919091978,0,1,1,1,1
0.5206171854216547,0.7220480370919318,14.0,30.41773377032817,0,1,1,1,1
0.520759700528256,0.7196727853152434,16.0,34.64115501810974,0,1,1,1,1
0.5224781949184679,0.7203924914675768,16.0,34.55042491686419,0,1,1,1,1
0.5229686318972033,0.7198979591836735,18.0,38.95521842848878,0,1,1,1,1
0.5273609548687246,0.7233683528133164,18.0,39.63980379457032,0,1,1,1,1
0.5267563327466136,0.7243915971531338,13.0,27.654868480524115,0,1,1,1,1
0.430957086391869,0.614751552795031,13.0,32.9144940758688,0,1,1,1,1
0.430957086391869,0.614751552795031,13.0,32.9144940758688,0,1,1,1,1
0.529138448514699,0.7215926581499154,12.0,25.737510210588976,0,1,1,1,1
0.5382038434218357,0.7286183263260957,13.0,27.746265277728092,0,1,1,1,1
0.5382038434218357,0.7286183263260957,13.0,27.746265277728092,0,1,1,1,1
0.5423121964330281,0.7303845341626831,15.0,32.50099827603115,0,1,1,1,1
0.544040008447081,0.7310372631457698,13.0,27.703013451501448,0,1,1,1,1
0.5426001651020369,0.7299813780260708,12.0,25.802472164430085,0,1,1,1,1
0.5426001651020369,0.7299813780260708,12.0,25.802472164430085,0,1,1,1,1
0.5465228279714891,0.734126372567906,15.0,32.02333851072377,0,1,1,1,1
0.5454729339240995,0.733298015796571,11.0,22.725710156355095,0,1,1,1,1
0.548256380284434,0.7408143385934152,11.0,22.396552268321464,0,1,1,1,1
0.5479271600154979,0.7366621464548625,12.0,24.724345908275946,0,1,1,1,1
0.5456571462084335,0.7363595488045667,13.0,27.516008749993055,0,1,1,1,1
0.542949582624675,0.7359978886868805,15.0,32.00284939492783,0,1,1,1,1
0.5392938830567122,0.732997087169863,14.0,30.172257368719887,0,1,1,1,1
0.5451781909174438,0.735949015698004,12.0,24.996418599787102,0,1,1,1,1
0.543321406102548,0.735087684806543,15.0,32.177351275526334,0,1,1,1,1
0.5498682761874804,0.73917702107581,14.0,29.82789044006674,0,1,1,1,1
0.5518146429694872,0.7399929223026109,17.0,37.421226087597844,0,1,1,1,1
0.549848615916955,0.7372306542938031,16.0,35.325716186124,0,1,1,1,1
0.5463127367424242,0.7381234217171717,14.0,29.78480496611326,0,1,1,1,1
0.5445894935514313,0.7376238597043095,14.0,30.108705570386622,0,1,1,1,1
0.5462042297979798,0.7394748263888888,13.0,27.409512402132385,0,1,1,1,1
0.5436395202020202,0.7381924715909091,14.0,29.908829325218843,0,1,1,1,1
0.543901384083045,0.7362771311733249,12.0,24.76815338351469,0,1,1,1,1
0.5427161801632141,0.7331489328311362,14.0,29.74115280691689,0,1,1,1,1
0.5432360326428123,0.7331293157564344,14.0,29.72060963068597,0,1,1,1,1
0.5432948838669177,0.7342867231638418,17.0,37.17209585702642,0,1,1,1,1
0.5444483901515151,0.7355883049242424,14.0,29.90931796107271,0,1,1,1,1
0.544695761727593,0.7375440461426406,13.0,27.498297805118227,0,1,1,1,1
0.5437705466643045,0.7352999074784937,17.0,36.936008736509514,0,1,1,1,1
0.5427469044666233,0.7361070099805114,16.0,34.570027225435936,0,1,1,1,1
0.5467142432352067,0.7388145505005451,13.0,27.594805210857334,0,1,1,1,1
0.5465504893769396,0.7397250736054747,16.0,34.83148852724733,0,1,1,1,1
0.5455870316024835,0.7367890439400292,13.0,27.281659981379807,0,1,1,1,1
0.5478437198843559,0.7387166720205589,14.0,29.540881029338927,0,1,1,1,1
0.5495144261766602,0.7422932785299806,12.0,24.783964518603103,0,1,1,1,1
0.5485473081882656,0.7427063185041909,14.0,29.48482924832508,0,1,1,1,1
0.5493633139909736,0.7440663281753708,13.0,27.140041586673842,0,1,1,1,1
0.5470506745904272,0.7415977353035657,14.0,30.64469657963374,0,1,1,1,1
0.5470506745904272,0.7415977353035657,14.0,30.64469657963374,0,1,1,1,1
0.5465901350322555,0.7379492727491285,14.0,30.219895259905556,0,1,1,1,1
0.5465901350322555,0.7379492727491285,14.0,30.219895259905556,0,1,1,1,1
0.5533941236068896,0.7469706180344479,11.0,22.700750307293838,0,1,1,1,1
0.5533434650455927,0.7440222897669706,13.0,27.23869956356632,0,1,1,1,1
0.5506628787878788,0.7404295615731786,13.0,27.79106769834999,0,1,1,1,1
0.5512475736007765,0.7422051924943384,13.0,27.166221556399513,0,1,1,1,1
0.5517025234551924,0.7418311226140407,15.0,32.16927213077678,0,1,1,1,1
0.5517025234551924,0.7418311226140407,15.0,32.16927213077678,0,1,1,1,1
0.553080040526849,0.7433029381965552,13.0,28.075813826930677,0,1,1,1,1
0.5515197568389058,0.742208713272543,14.0,30.272078912870715,0,1,1,1,1
0.5515197568389058,0.742208713272543,14.0,30.272078912870715,0,1,1,1,1
0.554041687849517,0.7427859684799186,17.0,37.067133285238214,0,1,1,1,1
0.554041687849517,0.7427859684799186,17.0,37.067133285238214,0,1,1,1,1
0.553080040526849,0.7425227963525836,13.0,27.179443661482395,0,1,1,1,1
0.554844941535333,0.7441179461108287,13.0,27.99213693815529,0,1,1,1,1
0.5542350557244174,0.7429584599797365,16.0,34.68411684065002,0,1,1,1,1
0.5542350557244174,0.7429584599797365,16.0,34.68411684065002,0,1,1,1,1
0.5550991357397052,0.744443314692425,12.0,25.007140208584946,0,1,1,1,1
0.5559633960345705,0.7447178444331469,12.0,25.162242994156134,0,1,1,1,1
0.5547011144883486,0.7432826747720365,10.0,20.162813828484186,0,1,1,1,1
0.554549138804458,0.742451874366768,12.0,25.000693308050792,0,1,1,1,1
0.5549544072948328,0.7432016210739615,12.0,25.64935678298567,0,1,1,1,1
0.5547922998986828,0.7429685916919959,15.0,31.787059649249088,0,1,1,1,1
0.5560283687943263,0.7432826747720365,14.0,29.766473241284455,0,1,1,1,1
0.5576715810879512,0.7461006609049313,14.0,29.766580956040265,0,1,1,1,1
0.5561094224924013,0.7435764944275582,14.0,30.351548927046384,0,1,1,1,1
0.5561094224924013,0.7435764944275582,14.0,30.351548927046384,0,1,1,1,1
0.5526273372018052,0.7407317859445519,15.0,32.08617600829013,0,1,1,1,1
0.5558358662613981,0.7424417426545086,17.0,36.850280647243785,0,1,1,1,1
0.5541384590586719,0.7401071889103804,13.0,27.930911967682476,0,1,1,1,1
0.5556838905775076,0.7439311043566362,13.0,28.359127175566265,0,1,1,1,1
0.5551671732522796,0.7430699088145897,13.0,27.644866678246927,0,1,1,1,1
0.5567679837892604,0.7430293819655521,12.0,25.423241405436737,0,1,1,1,1
0.5532922308188266,0.7390695519019987,14.0,29.832877920337882,0,1,1,1,1
0.5537959381044487,0.7400568181818182,15.0,32.62245998521179,0,1,1,1,1
0.5542089780786589,0.7415578658929722,15.0,32.41607084971373,0,1,1,1,1
0.5542089780786589,0.7415578658929722,15.0,32.41607084971373,0,1,1,1,1
0.5535642327530625,0.7419104609929078,14.0,29.991459426338054,0,1,1,1,1
0.5575379939209727,0.7449544072948329,14.0,29.688245611733265,0,1,1,1,1
0.5575379939209727,0.7449544072948329,14.0,29.688245611733265,0,1,1,1,1
0.5577811550151975,0.7420871327254306,10.0,20.850797120498974,0,1,1,1,1
0.5574468085106383,0.7440020263424518,13.0,28.099538455858642,0,1,1,1,1
0.5574468085106383,0.7440020263424518,13.0,28.099538455858642,0,1,1,1,1
0.5583080040526849,0.7442857142857143,13.0,27.878761443987337,0,1,1,1,1
0.5572948328267477,0.7431712259371834,15.0,32.757867076901334,0,1,1,1,1
0.5572948328267477,0.7431712259371834,15.0,32.757867076901334,0,1,1,1,1
0.5577710233029382,0.7435258358662614,14.0,29.971351513336568,0,1,1,1,1
0.5564866229177183,0.7404442200908632,12.0,25.939951890400653,0,1,1,1,1
0.5548940199871051,0.7382636202450032,11.0,22.503134333560062,0,1,1,1,1
0.5548940199871051,0.7382636202450032,11.0,22.503134333560062,0,1,1,1,1
0.5567071935157042,0.7431914893617021,12.0,25.19812162177096,0,1,1,1,1
0.5582269503546099,0.7424822695035461,11.0,22.912101252470848,0,1,1,1,1
0.5608339447297628,0.7472079563055352,12.0,25.23242311627203,0,1,1,1,1
0.5613638216352816,0.7472181462460259,13.0,27.622709272044276,0,1,1,1,1
0.5567173252279636,0.7436980749746707,14.0,29.401499807141416,0,1,1,1,1
0.553755641521599,0.7370345744680851,12.0,25.729702583327295,0,1,1,1,1
0.5585475813330084,0.7429430161244466,18.0,39.437301624853625,0,1,1,1,1
0.5605180565745496,0.7446808510638298,12.0,25.004117358233103,0,1,1,1,1
0.5605180565745496,0.7446808510638298,12.0,25.004117358233103,0,1,1,1,1
0.5604263471101328,0.7439267954675145,18.0,39.48620974822827,0,1,1,1,1
0.5631021194605009,0.7461259377690321,15.0,32.18224475306445,0,1,1,1,1
0.5566970618034448,0.7398277608915906,13.0,27.172216949584044,0,1,1,1,1
0.55997798972854,0.7431421700497269,11.0,22.5129595118853,0,1,1,1,1
0.5597843808592158,0.7450884486834597,10.0,20.120265656918686,0,1,1,1,1
0.5563627152988855,0.7400202634245188,13.0,27.342464433969987,0,1,1,1,1
0.559733431156762,0.7431727398711991,9.0,17.785274353983656,0,1,1,1,1
0.5592850737751691,0.7415831091546425,13.0,27.602453737759348,0,1,1,1,1
0.5591627944892802,0.7413181707018831,14.0,29.85317751879721,0,1,1,1,1
0.5604368634188244,0.7425553237616067,12.0,25.258007733710816,0,1,1,1,1
0.5597005767578844,0.74533685114738,12.0,25.286542566487917,0,1,1,1,1
0.5578584821064645,0.740757723974892,14.0,30.18209582355635,0,1,1,1,1
0.5607653835116632,0.7442196531791907,13.0,28.039119432545807,0,1,1,1,1
0.558821123246206,0.742698490612345,12.0,25.558819574739125,0,1,1,1,1
0.5632752555900685,0.7470121161006316,12.0,24.75937688508088,0,1,1,1,1
0.5595983147216428,0.7418088108970425,15.0,32.2495542312775,0,1,1,1,1
0.5609890784145294,0.7429848243138217,13.0,27.2168137949187,0,1,1,1,1
0.5609890784145294,0.7429848243138217,13.0,27.2168137949187,0,1,1,1,1
0.5630386933536297,0.7472589636516981,14.0,29.6852385229014,0,1,1,1,1
0.5635632443996462,0.745438462962582,15.0,31.83314999969495,0,1,1,1,1
0.5603448275862069,0.7408680001636193,14.0,29.583917572670092,0,1,1,1,1
0.5586431075242521,0.7386382163528165,15.0,32.73954401695789,0,1,1,1,1
0.5616604611935079,0.7432168350029827,12.0,25.59250462090211,0,1,1,1,1
0.5584734323229844,0.7404589520186526,15.0,33.220354365323,0,1,1,1,1
0.5571644782590911,0.739129545547511,15.0,32.357130643595376,0,1,1,1,1
0.5571644782590911,0.739129545547511,15.0,32.357130643595376,0,1,1,1,1
0.558821123246206,0.74055098785127,17.0,37.54064156668286,0,1,1,1,1
0.5625,0.7463150289017341,16.0,35.194832788204245,0,1,1,1,1
0.5632018992568125,0.7460672997522708,14.0,29.559610853048266,0,1,1,1,1
0.5622006606110652,0.7459950454170108,12.0,25.66940555480303,0,1,1,1,1
0.5574508119605678,0.7419008467296601,14.0,29.70238110087971,0,1,1,1,1
0.557103121037346,0.7408373215527467,12.0,25.06899701376169,0,1,1,1,1
0.5578189552910378,0.7404589520186526,14.0,29.834036770440065,0,1,1,1,1
0.558074610381642,0.7398556060048268,17.0,37.295808945863946,0,1,1,1,1
0.5577064670511719,0.7390579621221418,13.0,27.74519138264108,0,1,1,1,1
0.5587188612099644,0.7393647482308667,13.0,27.962772916434293,0,1,1,1,1
0.5582177772323802,0.7403260113715384,16.0,34.511902737182936,0,1,1,1,1
0.5581359676033869,0.7409804884034851,16.0,34.90432570684641,0,1,1,1,1
0.5581870986215077,0.7410622980324785,15.0,33.046243583114034,0,1,1,1,1
0.557900764920031,0.7423917045036201,15.0,32.37205643345472,0,1,1,1,1
0.5582045954785757,0.7427848517886162,16.0,34.54159477202829,0,1,1,1,1
0.5594079772900253,0.7430831259128217,13.0,27.7419356008707,0,1,1,1,1
0.5605907884722193,0.7465492769423817,12.0,24.992021658637796,0,1,1,1,1
0.5585654681556019,0.7424837403362375,11.0,23.004546287464446,0,1,1,1,1
0.5577985028837894,0.741471346177445,13.0,27.664518314548104,0,1,1,1,1
0.5583302654722461,0.7420644659876467,12.0,25.09876509074924,0,1,1,1,1
0.5582893606577494,0.7409804884034851,14.0,29.87942378842647,0,1,1,1,1
0.560148519943225,0.7436591035319771,12.0,25.24199630422126,0,1,1,1,1
0.5593359800876309,0.7447802028264044,12.0,25.38576165534721,0,1,1,1,1
0.5594491185485364,0.7437311007343714,13.0,27.66155815163498,0,1,1,1,1
0.5594491185485364,0.7437311007343714,13.0,27.66155815163498,0,1,1,1,1
0.5572667402953327,0.7398760584120752,9.0,17.966798648461868,0,1,1,1,1
0.558873140929381,0.7439573776561825,9.0,17.756435163834393,0,1,1,1,1
0.5580030269562728,0.7416963226571768,13.0,27.430205348971317,0,1,1,1,1
0.5607656388208915,0.7444716433875712,12.0,25.241393725235074,0,1,1,1,1
0.5630573905862923,0.7456440957886045,14.0,30.118261105787873,0,1,1,1,1
0.5613107604961636,0.743566535700327,11.0,22.841616593807547,0,1,1,1,1
0.560837636023286,0.7440910867463436,16.0,35.80307647590111,0,1,1,1,1
0.560837636023286,0.7440910867463436,16.0,35.80307647590111,0,1,1,1,1
0.5602822290333861,0.7432374056322383,15.0,32.352317647406785,0,1,1,1,1
0.5602308024602473,0.7441733692633657,16.0,34.8024745571458,0,1,1,1,1
0.5600868080554584,0.7425585748668052,13.0,27.735255513658853,0,1,1,1,1
0.5605085059551972,0.7446259231069878,13.0,27.578800921800138,0,1,1,1,1
0.5569701803902319,0.740049903873686,13.0,28.422898274923124,0,1,1,1,1
0.5606936416184971,0.7445847818484768,14.0,30.786146451528978,0,1,1,1,1
0.5607964947647749,0.7435871063295826,15.0,33.29881269095811,0,1,1,1,1
0.5584529799157361,0.7400805824845584,14.0,30.335741527606103,0,1,1,1,1
0.5579416697345277,0.7409089049781159,12.0,25.751854067544826,0,1,1,1,1
0.5609404891695637,0.7439882336000658,13.0,27.586253706019434,0,1,1,1,1
0.5574099071460711,0.739927189430196,13.0,27.764292325408157,0,1,1,1,1
0.5566122632633861,0.7405816664621426,13.0,28.02258444671569,0,1,1,1,1
0.5581359676033869,0.7409907146071093,14.0,29.998953900563638,0,1,1,1,1
0.5554550076258261,0.7377732587697,16.0,34.993230950758516,0,1,1,1,1
0.5626238645747317,0.7482658959537573,16.0,34.840224163015364,0,1,1,1,1
0.5646676300578035,0.7469033856317093,13.0,27.880858068084688,0,1,1,1,1
0.5607759241355194,0.743566535700327,17.0,37.33038747559658,0,1,1,1,1
0.562706440957886,0.7445602807597027,13.0,27.92755160507273,0,1,1,1,1
0.5585552419519777,0.7410009408107334,17.0,37.119752311223436,0,1,1,1,1
0.5585552419519777,0.7410009408107334,17.0,37.119752311223436,0,1,1,1,1
0.5583302654722461,0.7405612140548943,14.0,30.323310612609287,0,1,1,1,1
0.560170982124596,0.7421974066347609,12.0,25.469661759469876,0,1,1,1,1
0.5595983147216428,0.7430768601464393,14.0,29.910825094488253,0,1,1,1,1
0.5600073628666093,0.7446516955045609,12.0,24.994556479626322,0,1,1,1,1
0.557153024911032,0.7407727503812913,14.0,29.997476283992274,0,1,1,1,1
0.557508896797153,0.7395627859684799,15.0,32.62854012486454,0,1,1,1,1
0.557427554651754,0.7401728520589731,15.0,31.8588335333496,0,1,1,1,1
0.5571428571428572,0.7396644636502288,16.0,35.84537889838853,0,1,1,1,1
0.557417386883579,0.740183019827148,14.0,29.99791058334677,0,1,1,1,1
0.5585968479918658,0.7410574478901881,15.0,32.85781953151118,0,1,1,1,1
0.5635775862068966,0.7461001642036125,11.0,22.723624818333658,0,1,1,1,1
0.5619298891479527,0.7441812901378492,13.0,28.681408363727112,0,1,1,1,1
0.5578240976105745,0.7393695983731571,13.0,27.858245248454022,0,1,1,1,1
0.5614901623921136,0.7469730437272467,13.0,27.603688447649994,0,1,1,1,1
0.562932057103121,0.7461856260481858,13.0,27.68695047056026,0,1,1,1,1
0.5626968544197652,0.7471571153924816,12.0,25.218033358770327,0,1,1,1,1
0.5626968544197652,0.7471571153924816,12.0,25.218033358770327,0,1,1,1,1
0.5583223182511439,0.7429689883070666,13.0,27.36559808801855,0,1,1,1,1
0.5566869300911854,0.7389665653495441,15.0,32.455930522049385,0,1,1,1,1
0.5583324860193187,0.7416370106761566,15.0,32.684923999003516,0,1,1,1,1
0.5604573158260727,0.7431791221826809,12.0,24.995172393305097,0,1,1,1,1
0.5590849008642603,0.7423589222165735,11.0,22.97889800791367,0,1,1,1,1
0.5619605677588252,0.7446005644864401,15.0,33.01351838080289,0,1,1,1,1
0.5619810201660735,0.7451323270748967,13.0,27.67628733191962,0,1,1,1,1
0.5619810201660735,0.7451323270748967,13.0,27.67628733191962,0,1,1,1,1
0.5617151388718452,0.74349613449503,13.0,27.954417025389024,0,1,1,1,1
0.5588408744280631,0.7399796644636503,13.0,27.764680997882234,0,1,1,1,1
0.5613879003558719,0.7431586697754325,16.0,35.672894564017895,0,1,1,1,1
0.5608561377674153,0.7438540516218759,13.0,27.84864157991811,0,1,1,1,1
0.5608561377674153,0.7438540516218759,13.0,27.84864157991811,0,1,1,1,1
0.5633004926108375,0.745628078817734,11.0,22.453624275149064,0,1,1,1,1
0.5615003885957377,0.7434756820877817,15.0,32.19869677489032,0,1,1,1,1
0.5624486863711001,0.7446531198686371,13.0,27.918144579824027,0,1,1,1,1
0.5614634646962233,0.7436678981937602,16.0,34.80531704290408,0,1,1,1,1
0.5614634646962233,0.7436678981937602,16.0,34.80531704290408,0,1,1,1,1
0.5594756002781527,0.7418292633042909,16.0,34.534711240509424,0,1,1,1,1
0.5604470896224486,0.7416963226571768,13.0,27.830697263034462,0,1,1,1,1
0.5612787356321839,0.7433908045977011,13.0,27.43188791273968,0,1,1,1,1
0.5617302955665024,0.7438834154351396,14.0,30.18274469311864,0,1,1,1,1
0.5621100164203613,0.7446941707717569,12.0,25.02150921576347,0,1,1,1,1
0.5613711001642037,0.7430726600985221,13.0,27.959475780322517,0,1,1,1,1
0.561535303776683,0.7439860426929392,10.0,20.107798831765137,0,1,1,1,1
0.5623563218390805,0.7446223316912972,11.0,23.047870244915206,0,1,1,1,1
0.561566091954023,0.7440168308702791,13.0,27.940214843328558,0,1,1,1,1
0.559373338241911,0.7405203092403976,15.0,32.647802656542694,0,1,1,1,1
0.561247947454844,0.7439244663382595,13.0,27.765462454793642,0,1,1,1,1
0.5605808702791462,0.7436781609195402,13.0,27.530575080827028,0,1,1,1,1
0.5625449982514965,0.745304753872421,12.0,25.161469791681707,0,1,1,1,1
0.5625449982514965,0.745304753872421,12.0,25.161469791681707,0,1,1,1,1
0.5644921552436003,0.7481626754748142,13.0,28.057108894988662,0,1,1,1,1
0.5647398843930636,0.7477394715111478,11.0,23.10480673835096,0,1,1,1,1
0.5647398843930636,0.7477394715111478,11.0,23.10480673835096,0,1,1,1,1
0.5646985962014863,0.746552436003303,12.0,25.289576323096085,0,1,1,1,1
0.5646985962014863,0.746552436003303,12.0,25.289576323096085,0,1,1,1,1
0.561853448275862,0.7436576354679802,14.0,30.393632398739584,0,1,1,1,1
0.5613197865353038,0.7432060755336617,13.0,27.878274432067315,0,1,1,1,1
0.5614326765188834,0.743134236453202,15.0,32.98196189388484,0,1,1,1,1
0.5618944991789819,0.7436473727422003,13.0,27.902577468943658,0,1,1,1,1
0.5649669694467382,0.7482039636663914,14.0,30.011100482895028,0,1,1,1,1
0.5649669694467382,0.7482039636663914,14.0,30.011100482895028,0,1,1,1,1
0.5621510673234811,0.7439244663382595,14.0,30.041175949686043,0,1,1,1,1
0.5621202791461413,0.7446018062397373,12.0,25.013080461305645,0,1,1,1,1
0.5635425268373245,0.7473988439306358,16.0,34.77767081678361,0,1,1,1,1
0.5616276683087028,0.7433394909688014,14.0,29.961472536073497,0,1,1,1,1
0.5614429392446634,0.7432163382594417,14.0,30.119511647707775,0,1,1,1,1
0.5633257638315442,0.7473059454995871,13.0,27.88417069050153,0,1,1,1,1
0.5602527917535894,0.7424632879289892,16.0,35.087453123389906,0,1,1,1,1
0.5594040168527836,0.7415736082136868,12.0,25.10457836342831,0,1,1,1,1
0.5601505297173477,0.7407861905346259,14.0,30.096762581283595,0,1,1,1,1
0.5598335174049985,0.7428416574630834,12.0,24.732145189960942,0,1,1,1,1
0.5602834703644619,0.7411645600687201,14.0,29.73998313228279,0,1,1,1,1
0.5620894909688013,0.7442220853858785,14.0,29.729479792144826,0,1,1,1,1
0.5620894909688013,0.7442220853858785,14.0,29.729479792144826,0,1,1,1,1
0.565400495458299,0.7468001651527663,13.0,28.26970972687736,0,1,1,1,1
0.5626067101392631,0.7445642112192212,12.0,25.396039580585402,0,1,1,1,1
0.5646985962014863,0.7471614368290669,10.0,20.330862491324865,0,1,1,1,1
0.5625861395100076,0.7442247958365047,13.0,28.017564729301906,0,1,1,1,1
0.5626889926562854,0.7440088042293214,14.0,30.56671791395454,0,1,1,1,1
0.5629255548927242,0.7437413860489992,11.0,23.05222475641022,0,1,1,1,1
0.5640483071841453,0.7456544178364988,12.0,25.41185280152061,0,1,1,1,1
0.5626684220270298,0.7438339538806492,11.0,22.988482555868117,0,1,1,1,1
0.5626684220270298,0.7438339538806492,11.0,22.988482555868117,0,1,1,1,1
0.5636558122312961,0.7430214140250551,17.0,36.87767639524094,0,1,1,1,1
0.56427539223782,0.7443848059454996,13.0,28.51144129437273,0,1,1,1,1
0.5637076796036333,0.7455718414533443,12.0,25.693519367548333,0,1,1,1,1
0.5642237819983484,0.7458298926507019,12.0,25.515158897967417,0,1,1,1,1
0.5623495772735688,0.7439779482854381,16.0,34.28144505342662,0,1,1,1,1
0.5612163325544214,0.7420571475423278,15.0,32.92881926520306,0,1,1,1,1
0.5643889347646573,0.746480181668043,14.0,29.6629877088772,0,1,1,1,1
0.5638212221304707,0.7456234516928159,13.0,28.0302799617371,0,1,1,1,1
0.5615250410509032,0.7430829228243021,12.0,25.969435108271764,0,1,1,1,1
0.5649360033030554,0.7467072667217176,9.0,18.26538212397139,0,1,1,1,1
0.5594244692600319,0.7425655499652309,13.0,27.49229631997931,0,1,1,1,1
0.5617302955665024,0.7452791461412152,14.0,30.670263496224976,0,1,1,1,1
0.5623152709359606,0.7440065681444992,15.0,33.06368740203628,0,1,1,1,1
0.5629002463054187,0.7456691297208539,11.0,23.186172099780073,0,1,1,1,1
0.5633472527924629,0.7464361384814762,12.0,25.18521255178755,0,1,1,1,1
0.5614697099848652,0.7421360494130159,15.0,32.34637461169996,0,1,1,1,1
0.5595471837035219,0.7425348713543584,13.0,27.821289355639205,0,1,1,1,1
0.5603141489753344,0.7424939665398618,14.0,29.87318060134303,0,1,1,1,1
0.5620381773399015,0.7432881773399015,13.0,28.101947132323257,0,1,1,1,1
0.5609993046181535,0.7416758702499284,15.0,32.87207560797132,0,1,1,1,1
0.5615719720211069,0.7432302532008017,13.0,27.655757063902964,0,1,1,1,1
0.5639367816091954,0.7462233169129721,13.0,27.206912477800465,0,1,1,1,1
0.5624002945146643,0.7443449093958359,14.0,29.915314554633508,0,1,1,1,1
0.5624002945146643,0.7443449093958359,14.0,29.915314554633508,0,1,1,1,1
0.563975129872786,0.7446312430973125,13.0,27.238304612714508,0,1,1,1,1
0.562318484885671,0.7429336932957009,15.0,32.42223861366403,0,1,1,1,1
0.5609993046181535,0.7429132408884526,12.0,25.577595494800562,0,1,1,1,1
0.5609993046181535,0.7429132408884526,12.0,25.577595494800562,0,1,1,1,1
0.56247947454844,0.7442631362889983,12.0,25.502529176085833,0,1,1,1,1
0.5642420751650793,0.745849875547693,13.0,27.542963665814405,0,1,1,1,1
0.5608561377674153,0.7424632879289892,15.0,32.37778262268778,0,1,1,1,1
0.5620689655172414,0.7436576354679802,12.0,25.079612924385636,0,1,1,1,1
0.5651734104046243,0.7460672997522708,13.0,27.50354304295757,0,1,1,1,1
0.5605603448275862,0.7413279967159278,13.0,27.60381270113915,0,1,1,1,1
0.5645764119601329,0.746750415282392,12.0,25.262743484287398,0,1,1,1,1
0.5645764119601329,0.746750415282392,12.0,25.262743484287398,0,1,1,1,1
0.5613439306358381,0.7433629232039637,14.0,30.16465206551495,0,1,1,1,1
0.5613439306358381,0.7433629232039637,14.0,30.16465206551495,0,1,1,1,1
0.5618187448389761,0.7417320396366639,16.0,34.9876035944427,0,1,1,1,1
0.5618187448389761,0.7417320396366639,16.0,34.9876035944427,0,1,1,1,1
0.561921965317919,0.7430016515276631,14.0,29.923739586946787,0,1,1,1,1
0.5604562345169282,0.7409991742361685,13.0,27.623662920480673,0,1,1,1,1
0.5630398671096346,0.7456499169435216,12.0,25.077566553572662,0,1,1,1,1
0.5630398671096346,0.7456499169435216,12.0,25.077566553572662,0,1,1,1,1
0.5626349667774087,0.7434800664451827,13.0,27.72641867717148,0,1,1,1,1
0.5596163009923965,0.7407545528000498,13.0,27.535518205480564,0,1,1,1,1
0.561014771997431,0.7415211220916983,14.0,30.035033174614117,0,1,1,1,1
0.5609836948639857,0.7420908695381938,11.0,22.895044477712283,0,1,1,1,1
0.5609836948639857,0.7434271862763379,13.0,27.129076608579307,0,1,1,1,1
0.5609836948639857,0.7434271862763379,13.0,27.129076608579307,0,1,1,1,1
0.5620224252491695,0.7427533222591363,15.0,33.455721601744195,0,1,1,1,1
0.5619289867109635,0.7422549833887043,13.0,27.832944686858124,0,1,1,1,1
0.5617524916943522,0.7427221760797342,14.0,30.14770374887496,0,1,1,1,1
0.5615759966777408,0.740874169435216,14.0,29.63650310170682,0,1,1,1,1
0.5618147840531561,0.7417566445182724,12.0,24.922920174656745,0,1,1,1,1
0.5645265483037426,0.7459677419354839,10.0,20.16747813085649,0,1,1,1,1
0.5634429440693507,0.7447070100858548,11.0,22.5020096359433,0,1,1,1,1
0.5578137902559868,0.7385322047894303,15.0,32.29797049868697,0,1,1,1,1
0.5578137902559868,0.7385322047894303,15.0,32.29797049868697,0,1,1,1,1
0.5599685085047755,0.7401848053535542,13.0,27.374976163972022,0,1,1,1,1
0.5599685085047755,0.7401848053535542,13.0,27.374976163972022,0,1,1,1,1
0.5602792798392277,0.7400812149087368,12.0,25.047925774150826,0,1,1,1,1
0.5602792798392277,0.7400812149087368,12.0,25.047925774150826,0,1,1,1,1
0.563411686254897,0.7439568225389681,12.0,25.228340715557877,0,1,1,1,1
0.5642139701592065,0.7449153955155455,11.0,22.427043329837115,0,1,1,1,1
0.5642139701592065,0.7449153955155455,11.0,22.427043329837115,0,1,1,1,1
0.5644640326748354,0.7451862965741435,11.0,22.672412186975652,0,1,1,1,1
0.5637242643994332,0.7443006584979578,13.0,27.660802143988008,0,1,1,1,1
0.5643285821455364,0.7451133616737518,14.0,30.074322299167136,0,1,1,1,1
0.5643285821455364,0.7451133616737518,14.0,30.074322299167136,0,1,1,1,1
0.5644223555888972,0.7450091689589063,11.0,23.114070570905106,0,1,1,1,1
0.5641722930732683,0.7444465282987414,11.0,23.360375122510668,0,1,1,1,1
0.5641722930732683,0.7444465282987414,11.0,23.360375122510668,0,1,1,1,1
0.5611805167091387,0.7413553773799905,13.0,27.414015068783872,0,1,1,1,1
0.5633387513545053,0.7441964657831125,14.0,30.434132399473434,0,1,1,1,1
0.5636200716845878,0.7458948070350921,13.0,27.51675323078576,0,1,1,1,1
0.5616820871884638,0.7492289739101442,14.0,29.62924044011321,0,1,1,1,1
0.5605984829540719,0.7501979661582062,14.0,29.301311559282407,0,1,1,1,1
0.5616612486454947,0.7519796615820622,12.0,25.20568800960442,0,1,1,1,1
0.557308009909166,0.7450970272502064,12.0,25.057429013474433,0,1,1,1,1
0.557308009909166,0.7450970272502064,12.0,25.057429013474433,0,1,1,1,1
0.5565132122213047,0.7441061106523534,12.0,25.109257932652604,0,1,1,1,1
0.5571118909991742,0.7434351775392238,14.0,29.681556830151468,0,1,1,1,1
0.5579066886870355,0.7418249380677127,14.0,30.11375383755247,0,1,1,1,1
0.562375415282392,0.7448089700996677,13.0,27.163889940335004,0,1,1,1,1
0.559599504541701,0.7421036333608588,12.0,25.465670422812142,0,1,1,1,1
0.5621024716680133,0.7438829842335343,14.0,29.4940997205409,0,1,1,1,1
0.5621024716680133,0.7438829842335343,14.0,29.4940997205409,0,1,1,1,1
0.5616155965773717,0.7459340750409182,11.0,22.381794328774944,0,1,1,1,1
0.5607661549298693,0.7438519071000891,15.0,31.82550725882675,0,1,1,1,1
0.5597853014037986,0.7425784475639967,16.0,35.20337428715446,0,1,1,1,1
0.5592279108175062,0.7419488026424442,15.0,32.31771967017736,0,1,1,1,1
0.5610665672198396,0.7440176518117969,12.0,24.9473149521256,0,1,1,1,1
0.5598059454995871,0.7432080924855491,13.0,27.652560180504793,0,1,1,1,1
0.5594137076796036,0.7430532617671346,15.0,31.895458809086012,0,1,1,1,1
0.554371921182266,0.7395730706075534,16.0,35.05292077255632,0,1,1,1,1
0.5572976878612717,0.7490503715937242,14.0,30.01515360787544,0,1,1,1,1
0.5556855500821019,0.7433292282430214,15.0,31.802736111606503,0,1,1,1,1
0.5566605090311987,0.7436781609195402,16.0,34.096794123584445,0,1,1,1,1
0.55623973727422,0.7442733990147783,15.0,32.022358213891714,0,1,1,1,1
0.5597749793559043,0.7487303881090008,11.0,22.32872113209772,0,1,1,1,1
0.5590068500195421,0.746168720301154,11.0,22.590451945127718,0,1,1,1,1
0.5590068500195421,0.746168720301154,11.0,22.590451945127718,0,1,1,1,1
0.5601568951279934,0.7486374896779521,11.0,22.53938567463108,0,1,1,1,1
0.5601568951279934,0.7486374896779521,11.0,22.53938567463108,0,1,1,1,1
0.5550987851270095,0.7431586697754325,16.0,34.21799030357389,0,1,1,1,1
0.556847465946742,0.7447232789299301,15.0,31.723538252117415,0,1,1,1,1
0.558764367816092,0.7464696223316913,15.0,31.889568957783343,0,1,1,1,1
0.5586822660098523,0.7470443349753695,13.0,27.45787428868256,0,1,1,1,1
0.5577483579638752,0.7473316912972086,13.0,27.20778857639132,0,1,1,1,1
0.5587233169129721,0.7482655993431856,13.0,27.372945458733714,0,1,1,1,1
0.5566428571428571,0.7445510204081632,13.0,27.376766893218402,0,1,1,1,1
0.5585796387520525,0.7481527093596059,12.0,24.91927411074376,0,1,1,1,1
0.5581588669950739,0.7461206896551724,12.0,24.772692357362047,0,1,1,1,1
0.5578201970443349,0.7476293103448276,15.0,32.18045562238558,0,1,1,1,1
0.5606626754748142,0.7495045417010735,12.0,24.943018246692443,0,1,1,1,1
0.5606626754748142,0.7495045417010735,12.0,24.943018246692443,0,1,1,1,1
0.5573894547388227,0.7420951445985192,16.0,35.42489485462494,0,1,1,1,1
0.5542958820538891,0.7401016776817488,15.0,32.03369724959748,0,1,1,1,1
0.553512963904423,0.7400610066090493,15.0,32.27087170340372,0,1,1,1,1
0.5528317234367056,0.7399694966954753,16.0,34.5499228387047,0,1,1,1,1
0.5576734693877551,0.7419489795918367,11.0,22.54300167137134,0,1,1,1,1
0.5576734693877551,0.7419489795918367,11.0,22.54300167137134,0,1,1,1,1
0.558435960591133,0.7452483579638752,15.0,32.22546283692286,0,1,1,1,1
0.5557984400656815,0.7430008210180624,14.0,29.89851660754945,0,1,1,1,1
0.5569683908045977,0.7456691297208539,13.0,27.720599285615464,0,1,1,1,1
0.5585283251231528,0.7459872742200329,13.0,27.58350081014869,0,1,1,1,1
0.5568965517241379,0.7462233169129721,15.0,31.941639416122676,0,1,1,1,1
0.5571644782590911,0.7457254468850983,14.0,29.785036189060893,0,1,1,1,1
0.5585077996715928,0.7470956486042692,12.0,25.258984853912914,0,1,1,1,1
0.5567758825213728,0.7441199329161042,12.0,24.70061715304578,0,1,1,1,1
0.5561725365075469,0.7425348713543584,13.0,28.091030769566714,0,1,1,1,1
0.5632947976878613,0.747677539223782,14.0,29.765979052755483,0,1,1,1,1
0.5632947976878613,0.747677539223782,14.0,29.765979052755483,0,1,1,1,1
0.5617530290251579,0.7445333552753379,14.0,30.460807162968994,0,1,1,1,1
0.5651328312505173,0.7481482247786145,13.0,27.891819346782224,0,1,1,1,1
0.5681639493503269,0.7492861872051643,12.0,25.48633882075417,0,1,1,1,1
0.5672535794090872,0.7481585698915832,12.0,24.952159703832393,0,1,1,1,1
0.5664363154845651,0.7484585781676736,9.0,17.980534993469092,0,1,1,1,1
0.5631415464999074,0.743936807026927,16.0,35.27636382941182,0,1,1,1,1
0.5699048927181536,0.7507335955547231,11.0,22.47035843766018,0,1,1,1,1
0.5713704630788485,0.752909887359199,11.0,22.44286571928372,0,1,1,1,1
0.5713704630788485,0.752909887359199,11.0,22.44286571928372,0,1,1,1,1
0.5767348986973885,0.7558282978234052,13.0,27.127248985573154,0,1,1,1,1
0.5798436452045607,0.7588028169014085,14.0,29.594639903403298,0,1,1,1,1
0.5791729543930249,0.7588447350771295,12.0,24.889124668170325,0,1,1,1,1
0.5803571428571429,0.7567564745196325,14.0,30.062153144503732,0,1,1,1,1
0.5787337662337663,0.7559523809523809,16.0,34.811196178416715,0,1,1,1,1
0.5834776440151057,0.762857560141042,11.0,22.710203838141453,0,1,1,1,1
0.5835606812169312,0.7584222056878307,13.0,27.832529088206044,0,1,1,1,1
0.5835606812169312,0.7584222056878307,13.0,27.832529088206044,0,1,1,1,1
0.5891976003767326,0.7640916443152269,13.0,27.74652845927394,0,1,1,1,1
0.593491124260355,0.7666292593348296,15.0,32.421031353840576,0,1,1,1,1
0.5904925544100802,0.766503888587448,10.0,20.427943162294415,0,1,1,1,1
0.5953196347031964,0.7711287350797084,12.0,25.119500195065555,0,1,1,1,1
0.6022056539297919,0.7761241845293569,19.0,43.01666237365975,0,1,1,1,1
0.6046788111217641,0.7789069990412272,16.0,35.11232341035433,0,1,1,1,1
0.60842389774199,0.7843534733562325,19.0,43.00447101815429,0,1,1,1,1
0.6111038767765459,0.7858099560979239,17.0,37.609691527235285,0,1,1,1,1
0.6111038767765459,0.7858099560979239,17.0,37.609691527235285,0,1,1,1,1
0.6145217327025428,0.7910999408633944,19.0,41.92217018716807,0,1,1,1,1
0.6174644904516742,0.7975499324497024,17.0,37.531083178266755,0,1,1,1,1
0.6235643388869195,0.8056540233959589,18.0,39.36629834846475,0,1,1,1,1
0.6235643388869195,0.8056540233959589,18.0,39.36629834846475,0,1,1,1,1
0.627290621516165,0.8056891025641025,22.0,50.47595867047928,0,1,1,1,1
0.6300708470996969,0.8089938349398822,18.0,39.815405107294076,0,1,1,1,1
0.632418948592095,0.8137916559028675,20.0,45.35759255833019,0,1,1,1,1
0.632418948592095,0.8137916559028675,20.0,45.35759255833019,0,1,1,1,1
0.6268822568940493,0.8122581035316885,22.0,49.56325357314091,0,1,1,1,1
0.6268822568940493,0.8122581035316885,22.0,49.56325357314091,0,1,1,1,1
0.6244457623767968,0.8044211923522269,17.0,37.603348045348746,0,1,1,1,1
0.6214605171208945,0.7990426275331936,20.0,44.62221815587053,0,1,1,1,1
0.6244164919636618,0.8035988819007687,15.0,32.52452489441781,0,1,1,1,1
0.6235073282908044,0.804989887235752,18.0,39.625420512831326,0,1,1,1,1
0.6235073282908044,0.804989887235752,18.0,39.625420512831326,0,1,1,1,1
0.625140705123751,0.8098083630956517,18.0,39.94095740104176,0,1,1,1,1
0.625140705123751,0.8098083630956517,18.0,39.94095740104176,0,1,1,1,1
0.6263783813963876,0.813573043745289,18.0,39.3556775620012,0,1,1,1,1
0.6248499483543173,0.8130705452109098,19.0,42.337701638269714,0,1,1,1,1
0.6287907465825446,0.8155064844023835,17.0,38.00844444752557,0,1,1,1,1
0.6266035751840168,0.8151209253417455,20.0,45.59834388356542,0,1,1,1,1
0.6229019126749568,0.8123361958400713,21.0,46.998510996607735,0,1,1,1,1
0.6257921331062785,0.8143477289857904,21.0,47.54851296885954,0,1,1,1,1
0.6257921331062785,0.8143477289857904,21.0,47.54851296885954,0,1,1,1,1
0.6308649789029536,0.8207524613220816,15.0,32.27385312072733,0,1,1,1,1
0.626008486641914,0.8160994947098071,18.0,39.64691528690372,0,1,1,1,1
0.6252128639624801,0.8160297032466989,21.0,46.492097704251016,0,1,1,1,1
0.6256176544485078,0.8163018899528209,21.0,46.45528061298719,0,1,1,1,1
0.6258619245693867,0.8177814689707155,15.0,33.226278785589926,0,1,1,1,1
0.6225999501288338,0.8133848668716925,20.0,45.1876964168891,0,1,1,1,1
0.6207327455988575,0.8135934195710087,21.0,47.72579049573667,0,1,1,1,1
0.6217984695623605,0.8144515475489726,20.0,45.55984881438066,0,1,1,1,1
0.623751364628821,0.8162936681222708,20.0,45.31476257968834,0,1,1,1,1
0.623751364628821,0.8162936681222708,20.0,45.31476257968834,0,1,1,1,1
0.6188318431309086,0.8121198635217327,22.0,49.1976967311584,0,1,1,1,1
0.618116145979923,0.8121842038250707,19.0,41.821120459762795,0,1,1,1,1
0.618666129898014,0.8112050456253355,24.0,54.406958106635116,0,1,1,1,1
0.6133035476126967,0.8081955188050147,23.0,52.26419290395548,0,1,1,1,1
0.6163882323090688,0.8088484702803039,17.0,36.54132870185973,0,1,1,1,1
0.6189160325724202,0.8098718462154586,21.0,48.03870928458639,0,1,1,1,1
0.6208274941608275,0.8085952619285952,22.0,49.57430055870888,0,1,1,1,1
0.6231841250234956,0.8095781531108187,21.0,47.91517448916319,0,1,1,1,1
0.6285855991738345,0.8149280502221679,22.0,48.82763993362668,0,1,1,1,1
0.6299172475643063,0.8132974603562839,25.0,57.996835826273234,0,1,1,1,1
0.6299172475643063,0.8132974603562839,25.0,57.996835826273234,0,1,1,1,1
0.6352792153250061,0.8171959248922969,23.0,51.73233530225557,0,1,1,1,1
0.642365953025456,0.8272427747245236,20.0,44.87271645706447,0,1,1,1,1
0.6428688962935538,0.8293978910417267,16.0,35.46544734218335,0,1,1,1,1
0.6373738603468333,0.8256296837377919,22.0,50.42813980626801,0,1,1,1,1
0.6364394244991259,0.8237730267581014,22.0,49.62971508759709,0,1,1,1,1
0.632224340850812,0.8198566638174765,20.0,44.960416937312,0,1,1,1,1
0.6308936403508771,0.8179041353383458,23.0,51.646070748670496,0,1,1,1,1
0.6348922278162367,0.8221103419341305,19.0,44.41637137286925,0,1,1,1,1
0.6382974507991018,0.8267071721040814,20.0,46.01220911727731,0,1,1,1,1
0.6352793554352133,0.8235437854972923,22.0,49.50567070316555,0,1,1,1,1
0.634301941619337,0.8202086910579844,21.0,47.563790866860295,0,1,1,1,1
0.6332981112138423,0.8201162329943205,21.0,47.34059954093673,0,1,1,1,1
0.6369653972291012,0.8224817615956094,19.0,42.2959353381928,0,1,1,1,1
0.6337020255863539,0.8184235074626866,24.0,54.55756045406669,0,1,1,1,1
0.6337020255863539,0.8184235074626866,24.0,54.55756045406669,0,1,1,1,1
0.6309968017057569,0.8152518656716418,19.0,43.2383159646372,0,1,1,1,1
0.6308168976545843,0.8143656716417911,23.0,52.44180006129537,0,1,1,1,1
0.6348527632109722,0.817775984940164,22.0,49.00068118675172,0,1,1,1,1
0.6320088745461879,0.8147774640311953,22.0,49.514098433639305,0,1,1,1,1
0.6381192161132281,0.8199714207947741,24.0,55.46898138095822,0,1,1,1,1
0.6369011976047905,0.8169229722373434,25.0,57.186656974257176,0,1,1,1,1
0.6377245508982036,0.8193681130888907,20.0,45.45812463464391,0,1,1,1,1
0.6363500678426052,0.8157394843962008,18.0,40.592432497305566,0,1,1,1,1
0.6360922659430122,0.8183853459972863,20.0,45.41515153348681,0,1,1,1,1
0.6352985074626866,0.8179240162822252,26.0,59.40452058429669,0,1,1,1,1
0.6346132971506105,0.8167232021709634,25.0,57.63303957267321,0,1,1,1,1
0.6346132971506105,0.8167232021709634,25.0,57.63303957267321,0,1,1,1,1
0.6361275812717235,0.8180603830164247,20.0,44.38331196058551,0,1,1,1,1
0.6356368840727867,0.8155387446329994,23.0,53.05444722994209,0,1,1,1,1
0.633926259115382,0.814959449328699,23.0,52.05464456519404,0,1,1,1,1
0.633926259115382,0.814959449328699,23.0,52.05464456519404,0,1,1,1,1
0.6344646629864377,0.8156409732161112,26.0,59.40788371724958,0,1,1,1,1
0.6340693791317386,0.8157295713214748,19.0,42.68113306539018,0,1,1,1,1
0.6386348076133096,0.819574147610571,23.0,54.33160795571531,0,1,1,1,1
0.6374709023688895,0.8183417773517733,24.0,54.65668300945295,0,1,1,1,1
0.6374709023688895,0.8183417773517733,24.0,54.65668300945295,0,1,1,1,1
0.6365123921676024,0.8168218540325893,23.0,52.81018723596389,0,1,1,1,1
0.6360262905655211,0.8163631384362591,26.0,59.020984069343086,0,1,1,1,1
0.6360262905655211,0.8163631384362591,26.0,59.020984069343086,0,1,1,1,1
0.6372095259023238,0.8178459594572324,25.0,57.76825100685543,0,1,1,1,1
0.633258365705718,0.812403734750903,25.0,57.58003354057903,0,1,1,1,1
0.633258365705718,0.812403734750903,25.0,57.58003354057903,0,1,1,1,1
0.6362248391072162,0.8147747501026975,23.0,52.97037620582392,0,1,1,1,1
0.6353895659318088,0.8153498562234698,25.0,57.37740804478846,0,1,1,1,1
0.6371277254281588,0.817552789050141,23.0,52.67363646547488,0,1,1,1,1
0.6379798007671293,0.8177515935870195,23.0,52.8419499033519,0,1,1,1,1
0.6361372859206272,0.8165554714904739,28.0,64.02382536489797,0,1,1,1,1
0.6361372859206272,0.8165554714904739,28.0,64.02382536489797,0,1,1,1,1
0.6337210899302312,0.8136296214909631,24.0,54.90436030308865,0,1,1,1,1
0.6307613309598795,0.8120909215390936,28.0,64.25004269354514,0,1,1,1,1
0.6312063535533342,0.8114884294125702,23.0,52.292049903799175,0,1,1,1,1
0.6362631288004422,0.8143656716417911,21.0,48.00720438064331,0,1,1,1,1
0.6378797402053216,0.8207905579998603,20.0,46.02308467253485,0,1,1,1,1
0.63762594370071,0.819490050798462,18.0,40.23835450917045,0,1,1,1,1
0.6361805730964609,0.8166554404872162,25.0,56.489274467388206,0,1,1,1,1
0.6351561842216048,0.815350397126098,23.0,53.12733473630028,0,1,1,1,1
0.6384410882968494,0.8210164602070252,19.0,42.85062367728216,0,1,1,1,1
0.6384410882968494,0.8210164602070252,19.0,42.85062367728216,0,1,1,1,1
0.6434203796317345,0.8258908274607866,19.0,43.71269569294627,0,1,1,1,1
0.6422908615594454,0.8251946465105706,21.0,47.851419114179436,0,1,1,1,1
0.6396340077290293,0.8217563650829735,24.0,55.4053836586051,0,1,1,1,1
0.6443199770213989,0.8271003877638948,18.0,40.78750425521441,0,1,1,1,1
0.6433397196732883,0.825083910744897,28.0,64.61270969871626,0,1,1,1,1
0.6475319396051104,0.830458768873403,22.0,51.15024518397471,0,1,1,1,1
0.6442784992784992,0.8269769119769119,25.0,56.86166017368245,0,1,1,1,1
0.6445887445887446,0.8298268398268398,23.0,52.14236683101506,0,1,1,1,1
0.643246085365678,0.8275688212160935,22.0,50.29262956022911,0,1,1,1,1
0.643246085365678,0.8275688212160935,22.0,50.29262956022911,0,1,1,1,1
0.642987012987013,0.8272871572871573,24.0,55.0819369185199,0,1,1,1,1
0.6427413518598929,0.8270878564191634,24.0,55.165516216366186,0,1,1,1,1
0.6456688290721225,0.8305471570728271,24.0,54.64449978771532,0,1,1,1,1
0.642856074542708,0.8334006371427289,23.0,52.54695110103212,0,1,1,1,1
0.6448063846864447,0.8305392758166371,23.0,52.198931116713894,0,1,1,1,1
0.6448063846864447,0.8305392758166371,23.0,52.198931116713894,0,1,1,1,1
0.6476902173913044,0.8336805555555555,20.0,45.10457274257033,0,1,1,1,1
0.6495655487804878,0.8369893292682927,20.0,44.69042608492368,0,1,1,1,1
0.6479012156892728,0.8348038840889976,19.0,43.84274459296169,0,1,1,1,1
0.6479012156892728,0.8348038840889976,19.0,43.84274459296169,0,1,1,1,1
0.6459745374610735,0.8325929657446419,22.0,50.832156251275414,0,1,1,1,1
0.6477320995145631,0.8317202669902912,22.0,49.90995401036328,0,1,1,1,1
0.6457653985507247,0.8317481884057971,22.0,49.17286187367904,0,1,1,1,1
0.6457653985507247,0.8317481884057971,22.0,49.17286187367904,0,1,1,1,1
0.6446852331410052,0.8303348325837081,21.0,47.31693092669504,0,1,1,1,1
0.6441021913285782,0.8305241318734572,17.0,38.06800149579238,0,1,1,1,1
0.6435956435036049,0.8307485810707164,20.0,45.84226664307432,0,1,1,1,1
0.6435956435036049,0.8307485810707164,20.0,45.84226664307432,0,1,1,1,1
0.6441007437457742,0.8295454545454546,20.0,45.86127841127866,0,1,1,1,1
0.6441775769869076,0.8290537218022005,27.0,62.72034896893224,0,1,1,1,1
0.643030024509804,0.8268152573529411,22.0,50.2022306048061,0,1,1,1,1
0.643030024509804,0.8268152573529411,22.0,50.2022306048061,0,1,1,1,1
0.648576926658183,0.8345541450696794,26.0,60.430504906902534,0,1,1,1,1
0.648576926658183,0.8345541450696794,26.0,60.430504906902534,0,1,1,1,1
0.6446617955358244,0.82944876063633,27.0,61.42380120133282,0,1,1,1,1
0.6437703608089004,0.8299680373716884,25.0,57.71083779514121,0,1,1,1,1
0.6437703608089004,0.8299680373716884,25.0,57.71083779514121,0,1,1,1,1
0.643005062126093,0.828485964104924,22.0,49.82264120330664,0,1,1,1,1
0.640683538496827,0.826859851670617,26.0,60.639291121611315,0,1,1,1,1
0.6413406964258321,0.8259012118423071,18.0,40.08666532371646,0,1,1,1,1
0.637858231707317,0.8234908536585366,24.0,54.285517395831114,0,1,1,1,1
0.6423713235294117,0.8267463235294118,21.0,47.316936328550874,0,1,1,1,1
0.6406124154699491,0.8259782691284857,28.0,64.57138911261538,0,1,1,1,1
0.6595084683357879,0.8498343151693667,18.0,39.0635102931059,0,1,1,1,1
0.6570238837729757,0.8458102505778332,19.0,42.58623134214912,0,1,1,1,1
0.6610366382092084,0.8467906993896704,15.0,32.92503398020794,0,1,1,1,1
0.6635435201660735,0.8509508451957295,14.0,30.207495868404653,0,1,1,1,1
0.6595246436671399,0.8500175170099386,19.0,41.959774081788794,0,1,1,1,1
0.6613475177304965,0.8493738918439716,20.0,44.912574904272915,0,1,1,1,1
0.6613475177304965,0.8493738918439716,20.0,44.912574904272915,0,1,1,1,1
0.6578932862969904,0.8480505640686437,18.0,39.73703811845592,0,1,1,1,1
0.6613290484633569,0.852310505319149,18.0,38.754675419061286,0,1,1,1,1
0.6588670855840958,0.8490335501414765,16.0,34.47578786682344,0,1,1,1,1
0.6629635786052009,0.8530123374704491,19.0,42.1589447877681,0,1,1,1,1
0.6622865135453475,0.8491423733804476,21.0,46.42470194754901,0,1,1,1,1
0.6619460394581861,0.8477988810365136,20.0,44.2984208854738,0,1,1,1,1
0.662003176713948,0.8498725620567376,15.0,32.30402589542195,0,1,1,1,1
0.6606108819121973,0.8517381088931234,20.0,43.40368286803787,0,1,1,1,1
0.6631485958713037,0.8533010972661336,16.0,34.30404599557525,0,1,1,1,1
0.6631485958713037,0.8533010972661336,16.0,34.30404599557525,0,1,1,1,1
0.6561063750926612,0.8515845070422535,18.0,39.32586719221095,0,1,1,1,1
0.6526714026714027,0.8497058497058497,21.0,47.12681278693238,0,1,1,1,1
0.6505429964539007,0.84978945035461,18.0,39.98994778674349,0,1,1,1,1
0.6450635208711434,0.840480943738657,19.0,42.55178406692928,0,1,1,1,1
0.6477108868060563,0.8368871665465032,18.0,39.615661340941976,0,1,1,1,1
0.6512086133492839,0.8277945885084972,20.0,44.70207985531839,0,1,1,1,1
0.6541570236341959,0.8240760221614419,19.0,42.722956727257824,0,1,1,1,1
0.6541570236341959,0.8240760221614419,19.0,42.722956727257824,0,1,1,1,1
0.6587712805329385,0.8271650629163583,19.0,41.5664762253113,0,1,1,1,1
0.6586831623841246,0.8258432906841493,18.0,39.20885390193963,0,1,1,1,1
0.6561982305875718,0.825296958161503,25.0,55.624447490054,0,1,1,1,1
0.6550791300976349,0.8251559691234006,19.0,43.51536647379642,0,1,1,1,1
0.6576774125095051,0.8261949813436135,14.0,29.035745176144953,0,1,1,1,1
0.6643024744027304,0.8311735637087599,16.0,34.69739933806197,0,1,1,1,1
0.6656987652556153,0.8313975305112307,21.0,46.734791122953965,0,1,1,1,1
0.6661454889837929,0.8297625216661009,19.0,41.931343088183304,0,1,1,1,1
0.6632775226488931,0.8284044815324411,23.0,51.52441020504981,0,1,1,1,1
0.6679180887372014,0.830797557032513,18.0,39.486368697272724,0,1,1,1,1
0.6679180887372014,0.830797557032513,18.0,39.486368697272724,0,1,1,1,1
0.6633009224632261,0.825043630017452,21.0,46.33660861827466,0,1,1,1,1
0.6658685202723228,0.8269570966531459,19.0,42.65724355438165,0,1,1,1,1
0.6657613065775602,0.8272340653646159,23.0,53.22052768497957,0,1,1,1,1
0.6672086914568555,0.8270107035005272,21.0,46.78793876745663,0,1,1,1,1
0.6675124635920161,0.8269213587548916,20.0,43.38640245954349,0,1,1,1,1
0.6687164339419979,0.8299588256355174,21.0,47.80753994953513,0,1,1,1,1
0.6687164339419979,0.8299588256355174,21.0,47.80753994953513,0,1,1,1,1
0.6688238453276047,0.8294307196562836,19.0,42.41540476779212,0,1,1,1,1
0.6722920783186636,0.8323872821986708,19.0,42.55916626816696,0,1,1,1,1
0.6643113623435722,0.82745840443686,17.0,37.031274536118225,0,1,1,1,1
0.6655269437617979,0.8268778715674752,23.0,51.32150283114213,0,1,1,1,1
0.6669227882708217,0.8292979289887962,19.0,41.71599558276134,0,1,1,1,1
0.6677440609751754,0.8274566371051039,20.0,43.746041536438135,0,1,1,1,1
0.6677440609751754,0.8274566371051039,20.0,43.746041536438135,0,1,1,1,1
0.6691832103354002,0.8290745671247074,20.0,45.64391969149986,0,1,1,1,1
0.6664089163822525,0.8261074374288965,18.0,39.900088058874665,0,1,1,1,1
0.6603221599520638,0.8210496633886716,21.0,47.30853773604605,0,1,1,1,1
0.6603221599520638,0.8210496633886716,21.0,47.30853773604605,0,1,1,1,1
0.662867601549099,0.8234186280924508,23.0,51.55507705832041,0,1,1,1,1
0.6643579711677418,0.8237901378167848,21.0,47.98252358427826,0,1,1,1,1
0.6676137363217339,0.8211181872559024,20.0,45.628185616045975,0,1,1,1,1
0.6716299138799979,0.825434578860811,24.0,54.850855714713006,0,1,1,1,1
0.6640258890519726,0.8256733098728536,21.0,47.52115704845121,0,1,1,1,1
0.6605239083776081,0.821241335632103,19.0,41.633483344270005,0,1,1,1,1
0.6689136794614219,0.8229970744774594,23.0,53.096015536999495,0,1,1,1,1
0.6629304571569561,0.8228208381798315,23.0,52.35848976126167,0,1,1,1,1
0.6700239681364774,0.8235874660745127,19.0,44.158123829962925,0,1,1,1,1
0.6705158358237988,0.8253461599674619,17.0,38.00413890016291,0,1,1,1,1
0.6694864474287124,0.8239046914102428,21.0,47.62580127036553,0,1,1,1,1
0.6650887158987306,0.8194561329686514,21.0,47.669396971828625,0,1,1,1,1
0.6665264043761835,0.8200873132758258,17.0,38.24955907451758,0,1,1,1,1
0.6665264043761835,0.8200873132758258,17.0,38.24955907451758,0,1,1,1,1
0.6690194212399986,0.8230411335518664,17.0,38.47662865859214,0,1,1,1,1
0.67192169622805,0.8240994535712391,20.0,45.882312598664114,0,1,1,1,1
0.6711701356345824,0.8250366938407399,22.0,50.14565590523995,0,1,1,1,1
0.6677544773231061,0.8227279124590972,22.0,51.21340441311854,0,1,1,1,1
0.6715326530973138,0.8247891209393623,16.0,37.07672675254638,0,1,1,1,1
0.6682470708279089,0.8220154111396503,20.0,45.69704547819307,0,1,1,1,1
0.6663072445473035,0.8199821165579634,17.0,38.418056428844324,0,1,1,1,1
0.6691003131487281,0.8227806903346118,21.0,48.43535495822292,0,1,1,1,1
0.6686604975194399,0.8226751345835825,21.0,49.1925635890447,0,1,1,1,1
0.6686604975194399,0.8226751345835825,21.0,49.1925635890447,0,1,1,1,1
0.6673504453327723,0.8207272599761554,20.0,45.464691126276605,0,1,1,1,1
0.6670436215723403,0.8199908829511185,20.0,46.176597234740235,0,1,1,1,1
0.6704293116210215,0.8210408515737901,22.0,49.75578546477019,0,1,1,1,1
0.6698304070933465,0.8213644840083038,18.0,42.430683815514655,0,1,1,1,1
0.6665193018444181,0.8267166528143733,19.0,42.60018887818507,0,1,1,1,1
0.6665193018444181,0.8267166528143733,19.0,42.60018887818507,0,1,1,1,1
0.669072292129287,0.8304430580522364,18.0,39.92584418099608,0,1,1,1,1
0.6684202178280638,0.8302491981248458,21.0,48.11400926172071,0,1,1,1,1
0.6663118820590409,0.8287533865803455,21.0,48.441364919169025,0,1,1,1,1
0.6631075110456554,0.8242425836313907,22.0,50.42560712056679,0,1,1,1,1
0.6691188173088826,0.8294753222868663,20.0,44.29965123022629,0,1,1,1,1
0.6641594782242795,0.8251455221263764,20.0,43.9675229922521,0,1,1,1,1
0.6643874044463146,0.8247422680412371,20.0,44.1758386351162,0,1,1,1,1
0.6640630478995722,0.8245844729644435,23.0,52.006238700099814,0,1,1,1,1
0.6686405132000987,0.8276585245497162,22.0,48.76230880128407,0,1,1,1,1
0.6618698761555905,0.8213587999302285,18.0,40.65632189531937,0,1,1,1,1
0.663465899180185,0.8212192569335427,18.0,39.37102186799649,0,1,1,1,1
0.6681591077020513,0.828436719327258,18.0,39.652453965460865,0,1,1,1,1
0.6685021638928961,0.8294922768375497,22.0,49.5668696997979,0,1,1,1,1
0.6663166185350485,0.8274525247221493,18.0,39.93224947245401,0,1,1,1,1
0.6654502494092938,0.8260435809923865,20.0,43.39579960552683,0,1,1,1,1
0.6640589569160997,0.8234606663178091,20.0,44.46411197430061,0,1,1,1,1
0.6606188393724837,0.8205088157712065,21.0,48.10733798007814,0,1,1,1,1
0.6606188393724837,0.8205088157712065,21.0,48.10733798007814,0,1,1,1,1
0.6609138553380536,0.8213938636679161,25.0,57.103931598421056,0,1,1,1,1
0.6609138553380536,0.8213938636679161,25.0,57.103931598421056,0,1,1,1,1
0.6617294877134527,0.8224871581285575,21.0,46.79952764280651,0,1,1,1,1
0.662250104123282,0.8233461752047758,19.0,42.3412037110514,0,1,1,1,1
0.6625364431486881,0.822660696931834,19.0,42.42913085523524,0,1,1,1,1
0.6625364431486881,0.822660696931834,19.0,42.42913085523524,0,1,1,1,1
0.6606495390034186,0.8200732069477538,20.0,44.54215482875384,0,1,1,1,1
0.6606495390034186,0.8200732069477538,20.0,44.54215482875384,0,1,1,1,1
0.6699978960656428,0.8262325548776212,21.0,46.61177259614033,0,1,1,1,1
0.6776059382086168,0.8304988662131519,21.0,46.93267627380684,0,1,1,1,1
0.6838860544217688,0.8274163832199547,20.0,45.96159487236804,0,1,1,1,1
0.6813559620739488,0.8257111134609284,23.0,53.132794385970655,0,1,1,1,1
0.681003489478693,0.8261693278347608,17.0,39.05020200693171,0,1,1,1,1
0.6795142927637376,0.8267597194318141,23.0,52.318381930540426,0,1,1,1,1
0.6789679602410913,0.8262750696133375,22.0,50.75859415363947,0,1,1,1,1
0.6789679602410913,0.8262750696133375,22.0,50.75859415363947,0,1,1,1,1
0.6787564766839378,0.8260635860561841,18.0,41.044883000633135,0,1,1,1,1
0.675310330317694,0.8224367066414194,20.0,46.00770117575737,0,1,1,1,1
0.6771967854499312,0.8264953649853723,21.0,47.812220978002465,0,1,1,1,1
0.6780339078636636,0.8265218004300166,21.0,49.02304380639185,0,1,1,1,1
0.6781044023827147,0.824873991047196,20.0,45.866556635385,0,1,1,1,1
0.6773377744880336,0.8247594374537379,22.0,50.12462510736124,0,1,1,1,1
0.6782806386803426,0.8255613126079447,19.0,42.84494534582712,0,1,1,1,1
0.6786331112755983,0.8252000281978076,21.0,48.59336272070832,0,1,1,1,1
0.6764292614384825,0.8237902871695794,20.0,45.637066051509755,0,1,1,1,1
0.6764292614384825,0.8237902871695794,20.0,45.637066051509755,0,1,1,1,1
0.6750911704888141,0.8221474156672979,20.0,46.46576197131321,0,1,1,1,1
0.6714634571777429,0.8187598116169544,23.0,53.71318497973082,0,1,1,1,1
0.6749684409846413,0.8220860509152115,19.0,43.59056490423315,0,1,1,1,1
0.6748632442667789,0.8217090960095378,20.0,45.8790934879163,0,1,1,1,1
0.6748632442667789,0.8217090960095378,20.0,45.8790934879163,0,1,1,1,1
0.6765623347784709,0.8245479538965845,21.0,49.05320941903109,0,1,1,1,1
0.6766240174826407,0.8236491487786824,22.0,50.36702941032449,0,1,1,1,1
0.6766240174826407,0.8236491487786824,22.0,50.36702941032449,0,1,1,1,1
0.6773730217475591,0.8236932078530894,23.0,53.52824165013415,0,1,1,1,1
0.6776638116386451,0.8240368686334637,21.0,48.770119083020354,0,1,1,1,1
0.67491584262571,0.8208324566940178,19.0,44.77507560179556,0,1,1,1,1
0.6739603057717932,0.8214198050354162,21.0,47.93491958564582,0,1,1,1,1
0.6739603057717932,0.8214198050354162,21.0,47.93491958564582,0,1,1,1,1
0.6709488923774638,0.8171986743415315,25.0,57.78218663561167,0,1,1,1,1
0.6748983098393997,0.8199996493442738,19.0,43.422342986727045,0,1,1,1,1
0.6808166368989725,0.826654759589029,20.0,45.741948607105165,0,1,1,1,1
0.6762077337180254,0.8227894866471975,18.0,40.63095816879173,0,1,1,1,1
0.6736184164387404,0.821148046847605,20.0,46.290364484878275,0,1,1,1,1
0.6747405147626061,0.821016550950277,21.0,47.34031449397754,0,1,1,1,1
0.6764452341578411,0.8237570810316316,18.0,41.09123379725034,0,1,1,1,1
0.6714111285539857,0.8185766614338043,18.0,41.55470147122045,0,1,1,1,1
0.6735888684694146,0.8213616872319944,22.0,50.47749998148384,0,1,1,1,1
0.6735888684694146,0.8213616872319944,22.0,50.47749998148384,0,1,1,1,1
0.6787410717427255,0.8245927307272791,24.0,54.46489146462474,0,1,1,1,1
0.6765025597868013,0.8222964443509363,25.0,58.221666634513475,0,1,1,1,1
0.6733996162567591,0.8185766614338043,25.0,59.271151209439644,0,1,1,1,1
0.6729461015175301,0.8193964765393337,21.0,47.733154633595284,0,1,1,1,1
0.6738531309959881,0.8188208616780045,20.0,47.09367414474139,0,1,1,1,1
0.6738880167451596,0.8191348334205477,20.0,45.61030282119708,0,1,1,1,1
0.6775106949996493,0.8224717722140402,22.0,51.036047528986245,0,1,1,1,1
0.6725510647544546,0.817070838765754,24.0,55.06222811243181,0,1,1,1,1
0.6741932670504099,0.8202250130821559,19.0,43.485053511353705,0,1,1,1,1
0.6739054596197454,0.8200593057735915,21.0,48.45291124275319,0,1,1,1,1
0.6751177394034537,0.8188993546136403,19.0,43.61369062335918,0,1,1,1,1
0.6742281527995814,0.819117390545962,19.0,43.729428409679265,0,1,1,1,1
0.6770197769829581,0.821586366505365,22.0,49.494580298216505,0,1,1,1,1
0.676572690932043,0.8216827968300723,20.0,46.83379910171421,0,1,1,1,1
0.6773791991023214,0.8223227435304018,21.0,48.83281657758563,0,1,1,1,1
0.6754412021666958,0.8203302463742792,24.0,55.46238672570366,0,1,1,1,1
0.6754412021666958,0.8203302463742792,24.0,55.46238672570366,0,1,1,1,1
0.6661190786614516,0.8187049109083008,20.0,44.80466840890018,0,1,1,1,1
0.6698759391927311,0.822977459374454,20.0,44.79473844560988,0,1,1,1,1
0.6691697191697191,0.8207134135705564,19.0,43.1154770982828,0,1,1,1,1
0.668785975928833,0.8205215419501134,18.0,40.72121056989738,0,1,1,1,1
0.6753357753357754,0.8193441479155765,20.0,46.54539057233016,0,1,1,1,1
0.6739141810570382,0.8187859759288331,22.0,49.98773562144564,0,1,1,1,1
0.6746293389150532,0.8196930054072912,20.0,45.514220471882375,0,1,1,1,1
0.674446188731903,0.8198499912785627,21.0,48.775883906694425,0,1,1,1,1
0.6755141331933141,0.8222280563577492,22.0,51.06457476144926,0,1,1,1,1
0.6736438165009594,0.819309262166405,22.0,51.167120383170456,0,1,1,1,1
0.6741671027385313,0.8202250130821559,20.0,45.91787419705792,0,1,1,1,1
0.6736438165009594,0.8195447409733124,20.0,45.25865744760977,0,1,1,1,1
0.6739229024943311,0.8194749694749695,21.0,48.08671952841096,0,1,1,1,1
0.6697643343051506,0.8166736082187978,22.0,50.704702217253406,0,1,1,1,1
0.6708836595862835,0.8162224073302791,21.0,47.806316031570304,0,1,1,1,1
0.6710745522698875,0.8165955157573234,24.0,55.486624277181996,0,1,1,1,1
0.6732778435606325,0.8181723201225883,22.0,50.76618960434459,0,1,1,1,1
0.6718467999444676,0.8181226572261557,24.0,54.82846775828335,0,1,1,1,1
0.6718467999444676,0.8181226572261557,24.0,54.82846775828335,0,1,1,1,1
0.6667621130084687,0.8187994585589338,21.0,48.327579598118696,0,1,1,1,1
0.6647786233137323,0.8195261155309581,24.0,54.30142329085551,0,1,1,1,1
0.6667360821879772,0.8203613077884215,24.0,54.868720058196715,0,1,1,1,1
0.6662935582396223,0.8203613077884215,23.0,51.75341253118529,0,1,1,1,1
0.6669009440510898,0.8195890601138415,23.0,51.87780960596737,0,1,1,1,1
0.6666840205469943,0.8209513397195612,19.0,42.575370305514454,0,1,1,1,1
0.666553866444537,0.821202970984312,21.0,46.727153155780115,0,1,1,1,1
0.6701901273329844,0.8248997034711321,21.0,47.39390217443504,0,1,1,1,1
0.6623415863807451,0.8169912635104803,20.0,44.81046813092647,0,1,1,1,1
0.6634465969128768,0.8171811871956904,17.0,37.920848590234954,0,1,1,1,1
0.6650609482371629,0.8158689871887841,20.0,44.407739484647706,0,1,1,1,1
0.6666840205469943,0.8189729973622102,20.0,44.75241396071144,0,1,1,1,1
0.6693267050409908,0.822562358276644,21.0,47.07437990148296,0,1,1,1,1
0.6676731917256699,0.8204567541302236,20.0,45.36220023483618,0,1,1,1,1
0.6672393447174788,0.8206476468138276,22.0,49.12268794478399,0,1,1,1,1
0.6672393447174788,0.8206476468138276,22.0,49.12268794478399,0,1,1,1,1
0.6675430376232125,0.8203092461474386,21.0,47.112095570445575,0,1,1,1,1
0.6642149245484996,0.8178459200939259,20.0,44.02117498365799,0,1,1,1,1
0.664413481128492,0.8180531095687006,21.0,46.603548473964345,0,1,1,1,1
0.6743717895321394,0.8200576148826878,18.0,40.68764578463175,0,1,1,1,1
0.6754390531722894,0.8206997084548106,15.0,33.60652961216978,0,1,1,1,1
0.6747969596001666,0.819805983617937,17.0,38.73824189667159,0,1,1,1,1
0.6706895956352084,0.8164646569287614,21.0,48.68879141145615,0,1,1,1,1
0.6695698481412767,0.8153387617673332,22.0,51.6285067491037,0,1,1,1,1
0.6695698481412767,0.8153387617673332,22.0,51.6285067491037,0,1,1,1,1
0.6686507936507936,0.8180186215900501,20.0,45.751236305417336,0,1,1,1,1
0.6660855296892626,0.8155317403343247,22.0,50.04481285452963,0,1,1,1,1
0.6703640500568828,0.820379563553625,21.0,48.07182760010584,0,1,1,1,1
0.6675911658962507,0.8163585002568053,20.0,46.290419684950564,0,1,1,1,1
0.6706263313406171,0.8184910327767471,18.0,42.36158514253366,0,1,1,1,1
0.6695784374355803,0.8180100322957465,16.0,36.33513958228467,0,1,1,1,1
0.6695784374355803,0.8180100322957465,16.0,36.33513958228467,0,1,1,1,1
0.6697845804988662,0.817305710162853,21.0,47.32944153640599,0,1,1,1,1
0.6704459561602418,0.8193070157355872,20.0,45.00312977785458,0,1,1,1,1
0.6706005634577064,0.8183621933621934,23.0,52.244719765116756,0,1,1,1,1
0.6683359013867488,0.8174456428693717,24.0,55.11525925346447,0,1,1,1,1
0.6727083117868101,0.8220601923673596,23.0,51.972878886534204,0,1,1,1,1
0.6712862412521116,0.8196900748095287,19.0,43.36084994451498,0,1,1,1,1
0.6718378322473886,0.8216809735581067,19.0,43.33255868237921,0,1,1,1,1
0.672579032647292,0.8220860481952632,20.0,45.65369726645275,0,1,1,1,1
0.6701539201539202,0.8188947296090153,18.0,40.54146014142279,0,1,1,1,1
0.6698790627362056,0.8194788016216588,20.0,45.33587047754334,0,1,1,1,1
0.6688569367140795,0.8188689617261046,23.0,52.7163106442539,0,1,1,1,1
0.6696213839070982,0.8181904074761218,22.0,50.4994764318345,0,1,1,1,1
0.6716823785351704,0.8204789530025208,20.0,45.12002874432563,0,1,1,1,1
0.6654018391276109,0.8150018801490445,17.0,38.617340388518805,0,1,1,1,1
0.6704071431033889,0.8201468611024925,20.0,45.244074903039206,0,1,1,1,1
0.6764731489865571,0.8248241276032597,14.0,30.704009098409564,0,1,1,1,1
0.6734030941944873,0.8209143985724433,19.0,42.956752187450796,0,1,1,1,1
0.6734030941944873,0.8209143985724433,19.0,42.956752187450796,0,1,1,1,1
0.6750052061640983,0.8207951547966125,21.0,47.57802205303692,0,1,1,1,1
0.6720171168205679,0.8195890577086329,19.0,43.4154983581841,0,1,1,1,1
0.6720171168205679,0.8195890577086329,19.0,43.4154983581841,0,1,1,1,1
0.6727752325419963,0.8204220463695683,19.0,43.945685219183304,0,1,1,1,1
0.6709313166891122,0.8178027556200145,20.0,46.686558974013685,0,1,1,1,1
0.6670360063217206,0.8142650999793857,20.0,46.61177739439404,0,1,1,1,1
0.6697745087882869,0.8163696950861563,22.0,50.59523934535397,0,1,1,1,1
0.6680805299836531,0.8149272993203132,24.0,55.08141017967041,0,1,1,1,1
0.6680805299836531,0.8149272993203132,24.0,55.08141017967041,0,1,1,1,1
0.6676933666007056,0.8152026155037426,22.0,50.61559830042267,0,1,1,1,1
0.6683902606900112,0.8148584702744558,23.0,52.58654124874967,0,1,1,1,1
0.6683902606900112,0.8148584702744558,23.0,52.58654124874967,0,1,1,1,1
0.6705773680030388,0.8173624779861183,19.0,43.11163645736227,0,1,1,1,1
0.6706205324769502,0.8179840464104423,18.0,41.057425928703225,0,1,1,1,1
0.6716910114299527,0.8172934148278601,21.0,48.214597374871474,0,1,1,1,1
0.670801823267378,0.8164473911391968,21.0,48.87588510931616,0,1,1,1,1
0.670801823267378,0.8164473911391968,21.0,48.87588510931616,0,1,1,1,1
0.6715701509030008,0.8171898200904727,21.0,48.12191816871662,0,1,1,1,1
0.6715701509030008,0.8171898200904727,21.0,48.12191816871662,0,1,1,1,1
0.6708967851099831,0.8171466556165613,22.0,50.128254301226804,0,1,1,1,1
0.6710694430056287,0.8172675161435132,21.0,48.52180245705151,0,1,1,1,1
0.6715010877447426,0.817880451673055,18.0,40.71393215478072,0,1,1,1,1
0.6717082772195172,0.8180703753582651,19.0,44.032558761758466,0,1,1,1,1
0.6680323644609358,0.8152700474129045,21.0,48.26393074731967,0,1,1,1,1
0.6671906136191851,0.8145141895141895,22.0,50.219318494506,0,1,1,1,1
0.6712248351117096,0.8176991608826272,19.0,43.84471089196545,0,1,1,1,1
0.6711039745847578,0.8170085293000449,22.0,50.717951972840126,0,1,1,1,1
0.6711039745847578,0.8170085293000449,22.0,50.717951972840126,0,1,1,1,1
0.671483821955178,0.8172416174591665,20.0,45.64683118397423,0,1,1,1,1
0.6682470968185253,0.8146773861059575,22.0,50.74041861388728,0,1,1,1,1
0.668049543049543,0.8149178863464578,21.0,48.16781904616959,0,1,1,1,1
0.668049543049543,0.8149178863464578,21.0,48.16781904616959,0,1,1,1,1
0.6699816982630615,0.8168617700887462,22.0,49.81888499294082,0,1,1,1,1
0.6687212956248489,0.8155668358714044,21.0,48.52483675764689,0,1,1,1,1
0.6702320522117476,0.8164042266652854,21.0,48.36329009116489,0,1,1,1,1
0.6702320522117476,0.8164042266652854,21.0,48.36329009116489,0,1,1,1,1
0.6697572429987223,0.8166373148244069,23.0,52.56755830369738,0,1,1,1,1
0.6702665837908768,0.8176300977243689,23.0,52.60694856374603,0,1,1,1,1
0.6721830864325425,0.8190199937843158,19.0,43.533882776431206,0,1,1,1,1
0.6705428364239097,0.8169222003522221,21.0,48.07629368550081,0,1,1,1,1
0.6697227114195932,0.8170603266687385,19.0,43.49509563942626,0,1,1,1,1
0.6735214493960849,0.8203526308482577,21.0,46.90534249443777,0,1,1,1,1
0.6735214493960849,0.8203526308482577,21.0,46.90534249443777,0,1,1,1,1
0.6706636969508616,0.8164473911391968,20.0,47.07763304600096,0,1,1,1,1
0.66955868641873,0.8160416450844297,22.0,50.07626255174447,0,1,1,1,1
0.6697140785248109,0.8165250871922373,19.0,44.09218409583801,0,1,1,1,1
0.6710521772160641,0.8165423529818019,21.0,47.53884903218416,0,1,1,1,1
0.6743197278911565,0.8202137998056366,19.0,43.14539618055029,0,1,1,1,1
0.6705255706343451,0.8169739977209157,23.0,52.56138902306953,0,1,1,1,1
0.6734520338747744,0.8196758295154797,17.0,37.88129628543007,0,1,1,1,1
0.6698867364204565,0.8161970371905107,17.0,37.94852232987256,0,1,1,1,1
0.6737557267805081,0.8190684437040122,20.0,44.94959656826662,0,1,1,1,1
0.6704047101073932,0.8155927345557512,19.0,43.42080692293538,0,1,1,1,1
0.6737817576009996,0.81879078161877,19.0,43.773298807186045,0,1,1,1,1
0.6705083048447805,0.816361062191374,21.0,48.19503470922218,0,1,1,1,1
0.6708104561621603,0.8169653648261335,17.0,37.97029660013888,0,1,1,1,1
0.6702234193169654,0.8173193135122069,20.0,46.114858263899144,0,1,1,1,1
0.6689322894261378,0.8143680633227222,18.0,42.07350347261158,0,1,1,1,1
0.6689322894261378,0.8143680633227222,18.0,42.07350347261158,0,1,1,1,1
0.6736429265583784,0.8192940441482716,20.0,45.50757851328784,0,1,1,1,1
0.6674180504172761,0.8125871117611632,25.0,57.92335199010345,0,1,1,1,1
0.6674180504172761,0.8125871117611632,25.0,57.92335199010345,0,1,1,1,1
0.6689630166787527,0.8144704582340551,20.0,45.494814489697134,0,1,1,1,1
0.6684709416761628,0.814159674021893,21.0,49.19803404879579,0,1,1,1,1
0.6687989916778895,0.8133999792810526,20.0,46.90022043747208,0,1,1,1,1
0.6688939535204945,0.8142114713905867,21.0,47.81056236586018,0,1,1,1,1
0.6702438602559668,0.813680387409201,19.0,43.42776331479712,0,1,1,1,1
0.6702438602559668,0.813680387409201,19.0,43.42776331479712,0,1,1,1,1
0.6712220602526725,0.8169686241843677,18.0,41.08798333758976,0,1,1,1,1
0.6769473961535084,0.8224817774655309,23.0,53.08961127473414,0,1,1,1,1
0.686342032104744,0.830598152632051,25.0,57.356259135040645,0,1,1,1,1
0.6976903664691683,0.8406663740765123,21.0,48.31085631055716,0,1,1,1,1
0.7045834727333556,0.8465577487825732,19.0,42.988596899262056,0,1,1,1,1
0.706585931075727,0.8494430739328699,21.0,49.64267922653508,0,1,1,1,1
0.7064612791459874,0.8481224833785935,26.0,60.01995307983756,0,1,1,1,1
0.7042326060492555,0.8467646783406686,21.0,49.20599778275805,0,1,1,1,1
0.7063554703649415,0.8486770398767242,19.0,43.85395884687253,0,1,1,1,1
0.7035864781346568,0.8437962356025845,19.0,44.176047241450846,0,1,1,1,1
0.7053782839102491,0.8462716578344045,19.0,44.11448061569796,0,1,1,1,1
0.7040158604878416,0.8448340662231744,19.0,44.35574579220173,0,1,1,1,1
0.6990917246019287,0.8385661957090529,17.0,38.22023433475828,0,1,1,1,1
0.6971130564350904,0.8359936673495996,22.0,51.393089162584936,0,1,1,1,1
0.6930780368280368,0.831508019008019,18.0,41.22771186070622,0,1,1,1,1
0.6956043956043956,0.8333116036505867,24.0,56.752630495245285,0,1,1,1,1
0.6975498990805113,0.8331557897884428,20.0,46.99277574671075,0,1,1,1,1
0.6927439114939115,0.829679610929611,21.0,49.005356312836895,0,1,1,1,1
0.6985017323719449,0.831510441052533,21.0,49.80233882329277,0,1,1,1,1
0.7007366482504604,0.8343574999060398,23.0,54.430914473970994,0,1,1,1,1
0.6988762992789587,0.8320910197584044,20.0,46.81947054899731,0,1,1,1,1
0.6985766457533477,0.8312857009083248,23.0,54.11363227397917,0,1,1,1,1
0.6994212049460669,0.8335400458525952,23.0,54.169131980338044,0,1,1,1,1
0.6975278584137091,0.8314261634984549,25.0,58.95685539430533,0,1,1,1,1
0.6974623092049818,0.8313793426350782,23.0,54.590606068678035,0,1,1,1,1
0.6972188407154228,0.8299747167337765,21.0,49.582430996261934,0,1,1,1,1
0.6976776851765146,0.8316602678153385,18.0,41.96162822225476,0,1,1,1,1
0.6990261260417642,0.8346942597621501,17.0,39.6609701660308,0,1,1,1,1
0.6993819646034273,0.8346287105534226,20.0,47.28165136479849,0,1,1,1,1
0.7000749133814027,0.8363048974623092,21.0,49.41352681500661,0,1,1,1,1
0.7005818318318319,0.8363457207207208,21.0,49.1632866330704,0,1,1,1,1
0.6957406301328953,0.8301944900701806,24.0,56.29038432557954,0,1,1,1,1
0.6957406301328953,0.8301944900701806,24.0,56.29038432557954,0,1,1,1,1
0.7024764595103579,0.836939736346516,21.0,48.63871017447197,0,1,1,1,1
0.701783033033033,0.8357075825825826,22.0,51.85102525456776,0,1,1,1,1
0.7023742492492493,0.8382695195195196,24.0,56.819127412901295,0,1,1,1,1
0.7023742492492493,0.8382695195195196,24.0,56.819127412901295,0,1,1,1,1
0.6979151112438405,0.8336008660594296,22.0,52.048858368547165,0,1,1,1,1
0.6979244437807973,0.8352993877855757,23.0,53.6862830736562,0,1,1,1,1
0.6963379124981335,0.8323316410332985,22.0,51.639759782942775,0,1,1,1,1
0.6954046588024488,0.8321916529789458,23.0,53.82859703911957,0,1,1,1,1
0.6950966850828729,0.8293918918918919,21.0,48.66212195924595,0,1,1,1,1
0.6982545045045045,0.8318693693693694,21.0,49.69149846338704,0,1,1,1,1
0.6983108108108108,0.8355105105105105,21.0,49.51937028290061,0,1,1,1,1
0.7031179223916654,0.8407255020383512,17.0,39.56511581551249,0,1,1,1,1
0.7031179223916654,0.8407255020383512,17.0,39.56511581551249,0,1,1,1,1
0.7018862612612613,0.8422954204204204,18.0,42.5756557716696,0,1,1,1,1
0.7018862612612613,0.8422954204204204,18.0,42.5756557716696,0,1,1,1,1
0.7011167417417418,0.8398742492492492,22.0,51.70290078712577,0,1,1,1,1
0.70068506006006,0.8392548798798799,20.0,47.706652434378995,0,1,1,1,1
0.7063251586024051,0.8432629485844143,24.0,55.84004552092611,0,1,1,1,1
0.7002815315315315,0.8374436936936936,22.0,50.988354853605195,0,1,1,1,1
0.7049332449578638,0.8420225357447212,22.0,52.30173148392538,0,1,1,1,1
0.698216966966967,0.8344219219219219,22.0,50.85522804107105,0,1,1,1,1
0.7012966178468972,0.836714857315416,26.0,60.63529637253361,0,1,1,1,1
0.7002585686244904,0.834346217726106,23.0,53.900041254995585,0,1,1,1,1
0.6980314812018723,0.8340348029593839,23.0,54.3691108297201,0,1,1,1,1
0.6980314812018723,0.8340348029593839,23.0,54.3691108297201,0,1,1,1,1
0.6981073446327684,0.8346139359698682,22.0,51.53356006688561,0,1,1,1,1
0.6990960451977402,0.834331450094162,23.0,54.81546216203784,0,1,1,1,1
0.6991647897897898,0.8360923423423423,21.0,49.0827980424449,0,1,1,1,1
0.6991647897897898,0.8360923423423423,21.0,49.0827980424449,0,1,1,1,1
0.7036558206250944,0.8393005435603201,21.0,49.59719650248801,0,1,1,1,1
0.6972785285285286,0.8324887387387387,26.0,60.52007799183758,0,1,1,1,1
0.6968186936936936,0.8323292042042042,22.0,52.00431965020931,0,1,1,1,1
0.6963025525525526,0.8310341591591591,22.0,52.53581042571904,0,1,1,1,1
0.6970251501501501,0.8314376876876877,15.0,35.182030750248536,0,1,1,1,1
0.7015702853691681,0.8357617393930243,24.0,57.031067083731855,0,1,1,1,1
0.6980105105105106,0.8335960960960961,22.0,51.80627510591082,0,1,1,1,1
0.6980105105105106,0.8335960960960961,22.0,51.80627510591082,0,1,1,1,1
0.6986674174174174,0.8371715465465466,25.0,58.11671507171513,0,1,1,1,1
0.7010640301318267,0.8368361581920903,21.0,49.12738432889448,0,1,1,1,1
0.7017548798798798,0.8360454204204204,26.0,61.33175134943075,0,1,1,1,1
0.7017548798798798,0.8360454204204204,26.0,61.33175134943075,0,1,1,1,1
0.7032845345345345,0.8396208708708709,22.0,52.02456944995519,0,1,1,1,1
0.7032845345345345,0.8396208708708709,22.0,52.02456944995519,0,1,1,1,1
0.7093650913483316,0.8447361467612864,22.0,52.63511188427635,0,1,1,1,1
0.7040465880244886,0.8404602807227116,20.0,46.732144687129406,0,1,1,1,1
0.7069210094071973,0.8468903986859788,22.0,51.59680977742544,0,1,1,1,1
0.7074529640137375,0.848215618933851,19.0,43.878496412072046,0,1,1,1,1
0.7041041728541728,0.8448637511137511,19.0,44.96034958154664,0,1,1,1,1
0.7049858924858925,0.8471098158598158,23.0,54.55927581860027,0,1,1,1,1
0.7038195982868114,0.8458222566829124,21.0,48.78148073800299,0,1,1,1,1
0.6973284760170007,0.8467553494875899,22.0,50.054233613922,0,1,1,1,1
0.7012073548958795,0.8520621030866933,21.0,48.13566949172833,0,1,1,1,1
0.7019470062948324,0.8463804713804713,22.0,50.94815467319927,0,1,1,1,1
0.7019195578978188,0.8463072756551018,21.0,50.30046402817937,0,1,1,1,1
0.7023678817157079,0.8473869126043039,19.0,43.29280002796846,0,1,1,1,1
0.6917371917371917,0.8465374465374466,20.0,45.900199976041385,0,1,1,1,1
0.7002548002548002,0.846073346073346,18.0,40.773363662301314,0,1,1,1,1
0.7005005005005005,0.8471835471835472,20.0,46.055276742656375,0,1,1,1,1
0.6937027937027938,0.8470834470834471,20.0,45.56240024652883,0,1,1,1,1
0.7017381017381017,0.8486668486668487,19.0,44.35940087865382,0,1,1,1,1
0.7015561015561016,0.8506688506688507,18.0,41.11700049287029,0,1,1,1,1
0.691448535534557,0.8450906918648854,24.0,53.24771486428352,0,1,1,1,1
0.6907697042105644,0.8449911299373665,23.0,52.42834230518375,0,1,1,1,1
0.6951601577270027,0.8413277156592665,25.0,57.88831312138334,0,1,1,1,1
0.6951601577270027,0.8413277156592665,25.0,57.88831312138334,0,1,1,1,1
0.695241181872198,0.8411116512720791,23.0,53.44826873064179,0,1,1,1,1
0.6975851707034503,0.8441312769269759,20.0,45.31423248949639,0,1,1,1,1
0.6954066536768421,0.8419300714440355,20.0,46.285135710509806,0,1,1,1,1
0.6967615220303393,0.8425111328337135,22.0,51.34237323911906,0,1,1,1,1
0.695584881068752,0.8428641251221897,23.0,53.61189847511893,0,1,1,1,1
0.6954400637196336,0.8428369718692299,17.0,39.72085454857861,0,1,1,1,1
0.6969334926324173,0.8433619347597843,16.0,36.16742535244154,0,1,1,1,1
0.6958383114297093,0.8437239781325803,20.0,46.58788369228214,0,1,1,1,1
0.6944715976974042,0.840809528981572,20.0,46.3949694334666,0,1,1,1,1
0.6953042974548351,0.8420585786177184,20.0,45.46840202623313,0,1,1,1,1
0.6953042974548351,0.8420585786177184,20.0,45.46840202623313,0,1,1,1,1
0.6985530985530986,0.8441623441623441,22.0,50.664524193403956,0,1,1,1,1
0.6933764164946961,0.8407461713913327,23.0,53.44044894500227,0,1,1,1,1
0.6933764164946961,0.8407461713913327,23.0,53.44044894500227,0,1,1,1,1
0.6995069393718042,0.8465942293644997,20.0,46.40169086505042,0,1,1,1,1
0.6964691964691965,0.8423241423241423,22.0,50.46047310678687,0,1,1,1,1
0.6904787626712761,0.8362141918291651,22.0,50.54047152720032,0,1,1,1,1
0.6910999477844397,0.8371504708403105,19.0,43.14856882508586,0,1,1,1,1
0.6903167143808855,0.8373305244962999,23.0,53.583317805719844,0,1,1,1,1
0.6903167143808855,0.8373305244962999,23.0,53.583317805719844,0,1,1,1,1
0.6914240443652209,0.8375105781522894,20.0,46.011230923484156,0,1,1,1,1
0.6908658780316534,0.8383658330182394,20.0,46.0539655189329,0,1,1,1,1
0.6893624300041412,0.8374115486414951,22.0,50.38642457193418,0,1,1,1,1
0.6951558413251961,0.8405895815170009,21.0,48.46456568874079,0,1,1,1,1
0.6951558413251961,0.8405895815170009,21.0,48.46456568874079,0,1,1,1,1
0.6877193925066265,0.8340765814170069,23.0,52.70333947280561,0,1,1,1,1
0.6877193925066265,0.8340765814170069,23.0,52.70333947280561,0,1,1,1,1
0.6909288968112498,0.8378616827814689,22.0,49.77525220967231,0,1,1,1,1
0.6904697599884766,0.8384828678946326,19.0,43.16389094641067,0,1,1,1,1
0.6932269836681602,0.8406380979910392,22.0,51.10855322417182,0,1,1,1,1
0.6929288914583033,0.8397980199450787,22.0,50.43405918379626,0,1,1,1,1
0.6934528110998699,0.8401683769330828,22.0,50.23822920522348,0,1,1,1,1
0.6852662093303804,0.8375825996146852,19.0,42.742260398896896,0,1,1,1,1
0.6901595744680851,0.8374335106382979,19.0,43.70629475485302,0,1,1,1,1
0.6906807073030478,0.8380355089131685,21.0,48.84954473473763,0,1,1,1,1
0.6906807073030478,0.8380355089131685,21.0,48.84954473473763,0,1,1,1,1
0.6906537521564118,0.8383320155261644,24.0,55.55294925147766,0,1,1,1,1
0.692243288499973,0.8389600100830047,24.0,55.842550231373366,0,1,1,1,1
0.6917931543599993,0.8393381227605826,21.0,47.66850160013424,0,1,1,1,1
0.6894138154111559,0.8382241949396205,22.0,50.56563500176689,0,1,1,1,1
0.6904201408855665,0.840146995399655,18.0,41.27017562349148,0,1,1,1,1
0.6872229372229373,0.8368547118547118,22.0,49.79743517872306,0,1,1,1,1
0.6886686009026435,0.8370585285478902,25.0,57.38511593984956,0,1,1,1,1
0.6854167780093706,0.8330126663459997,22.0,51.87755769033243,0,1,1,1,1
0.6854167780093706,0.8330126663459997,22.0,51.87755769033243,0,1,1,1,1
0.6889551543806863,0.8361540941328175,24.0,55.474200921243096,0,1,1,1,1
0.6884805501826778,0.834909377462569,20.0,46.69473988755939,0,1,1,1,1
0.6881850419084462,0.8351690665520453,22.0,51.38378354663289,0,1,1,1,1
0.6901416043703278,0.8372987349051179,20.0,45.671941949009515,0,1,1,1,1
0.6852297222667593,0.8321130172982025,23.0,53.26966710812506,0,1,1,1,1
0.6852297222667593,0.8321130172982025,23.0,53.26966710812506,0,1,1,1,1
0.6882865007865008,0.8361397111397112,20.0,44.5134309667014,0,1,1,1,1
0.6836227406697205,0.8316821135613082,24.0,55.000985864374755,0,1,1,1,1
0.6836227406697205,0.8316821135613082,24.0,55.000985864374755,0,1,1,1,1
0.6864945753834643,0.8346783531968717,21.0,48.70075766520416,0,1,1,1,1
0.6844838606583573,0.8340790454884415,24.0,55.120326363288925,0,1,1,1,1
0.6846969212741025,0.8346827172330528,23.0,53.26420814394792,0,1,1,1,1
0.6846969212741025,0.8346827172330528,23.0,53.26420814394792,0,1,1,1,1
0.6865658347139829,0.8358808543993729,20.0,45.672120342937326,0,1,1,1,1
0.6886886886886887,0.8389014014014013,21.0,48.03028744920178,0,1,1,1,1
0.6819813923871515,0.8323280741474459,18.0,41.846959915429665,0,1,1,1,1
0.6824295587453482,0.8322257664362928,25.0,57.95587146824703,0,1,1,1,1
0.6824295587453482,0.8322257664362928,25.0,57.95587146824703,0,1,1,1,1
0.684646159317212,0.834681721194879,20.0,46.035744413739145,0,1,1,1,1
0.6798966982213056,0.829128986197049,19.0,44.56793437456177,0,1,1,1,1
0.6828371433634591,0.832615629984051,20.0,46.396745472081236,0,1,1,1,1
0.6768205616373155,0.8337387840005641,21.0,46.64185986588163,0,1,1,1,1
0.6768205616373155,0.8337387840005641,21.0,46.64185986588163,0,1,1,1,1
0.674681517454955,0.8341163429054054,19.0,42.651928358755036,0,1,1,1,1
0.6727605920314254,0.8315095398428731,20.0,45.98520888850594,0,1,1,1,1
0.6735848063973064,0.8325880331088664,19.0,43.165593305586235,0,1,1,1,1
0.6746545314253648,0.8332631874298541,21.0,48.04868809438746,0,1,1,1,1
0.6707402173723417,0.8295040212138658,21.0,46.93460455076217,0,1,1,1,1
0.6708710594720957,0.830847333438007,20.0,43.881900537369376,0,1,1,1,1
0.6693567982227776,0.8274237217536187,18.0,40.162188208147626,0,1,1,1,1
0.6693567982227776,0.8274237217536187,18.0,40.162188208147626,0,1,1,1,1
0.6689402617237669,0.8278402582526294,19.0,41.56019529174156,0,1,1,1,1
0.6695911000034711,0.828300183970287,19.0,42.12136110335347,0,1,1,1,1
0.6722276400111452,0.8318560183895235,20.0,44.44146862656348,0,1,1,1,1
0.6737931996999355,0.8322429825020499,20.0,44.09515932864445,0,1,1,1,1
0.6670897004230337,0.8264007597340931,16.0,35.0286688088984,0,1,1,1,1
0.6702789327789328,0.8289587664587664,19.0,41.93175091448977,0,1,1,1,1
0.666338599671933,0.8261762928429595,19.0,42.666001221572124,0,1,1,1,1
0.671856017216842,0.8305737790273873,20.0,44.43476337285011,0,1,1,1,1
0.6717258495609011,0.8317192543996668,19.0,42.15337461220858,0,1,1,1,1
0.6717258495609011,0.8317192543996668,19.0,42.15337461220858,0,1,1,1,1
0.6668384525527382,0.8262557548271834,20.0,44.129130556066464,0,1,1,1,1
0.6657120318287831,0.8267680751817807,17.0,38.19127220421231,0,1,1,1,1
0.6634101962384791,0.8245842260993776,17.0,37.27308637401065,0,1,1,1,1
0.6634101962384791,0.8245842260993776,17.0,37.27308637401065,0,1,1,1,1
0.6658988533988534,0.826755733005733,17.0,37.914286617215325,0,1,1,1,1
0.6635388513513514,0.8292483108108109,13.0,27.439975486163352,0,1,1,1,1
0.6635388513513514,0.8292483108108109,13.0,27.439975486163352,0,1,1,1,1
0.6551043617875301,0.8284385871019534,19.0,41.46008780730874,0,1,1,1,1
0.6370925684485007,0.8207301173402868,16.0,34.88664920183288,0,1,1,1,1
0.612347792998478,0.8175180745814308,17.0,38.03484764758338,0,1,1,1,1
0.5743253533138402,0.8048245614035088,21.0,45.850978087188615,0,1,1,1,1
0.5360140459061322,0.7770783373301359,14.0,29.885422312119097,0,1,1,1,1
0.5438872739018088,0.8020994832041344,16.0,36.86620923366195,0,1,1,1,1
0.5965378079864061,0.7908347493627867,17.0,39.16800703653289,0,1,1,1,1
0.5490237520128824,0.7085446859903382,20.0,49.160722512183895,0,1,1,0,0
0.5532126678448819,0.7149836471854877,14.0,33.92613059089563,0,1,1,0,0
0.5532126678448819,0.7149836471854877,14.0,33.92613059089563,0,1,1,0,0
0.5474886859544206,0.7097644254081138,19.0,47.17063585598243,0,1,1,0,0
0.5413546698872785,0.7081823671497585,20.0,48.89838204036518,0,1,1,0,0
0.5472926731078905,0.710024154589372,18.0,44.64108866614091,0,1,1,0,0
0.5406699048775552,0.7120825743776563,17.0,39.524819364099166,0,1,1,0,0
0.5440519323671498,0.7118256843800322,17.0,41.4465316993164,0,1,1,0,0
0.540018315018315,0.7160459910459911,13.0,30.210229468405785,0,1,1,0,0
0.5390507994333131,0.7124367536935843,18.0,43.283042773681785,0,1,1,0,0
0.5409118357487923,0.7101549919484702,21.0,50.79624637442289,0,1,1,0,0
0.5434782608695652,0.7105072463768116,17.0,40.95208169862406,0,1,1,0,0
0.5400462962962963,0.7089774557165861,16.0,39.43551067682323,0,1,1,0,0
0.5304504504504505,0.7042142142142143,18.0,43.47391762875826,0,1,1,0,0
0.5174240779840954,0.6906288848984746,16.0,38.73359977140305,0,1,1,0,0
0.5124130297280203,0.6833392631246047,16.0,39.019040099579044,0,1,1,0,0
0.5124130297280203,0.6833392631246047,16.0,39.019040099579044,0,1,1,0,0
0.4937643936141145,0.6688883250712362,17.0,41.750614039481995,0,1,1,0,0
0.5111179434284128,0.6827865275518705,17.0,41.36474786893582,0,1,1,0,0
0.5281618023553507,0.7002835873803616,16.0,38.586210650360854,0,1,1,0,0
0.5424760886354185,0.7113903245608824,19.0,45.85679683837205,0,1,1,0,0
0.5552876984126984,0.7175694444444445,15.0,36.06350459196688,0,1,1,0,0
0.5602341614168549,0.7201255992709695,17.0,41.311949412108184,0,1,1,0,0
0.5640190453422583,0.7219599171248705,19.0,46.588661931813114,0,1,1,0,0
0.5646124054221318,0.7257092092391847,15.0,36.60897155446679,0,1,1,0,0
0.5564163217031343,0.7212990341021092,18.0,44.510422617324835,0,1,1,0,0
0.5629596590345921,0.724363167806522,15.0,36.90845806361964,0,1,1,0,0
0.5629596590345921,0.724363167806522,15.0,36.90845806361964,0,1,1,0,0
0.5567768077359746,0.7174764123243158,17.0,42.64675468646981,0,1,1,0,0
0.5581057752667922,0.7205645794099184,16.0,38.30250445674373,0,1,1,0,0
0.5563598556183302,0.7179653170119272,17.0,42.25732702853807,0,1,1,0,0
0.5580031102974468,0.7175042815803461,17.0,42.66831646052425,0,1,1,0,0
0.556820856873823,0.7154837570621468,19.0,47.40363298032751,0,1,1,0,0
0.5583117545511613,0.7165136534839924,16.0,39.536535797783806,0,1,1,0,0
0.5570758788449467,0.7170825486503453,16.0,39.47245501948795,0,1,1,0,0
0.5630642223630028,0.7223234082990181,18.0,44.52797992620836,0,1,1,0,0
0.5605074179292929,0.7210286458333334,14.0,33.4570169509713,0,1,1,0,0
0.5605074179292929,0.7210286458333334,14.0,33.4570169509713,0,1,1,0,0
0.557801710608914,0.7197798964218456,16.0,39.32787983220709,0,1,1,0,0
0.5620659722222222,0.7254675662878788,16.0,38.71488884806098,0,1,1,0,0
0.5575822884012539,0.7245493730407524,16.0,39.183129876045726,0,1,1,0,0
0.5581994514106583,0.7265673981191223,19.0,46.483805680731365,0,1,1,0,0
0.5626116838487972,0.7332646048109965,17.0,41.74008717979618,0,1,1,0,0
0.5626116838487972,0.7332646048109965,17.0,41.74008717979618,0,1,1,0,0
0.5661411115490738,0.7428261726448562,18.0,45.11690098560509,0,1,1,0,0
0.5661411115490738,0.7428261726448562,18.0,45.11690098560509,0,1,1,0,0
0.5624902920161541,0.7367194780987885,19.0,46.480220987490725,0,1,1,0,0
0.5612962100031066,0.7353700683442063,18.0,44.31917429245665,0,1,1,0,0
0.5581714527027027,0.7323498925061425,19.0,46.19447084182903,0,1,1,0,0
0.5640444015444015,0.7392181467181467,18.0,42.95319561207819,0,1,1,0,0
0.5591728950579622,0.736424649176327,15.0,36.064905987468016,0,1,1,0,0
0.5591728950579622,0.736424649176327,15.0,36.064905987468016,0,1,1,0,0
0.5738445698596706,0.7471209579011593,16.0,39.74719049467458,0,1,1,0,0
0.5700419021258601,0.7498654518894399,10.0,24.12803346659654,0,1,1,0,0
0.5700419021258601,0.7498654518894399,10.0,24.12803346659654,0,1,1,0,0
0.5590223065970574,0.7316089226388229,17.0,43.07579776862797,0,1,1,0,0
0.5471462167307477,0.718233230057113,19.0,46.549486786790666,0,1,1,0,0
0.5471462167307477,0.718233230057113,19.0,46.549486786790666,0,1,1,0,0
0.552381574526858,0.7190917914069207,16.0,39.440580438557795,0,1,1,0,0
0.5389900662251655,0.7039275202354672,21.0,51.4903747449497,0,1,1,0,0
0.5389900662251655,0.7039275202354672,21.0,51.4903747449497,0,1,1,0,0
0.5308080533013816,0.6897046275620428,17.0,41.35017319733114,0,1,1,0,0
0.5258148513962467,0.6834515578701625,19.0,46.10408739982239,0,1,1,0,0
0.5258597467899794,0.6835862440513604,18.0,44.25680461955109,0,1,1,0,0
0.5214339299110492,0.6765619976422678,14.0,34.89172250115045,0,1,1,0,0
0.5206640415249687,0.6774655450152139,15.0,37.353708237037424,0,1,1,0,0
0.5206640415249687,0.6774655450152139,15.0,37.353708237037424,0,1,1,0,0
0.5192832099727308,0.6753815915288451,18.0,43.91841273456177,0,1,1,0,0
0.5142952127659575,0.6707814249720044,19.0,47.10997517225068,0,1,1,0,0
0.5169317463661259,0.6762867776139316,15.0,37.294218311655236,0,1,1,0,0
0.5201524476513866,0.6781532965478212,17.0,42.56742853982618,0,1,1,0,0
0.5310712242562929,0.6855781607551488,16.0,38.564873153722125,0,1,1,0,0
0.533181104609676,0.7007546025403169,15.0,36.82395960817076,0,1,1,0,0
0.533181104609676,0.7007546025403169,15.0,36.82395960817076,0,1,1,0,0
0.5362048665620094,0.7025206935921222,15.0,36.869681621886045,0,1,1,0,0
0.5408803903279041,0.7070746932625386,16.0,38.74128461820622,0,1,1,0,0
0.5408803903279041,0.7070746932625386,16.0,38.74128461820622,0,1,1,0,0
0.5435876623376623,0.7090818903318903,16.0,38.11574149520408,0,1,1,0,0
0.5383723419437705,0.7017090052804339,15.0,36.94215957232543,0,1,1,0,0
0.5366360997025917,0.6993609262144173,17.0,40.94186751280557,0,1,1,0,0
0.5375935206098249,0.7042101919819311,13.0,30.857842786145596,0,1,1,0,0
0.5402050395256917,0.7060100225861096,17.0,40.98968305535072,0,1,1,0,0
0.5409128689408811,0.70922418519108,15.0,36.13237973256631,0,1,1,0,0
0.5403837735298409,0.7152524441850284,16.0,38.88825343574129,0,1,1,0,0
0.5417230110434978,0.7168413342348433,19.0,46.36065305461812,0,1,1,0,0
0.5501363459291001,0.7136053759252046,18.0,44.93164742890014,0,1,1,0,0
0.5501363459291001,0.7136053759252046,18.0,44.93164742890014,0,1,1,0,0
0.546686626746507,0.7084431137724551,17.0,41.777466850729574,0,1,1,0,0
0.5566551981429282,0.7110035649146078,18.0,44.32044116398254,0,1,1,0,0
0.5616330662531231,0.7102610493667615,15.0,36.790349873452,0,1,1,0,0
0.5655241935483871,0.7093974014336918,17.0,41.68739968553115,0,1,1,0,0
0.5702870423615104,0.7082015526164462,20.0,50.07636961940296,0,1,1,0,0
0.5705598813496477,0.7084909158324064,18.0,44.65032370017798,0,1,1,0,0
0.5705598813496477,0.7084909158324064,18.0,44.65032370017798,0,1,1,0,0
0.5637159045326915,0.6950962695547533,19.0,46.92592635743558,0,1,1,0,0
0.5684741187678628,0.6895839949190219,19.0,47.968403151162356,0,1,1,0,0
0.5684741187678628,0.6895839949190219,19.0,47.968403151162356,0,1,1,0,0
0.5709786887471155,0.688231301751052,18.0,45.930786048118726,0,1,1,0,0
0.5702373050116163,0.6861931629605045,18.0,44.507573743921355,0,1,1,0,0
0.5627773643154442,0.6801731028969927,16.0,39.7540958044535,0,1,1,0,0
0.5644370122630992,0.6817028985507246,16.0,40.05320147674593,0,1,1,0,0
0.5595039018952063,0.6719481605351171,13.0,33.02707855879911,0,1,1,0,0
0.5605490523968785,0.6746516164994426,14.0,35.55561007468108,0,1,1,0,0
0.5589321646131371,0.67585931254996,16.0,39.06250630911798,0,1,1,0,0
0.5506970849176173,0.6676913949788312,13.0,32.11345859988647,0,1,1,0,0
0.5533398053016206,0.6722352560472453,15.0,36.71455449422951,0,1,1,0,0
0.5536330790847049,0.6697845577412017,18.0,43.84550468981098,0,1,1,0,0
0.551464924163944,0.6695752649613516,16.0,40.61299503974594,0,1,1,0,0
0.5487944890929966,0.6701936123577915,17.0,41.26590231036205,0,1,1,0,0
0.5487944890929966,0.6701936123577915,17.0,41.26590231036205,0,1,1,0,0
0.5473590458488228,0.6641496282527881,20.0,49.5879098551591,0,1,1,0,0
0.5493799880416981,0.6688460238646112,15.0,37.45197884563805,0,1,1,0,0
0.5449065468814539,0.6647692069392813,19.0,47.28138541301072,0,1,1,0,0
0.5448549153242461,0.665053180503924,18.0,44.48089374025585,0,1,1,0,0
0.541084476349186,0.6579925650557621,19.0,47.57485492476916,0,1,1,0,0
0.5428278425842841,0.659235995385207,19.0,46.96099097450604,0,1,1,0,0
0.542097167029868,0.6613126522240739,20.0,50.33103305188742,0,1,1,0,0
0.542097167029868,0.6613126522240739,20.0,50.33103305188742,0,1,1,0,0
0.5477204667492772,0.6655436802973977,17.0,42.364009499009065,0,1,1,0,0
0.5418792462504807,0.6610947314446866,16.0,40.120109095872586,0,1,1,0,0
0.5448807311028501,0.6634396943411813,19.0,47.779278564468946,0,1,1,0,0
0.5423920010255096,0.656390206383797,17.0,41.773055661251036,0,1,1,0,0
0.5415844122548391,0.6589539802589411,19.0,46.81788654294457,0,1,1,0,0
0.5426355595436483,0.6605178823227791,17.0,42.186833532161835,0,1,1,0,0
0.5392880786270815,0.6591256301879106,16.0,39.84321002012018,0,1,1,0,0
0.537113140537798,0.6557458143074582,17.0,42.84456574710248,0,1,1,0,0
0.5399923896499239,0.6588153221714865,18.0,45.15300424910004,0,1,1,0,0
0.541400304414003,0.6590182648401827,20.0,50.06051668292812,0,1,1,0,0
0.5432370530601858,0.6628451456928363,19.0,46.393768794206316,0,1,1,0,0
0.5398953647070718,0.6585452155891421,20.0,49.964265193514116,0,1,1,0,0
0.5383030885103371,0.657546883688015,19.0,46.675853220956704,0,1,1,0,0
0.5402333840690005,0.6578513444951801,20.0,49.22351831237621,0,1,1,0,0
0.5439208173690933,0.6636270753512132,17.0,43.27503054259455,0,1,1,0,0
0.5433844189016602,0.6586973180076628,20.0,50.249274411517405,0,1,1,0,0
0.5421200510855684,0.6609067688378033,17.0,41.55433924726141,0,1,1,0,0
0.5397133434804667,0.6574708269913749,17.0,42.828336684103256,0,1,1,0,0
0.546849279835391,0.6635030864197531,22.0,54.85083681447927,0,1,1,0,0
0.5516428275290216,0.6693356135986733,15.0,37.54154516010903,0,1,1,0,0
0.5461013896037056,0.6662892434379825,17.0,41.60879794602144,0,1,1,0,0
0.5451993334187925,0.6642097167029868,21.0,53.12600535565576,0,1,1,0,0
0.5457539886773032,0.6636644364384972,18.0,44.889894277849116,0,1,1,0,0
0.5436610690937059,0.6613126522240739,19.0,46.769527998255114,0,1,1,0,0
0.5456095372388156,0.6628893731572876,16.0,39.657884474583746,0,1,1,0,0
0.5465774575398867,0.6638188368502316,19.0,48.536227799564166,0,1,1,0,0
0.5447122163825151,0.661902320215357,18.0,44.96812577283154,0,1,1,0,0
0.552147872779843,0.6697774679884345,16.0,40.52396107591928,0,1,1,0,0
0.552147872779843,0.6697774679884345,16.0,40.52396107591928,0,1,1,0,0
0.5520833333333334,0.6680607187112764,15.0,37.95283438110274,0,1,1,0,0
0.5490578131008845,0.6640302525317267,21.0,51.88583433987023,0,1,1,0,0
0.5529610698058653,0.6689642709624122,19.0,47.71318334690702,0,1,1,0,0
0.5547552664188352,0.6705003097893433,20.0,50.49471459577333,0,1,1,0,0
0.5547552664188352,0.6705003097893433,20.0,50.49471459577333,0,1,1,0,0
0.5557362660057827,0.6719589012804627,19.0,48.129819251364516,0,1,1,0,0
0.5565623709211069,0.6716749277158199,19.0,47.38468583290581,0,1,1,0,0
0.5617282345906881,0.6767229053474406,17.0,42.318482782715385,0,1,1,0,0
0.5573110285006195,0.6720621643948782,19.0,48.10493853693628,0,1,1,0,0
0.5571045022717885,0.6722299669558034,17.0,43.51661046275454,0,1,1,0,0
0.5565494630318051,0.6714554935976869,19.0,47.58200737096518,0,1,1,0,0
0.55764663362247,0.672965716646014,18.0,45.221249977097784,0,1,1,0,0
0.5608443601008657,0.6766839108846544,17.0,42.196246156230046,0,1,1,0,0
0.5564074762494837,0.6719589012804627,19.0,47.57072955615197,0,1,1,0,0
0.559921491148257,0.6758260327033562,19.0,48.063849020047535,0,1,1,0,0
0.559921491148257,0.6758260327033562,19.0,48.063849020047535,0,1,1,0,0
0.5601164634621884,0.678282683858892,22.0,55.48712708591135,0,1,1,0,0
0.5601164634621884,0.678282683858892,22.0,55.48712708591135,0,1,1,0,0
0.5677751695357329,0.6880020865936359,18.0,45.05855505340648,0,1,1,0,0
0.5707094418362024,0.6944966092853416,16.0,40.26784023709754,0,1,1,0,0
0.5684003496503497,0.6897110242698478,17.0,41.849536774001,0,1,1,0,0
0.5715762339849931,0.6971185748558011,21.0,51.91996426407597,0,1,1,0,0
0.5715762339849931,0.6971185748558011,21.0,51.91996426407597,0,1,1,0,0
0.5724134460547504,0.7019424315619968,15.0,37.383460692358526,0,1,1,0,0
0.5729699666295884,0.7012730194042763,15.0,36.18521484180764,0,1,1,0,0
0.5735143567493785,0.7058694486423244,22.0,54.81564379935179,0,1,1,0,0
0.5711719642177389,0.7027502854967643,15.0,37.1099016666658,0,1,1,0,0
0.5737908961593172,0.7094594594594594,16.0,39.27000098249093,0,1,1,0,0
0.5716546966546967,0.709010584010584,16.0,38.77745332655181,0,1,1,0,0
0.573872272759161,0.7107312396230386,17.0,42.99021496708475,0,1,1,0,0
0.573872272759161,0.7107312396230386,17.0,42.99021496708475,0,1,1,0,0
0.5746656935681326,0.7168283265844242,19.0,46.80278120436934,0,1,1,0,0
0.5825977449803451,0.7250664971871101,19.0,46.652758564123396,0,1,1,0,0
0.5902338214454417,0.7338450637694851,17.0,41.98172745731586,0,1,1,0,0
0.5936367674217453,0.7355003857212988,19.0,47.459901751262954,0,1,1,0,0
0.5933574795105756,0.7393838081307609,17.0,42.514105088819704,0,1,1,0,0
0.5956892961266139,0.7399463186635198,17.0,43.01690536858035,0,1,1,0,0
0.5944452105166391,0.7407496782496783,19.0,46.571961024844576,0,1,1,0,0
0.593617852546424,0.7393477661334804,20.0,48.973560332452806,0,1,1,0,0
0.5955273265768892,0.7427229395159425,17.0,41.906616105974955,0,1,1,0,0
0.5955273265768892,0.7427229395159425,17.0,41.906616105974955,0,1,1,0,0
0.5954579110555787,0.7419362302744227,18.0,44.26545268226901,0,1,1,0,0
0.5914460378746093,0.7381526935098364,12.0,29.909620005798725,0,1,1,0,0
0.59716514592185,0.7446309581853219,16.0,39.32725591248736,0,1,1,0,0
0.5965963177079706,0.7429244735436837,14.0,34.714495169894015,0,1,1,0,0
0.600846229370237,0.7475922203001543,14.0,35.12261540074198,0,1,1,0,0
0.5975735190986021,0.7473350787788116,20.0,50.0103166287629,0,1,1,0,0
0.5944487009820993,0.7448399154883797,17.0,41.83361128252102,0,1,1,0,0
0.5986722146897938,0.7462948244424704,16.0,39.767029381395794,0,1,1,0,0
0.5960507069722086,0.744967611618026,17.0,41.168660143232394,0,1,1,0,0
0.5986955911917341,0.746528589461873,18.0,44.41166186257126,0,1,1,0,0
0.5953425738896241,0.7422859928954517,17.0,41.354433456852774,0,1,1,0,0
0.5982865024077797,0.74625975968956,18.0,44.48991678699787,0,1,1,0,0
0.6028566085370985,0.7476389733040348,17.0,41.86939862390429,0,1,1,0,0
0.600860752464251,0.7470382710907493,18.0,43.6309695979703,0,1,1,0,0
0.600860752464251,0.7470382710907493,18.0,43.6309695979703,0,1,1,0,0
0.6028825089357777,0.7528421538106768,18.0,42.842232384028215,0,1,1,0,0
0.6080271195853387,0.7620672898926324,22.0,53.926238334347886,0,1,1,0,0
0.6174826973438085,0.7730780022446689,16.0,39.70546091058591,0,1,1,0,0
0.6128326776209211,0.76976394353159,14.0,34.66557159985718,0,1,1,0,0
0.6138278176348068,0.7742883591761166,15.0,36.358359051585545,0,1,1,0,0
0.6160374765199066,0.7745452879461218,19.0,46.45643546584659,0,1,1,0,0
0.6279552531426594,0.7810056510206436,17.0,42.13691517291299,0,1,1,0,0
0.6251369863013698,0.7817009132420092,17.0,41.592638151554034,0,1,1,0,0
0.6080291271438153,0.759066302577369,16.0,39.36380773641696,0,1,1,0,0
0.6052891744933268,0.751520019772615,19.0,46.24972906234192,0,1,1,0,0
0.59753996003996,0.7391733266733267,16.0,40.13187444991614,0,1,1,0,0
0.595881126173097,0.730422314911366,16.0,38.71488874665863,0,1,1,0,0
0.595881126173097,0.730422314911366,16.0,38.71488874665863,0,1,1,0,0
0.6033791675514971,0.7287906137184116,17.0,42.17279496285481,0,1,1,0,0
0.5985185185185186,0.7245117845117846,14.0,35.96892585474094,0,1,1,0,0
0.590174531351002,0.7157132083602672,16.0,40.71825793480386,0,1,1,0,0
0.5969596462133776,0.7143034825870647,18.0,44.60239561133074,0,1,1,0,0
0.5919615912208505,0.7116323731138546,20.0,50.64639615568623,0,1,1,0,0
0.5919775864425311,0.7123411234112341,21.0,52.21401638238756,0,1,1,0,0
0.5931392647259806,0.7160174935082684,22.0,55.30452649062854,0,1,1,0,0
0.5941391941391941,0.7181657848324515,16.0,40.731553485310044,0,1,1,0,0
0.5984940984940985,0.7229683896350563,19.0,48.174565724540294,0,1,1,0,0
0.5959505152425933,0.7183743022756548,19.0,47.9923301184637,0,1,1,0,0
0.5975935828877005,0.7229679144385027,20.0,50.13055816635287,0,1,1,0,0
0.6002540106951871,0.7255080213903743,19.0,47.50721838392867,0,1,1,0,0
0.6008422459893048,0.7270588235294118,17.0,42.71186909472494,0,1,1,0,0
0.5987851662404092,0.7228793691389599,18.0,45.00369414484019,0,1,1,0,0
0.6027147271952259,0.725117220801364,18.0,46.04834681328151,0,1,1,0,0
0.6030743819266837,0.725796568627451,18.0,45.552944136252925,0,1,1,0,0
0.6030743819266837,0.725796568627451,18.0,45.552944136252925,0,1,1,0,0
0.5992542050142812,0.7224161641806833,20.0,49.5696953902137,0,1,1,0,0
0.60288789428815,0.7276747655583973,18.0,44.34338041101136,0,1,1,0,0
0.6024216751918159,0.7279012148337596,16.0,40.18043737203263,0,1,1,0,0
0.5985798159314504,0.7226145139109278,15.0,37.87000660725517,0,1,1,0,0
0.601915494458653,0.7255967604433078,17.0,42.22485653178566,0,1,1,0,0
0.6027014066496164,0.7276081628303496,20.0,49.73216532216926,0,1,1,0,0
0.6027014066496164,0.7276081628303496,20.0,49.73216532216926,0,1,1,0,0
0.5995019631610846,0.7226409128040264,18.0,44.42213041682271,0,1,1,0,0
0.6068698237417711,0.7311929284349119,15.0,37.59350255125086,0,1,1,0,0
0.5977130704195768,0.7222338917187417,19.0,47.88677304490855,0,1,1,0,0
0.5976080449509006,0.7231659927532427,16.0,40.25572045442836,0,1,1,0,0
0.5981856850286195,0.7211967652155648,17.0,42.55746692526971,0,1,1,0,0
0.6006143989917555,0.72405870923699,16.0,39.56956491316838,0,1,1,0,0
0.6055728946254761,0.7291446254760897,17.0,43.34768356779318,0,1,1,0,0
0.6069482649174778,0.7318556919170546,14.0,35.27959528238129,0,1,1,0,0
0.6020453710024681,0.7253846557790264,19.0,47.48818000643686,0,1,1,0,0
0.6019272173502074,0.7267499868718165,20.0,50.65683882516539,0,1,1,0,0
0.6044620186203978,0.7315250740584004,20.0,49.997579588622976,0,1,1,0,0
0.6057315911976301,0.7304141980533221,21.0,52.07860373719168,0,1,1,0,0
0.6073979052052476,0.7302951756242065,18.0,44.6072173887581,0,1,1,0,0
0.6030299847713071,0.727117576012183,18.0,45.56415063918426,0,1,1,0,0
0.6028068056503703,0.7265268077508796,17.0,42.923221589905154,0,1,1,0,0
0.6019140891666229,0.7273932678674578,18.0,44.942280600756,0,1,1,0,0
0.6022816783069894,0.7265530641180487,20.0,49.9260419724848,0,1,1,0,0
0.6086278036394414,0.7322392086330936,18.0,44.89592764515729,0,1,1,0,0
0.6086278036394414,0.7322392086330936,18.0,44.89592764515729,0,1,1,0,0
0.6061415573423614,0.7304670969107068,18.0,44.53042878766265,0,1,1,0,0
0.6060886584849767,0.7295149174777825,15.0,38.17132033869909,0,1,1,0,0
0.6059828607702074,0.7300439060516293,18.0,44.89111896114065,0,1,1,0,0
0.6059828607702074,0.7300439060516293,18.0,44.89111896114065,0,1,1,0,0
0.6112709832134292,0.7350919264588329,17.0,42.14984827087137,0,1,1,0,0
0.6108979483080202,0.7362243538502531,19.0,47.725178744491835,0,1,1,0,0
0.6096322941646682,0.735318411937117,18.0,45.332182949245535,0,1,1,0,0
0.6100186517452705,0.7351851851851852,21.0,51.73616125082438,0,1,1,0,0
0.6107380762057021,0.7372635225153211,20.0,49.37183132160077,0,1,1,0,0
0.6101652011723954,0.7373168132160938,17.0,43.264073221080146,0,1,1,0,0
0.6097305190495155,0.7367980884109916,20.0,49.719552139322055,0,1,1,0,0
0.6111243860347803,0.7368511881056684,21.0,52.68698180158518,0,1,1,0,0
0.6135935218372495,0.7392273994424532,19.0,47.167498316642025,0,1,1,0,0
0.6135935218372495,0.7392273994424532,19.0,47.167498316642025,0,1,1,0,0
0.6137262710739413,0.742161157573344,19.0,47.84897737966097,0,1,1,0,0
0.6138059206159565,0.7422009823443515,18.0,44.578612627091104,0,1,1,0,0
0.6138059206159565,0.7422009823443515,18.0,44.578612627091104,0,1,1,0,0
0.6131952741271738,0.7420682331076597,18.0,44.047403039591146,0,1,1,0,0
0.613978494623656,0.7431833266958715,18.0,44.39656491433702,0,1,1,0,0
0.6122129297756538,0.7419885835656445,17.0,41.95482577403428,0,1,1,0,0
0.6127572016460905,0.7402495685649807,15.0,37.01121715573129,0,1,1,0,0
0.6125925925925926,0.7417592592592592,15.0,36.42173459272277,0,1,1,0,0
0.609779886648214,0.7404112297350731,23.0,57.0898644086705,0,1,1,0,0
0.6122314485303809,0.741926980361144,17.0,42.967387912814814,0,1,1,0,0
0.6115724265190458,0.7419928825622776,20.0,49.509120565201016,0,1,1,0,0
0.6123500724924212,0.7399630947673652,20.0,50.313269804846904,0,1,1,0,0
0.612178726769474,0.739884012126005,19.0,48.02689947441586,0,1,1,0,0
0.612178726769474,0.739884012126005,19.0,48.02689947441586,0,1,1,0,0
0.6123500724924212,0.7408066429418743,16.0,39.2237790646474,0,1,1,0,0
0.615568783068783,0.7426587301587302,19.0,46.998735888000404,0,1,1,0,0
0.6094960226083316,0.7390621729118694,17.0,42.06179111153374,0,1,1,0,0
0.6141689732437063,0.7430736786608673,18.0,44.484012116365776,0,1,1,0,0
0.609666108436257,0.7384864978019677,18.0,44.80814643601091,0,1,1,0,0
0.609666108436257,0.7384864978019677,18.0,44.80814643601091,0,1,1,0,0
0.6099016118903077,0.7392060916893448,16.0,39.79554755574064,0,1,1,0,0
0.6099016118903077,0.7392060916893448,16.0,39.79554755574064,0,1,1,0,0
0.6075596608750262,0.7374790663596399,19.0,47.24753054661851,0,1,1,0,0
0.6166444562899787,0.7444562899786781,19.0,46.67315829016582,0,1,1,0,0
0.6166977611940299,0.743043710021322,17.0,43.53422166331855,0,1,1,0,0
0.6166977611940299,0.743043710021322,17.0,43.53422166331855,0,1,1,0,0
0.6121957671957672,0.7417592592592592,18.0,44.565500731584386,0,1,1,0,0
0.607140988067825,0.7379762403181913,16.0,40.2989307038803,0,1,1,0,0
0.6114669829972321,0.7403189666534862,20.0,49.67417052037181,0,1,1,0,0
0.6114669829972321,0.7403189666534862,20.0,49.67417052037181,0,1,1,0,0
0.6138492063492064,0.7398412698412699,17.0,41.594214745094135,0,1,1,0,0
0.6138492063492064,0.7398412698412699,17.0,41.594214745094135,0,1,1,0,0
0.613452380952381,0.7390873015873016,17.0,41.998367223074396,0,1,1,0,0
0.6126322751322751,0.7402513227513228,17.0,42.01706940565271,0,1,1,0,0
0.6084033613445378,0.7370667016806722,17.0,43.159746813192044,0,1,1,0,0
0.6080751050420168,0.7387998949579831,16.0,40.696511089168006,0,1,1,0,0
0.6125793650793651,0.7420238095238095,18.0,45.35373910920972,0,1,1,0,0
0.6125793650793651,0.7420238095238095,18.0,45.35373910920972,0,1,1,0,0
0.6122486772486773,0.7385846560846561,16.0,40.524534767011396,0,1,1,0,0
0.6126455026455027,0.7414285714285714,14.0,34.22290579356097,0,1,1,0,0
0.6126455026455027,0.7414285714285714,14.0,34.22290579356097,0,1,1,0,0
0.6132804232804233,0.7409126984126985,16.0,39.88455608587853,0,1,1,0,0
0.6128571428571429,0.7416269841269841,17.0,42.78101241582957,0,1,1,0,0
0.607484243697479,0.7357668067226891,21.0,52.19558007195282,0,1,1,0,0
0.6070624869164748,0.734639941385807,22.0,54.960204804456026,0,1,1,0,0
0.6080437513083525,0.7342212685786058,20.0,50.30755413189287,0,1,1,0,0
0.6109920634920635,0.7403306878306878,16.0,38.67761418507365,0,1,1,0,0
0.6109920634920635,0.7403306878306878,16.0,38.67761418507365,0,1,1,0,0
0.6100661375661376,0.7360449735449736,16.0,39.62493442096497,0,1,1,0,0
0.6093518518518518,0.7358333333333333,15.0,37.35554593157143,0,1,1,0,0
0.611574074074074,0.7408068783068783,17.0,42.269380988568656,0,1,1,0,0
0.611574074074074,0.7408068783068783,17.0,42.269380988568656,0,1,1,0,0
0.6136507936507937,0.7417195767195767,16.0,39.38966984855723,0,1,1,0,0
0.6136507936507937,0.7417195767195767,16.0,39.38966984855723,0,1,1,0,0
0.6121260050085673,0.7381310135758534,18.0,44.14382378774046,0,1,1,0,0
0.6122619047619048,0.739457671957672,18.0,44.817096889848244,0,1,1,0,0
0.6122089947089947,0.7406481481481482,15.0,37.22544999481616,0,1,1,0,0
0.6122089947089947,0.7406481481481482,15.0,37.22544999481616,0,1,1,0,0
0.6097222222222223,0.7401984126984127,16.0,38.97685222952572,0,1,1,0,0
0.6111375661375661,0.7421031746031747,15.0,37.49870292887152,0,1,1,0,0
0.6079700630252101,0.7371323529411765,18.0,44.66944844673213,0,1,1,0,0
0.6158848614072495,0.745682302771855,16.0,39.40847904329512,0,1,1,0,0
0.6112301587301587,0.7396296296296296,19.0,46.84544957991324,0,1,1,0,0
0.615271855010661,0.7448960554371002,18.0,44.354148960529145,0,1,1,0,0
0.615271855010661,0.7448960554371002,18.0,44.354148960529145,0,1,1,0,0
0.6102777777777778,0.7407407407407407,17.0,42.573220209285346,0,1,1,0,0
0.6105820105820106,0.7403968253968254,16.0,40.64025604799286,0,1,1,0,0
0.6151404897222075,0.7436128963722314,17.0,41.7879117990918,0,1,1,0,0
0.6178171641791045,0.7455756929637527,18.0,44.38470826313386,0,1,1,0,0
0.6170975479744136,0.7450293176972281,19.0,47.17267491271939,0,1,1,0,0
0.6172974413646055,0.745362473347548,18.0,44.462088303198165,0,1,1,0,0
0.6172974413646055,0.745362473347548,18.0,44.462088303198165,0,1,1,0,0
0.6124206349206349,0.7399074074074075,22.0,54.68845145854236,0,1,1,0,0
0.611984126984127,0.7411375661375661,18.0,45.18439251982937,0,1,1,0,0
0.6126455026455027,0.7397619047619047,19.0,47.07784575803852,0,1,1,0,0
0.610978835978836,0.7361375661375661,20.0,49.927325113247356,0,1,1,0,0
0.6097354497354497,0.7358597883597884,17.0,41.89984590623155,0,1,1,0,0
0.6176439232409382,0.744909381663113,17.0,42.924721753540986,0,1,1,0,0
0.6144047619047619,0.7406481481481482,17.0,42.65708437703003,0,1,1,0,0
0.6132936507936508,0.7408465608465609,15.0,37.708288570227296,0,1,1,0,0
0.6083771008403361,0.7352547268907563,16.0,39.40085362575569,0,1,1,0,0
0.6098870798319328,0.7359243697478992,20.0,49.596745098106894,0,1,1,0,0
0.6140343915343915,0.7408862433862434,17.0,42.94518377412802,0,1,1,0,0
0.615,0.741494708994709,19.0,47.08408254431181,0,1,1,0,0
0.61191511796494,0.7388954791090022,19.0,47.836795412346554,0,1,1,0,0
0.6097053590119321,0.7366940548461377,17.0,43.01555256442357,0,1,1,0,0
0.6130881771451167,0.7413602214313958,14.0,34.37720860426485,0,1,1,0,0
0.6110320284697509,0.7414129431923027,17.0,42.445422913787056,0,1,1,0,0
0.614973544973545,0.7431746031746032,20.0,48.71391487635211,0,1,1,0,0
0.6146693121693122,0.7419576719576719,16.0,38.86253928053594,0,1,1,0,0
0.6145238095238095,0.7412698412698413,19.0,46.9470468844515,0,1,1,0,0
0.6174040511727079,0.7432036247334755,17.0,42.418511966929195,0,1,1,0,0
0.618110341151386,0.746202025586354,18.0,44.30219264928209,0,1,1,0,0
0.6137566137566137,0.7429497354497354,14.0,34.62912808470616,0,1,1,0,0
0.6156216931216931,0.7452645502645503,19.0,46.940640785677374,0,1,1,0,0
0.6123941798941799,0.7423015873015874,15.0,37.153304566335215,0,1,1,0,0
0.6174307036247335,0.7462553304904052,15.0,37.669398886521655,0,1,1,0,0
0.6171242004264392,0.7440431769722814,19.0,47.37843493420907,0,1,1,0,0
0.6171242004264392,0.7440431769722814,19.0,47.37843493420907,0,1,1,0,0
0.6158049040511727,0.7440431769722814,17.0,43.01782078858399,0,1,1,0,0
0.617070895522388,0.7436300639658848,16.0,40.22786425911272,0,1,1,0,0
0.617070895522388,0.7436300639658848,16.0,40.22786425911272,0,1,1,0,0
0.6178171641791045,0.7457889125799574,21.0,51.88067242410318,0,1,1,0,0
0.6180970149253732,0.747228144989339,17.0,41.3202414654927,0,1,1,0,0
0.6133333333333333,0.740436507936508,15.0,37.79711012038723,0,1,1,0,0
0.6131613756613756,0.7412830687830688,21.0,51.808680985762685,0,1,1,0,0
0.6137301587301587,0.7399603174603174,19.0,46.86247284000396,0,1,1,0,0
0.6137301587301587,0.7399603174603174,19.0,46.86247284000396,0,1,1,0,0
0.6150529100529101,0.7400793650793651,17.0,41.366730014051264,0,1,1,0,0
0.6132407407407408,0.7413492063492063,20.0,49.62830535665558,0,1,1,0,0
0.6132407407407408,0.7413492063492063,20.0,49.62830535665558,0,1,1,0,0
0.6151587301587301,0.742526455026455,21.0,51.35132699153108,0,1,1,0,0
0.6151587301587301,0.7457010582010583,17.0,41.765175427499074,0,1,1,0,0
0.6104122899159664,0.7368303571428572,18.0,43.96905193286905,0,1,1,0,0
0.6106102543824964,0.7400948991696322,18.0,45.04721938071268,0,1,1,0,0
0.6112692763938316,0.7405034928166601,18.0,44.311622611144635,0,1,1,0,0
0.6112692763938316,0.7405034928166601,18.0,44.311622611144635,0,1,1,0,0
0.6110188480295242,0.740332147093713,18.0,44.498905384907815,0,1,1,0,0
0.6156716417910447,0.7452063525787433,15.0,37.46358368845668,0,1,1,0,0
0.6122486772486773,0.7426455026455027,14.0,34.943995922194524,0,1,1,0,0
0.6100396825396825,0.739537037037037,17.0,41.944973629509185,0,1,1,0,0
0.6087566137566137,0.7389417989417989,17.0,42.336278547748456,0,1,1,0,0
0.6158582089552239,0.7435234541577825,19.0,47.38617385600138,0,1,1,0,0
0.6167510660980811,0.7440298507462687,15.0,37.225259337922026,0,1,1,0,0
0.615911513859275,0.7428438166311301,17.0,41.819240752127534,0,1,1,0,0
0.6130291005291005,0.7399603174603174,17.0,41.54580447357103,0,1,1,0,0
0.6130291005291005,0.7399603174603174,17.0,41.54580447357103,0,1,1,0,0
0.6128703703703704,0.7407671957671957,16.0,39.68348248151459,0,1,1,0,0
0.6128174603174603,0.7416402116402117,18.0,44.509607251385276,0,1,1,0,0
0.6119708994708994,0.7407804232804233,16.0,39.82540005122337,0,1,1,0,0
0.618110341151386,0.7449227078891258,13.0,32.65345507362686,0,1,1,0,0
0.6168443496801705,0.7461220682302772,17.0,43.12520659758172,0,1,1,0,0
0.6164578891257996,0.747747867803838,16.0,40.17143280887458,0,1,1,0,0
0.6166577825159915,0.7453091684434968,14.0,35.25593933699917,0,1,1,0,0
0.6164712153518124,0.7453358208955224,18.0,45.0340359271006,0,1,1,0,0
0.608298319327731,0.7401129201680672,18.0,44.54842808141809,0,1,1,0,0
0.6133730158730158,0.7445899470899471,17.0,42.973778347958444,0,1,1,0,0
0.6150186567164179,0.7452825159914712,20.0,50.067886072369795,0,1,1,0,0
0.6154450959488273,0.7469482942430704,17.0,42.4970567851482,0,1,1,0,0
0.6169109808102345,0.7461487206823028,16.0,39.4425797048258,0,1,1,0,0
0.6167510660980811,0.7461087420042644,16.0,39.52046030378827,0,1,1,0,0
0.6166977611940299,0.7465485074626865,16.0,40.21104431721035,0,1,1,0,0
0.6184568230277185,0.7478544776119403,15.0,36.53118832900609,0,1,1,0,0
0.6184568230277185,0.7478544776119403,15.0,36.53118832900609,0,1,1,0,0
0.6182036247334755,0.7494136460554371,16.0,39.01446986558433,0,1,1,0,0
0.6166675519201147,0.7479019493280926,16.0,39.4605737983598,0,1,1,0,0
0.618363539445629,0.7491871002132197,14.0,34.71694039247141,0,1,1,0,0
0.6160581023454158,0.7472547974413646,15.0,36.92632343881164,0,1,1,0,0
0.6163912579957356,0.7467350746268657,14.0,35.44551147154253,0,1,1,0,0
0.6142063492063492,0.7447222222222222,15.0,36.52192540648485,0,1,1,0,0
0.6142063492063492,0.7447222222222222,15.0,36.52192540648485,0,1,1,0,0
0.6127513227513227,0.742910052910053,16.0,39.84129011422273,0,1,1,0,0
0.6133730158730158,0.741441798941799,22.0,54.42456602274467,0,1,1,0,0
0.6133730158730158,0.741441798941799,22.0,54.42456602274467,0,1,1,0,0
0.6181236673773988,0.7486807036247335,17.0,42.41643007846334,0,1,1,0,0
0.611651509160406,0.74406221167787,17.0,41.940162737672466,0,1,1,0,0
0.614538025570054,0.7437722419928826,16.0,39.94033743577067,0,1,1,0,0
0.61311453802557,0.7448793989719257,17.0,42.21341849848049,0,1,1,0,0
0.616428533489138,0.7491899930950231,16.0,39.40870798843172,0,1,1,0,0
0.6184168443496801,0.7493203624733475,17.0,43.4883795724823,0,1,1,0,0
0.6184168443496801,0.7493203624733475,17.0,43.4883795724823,0,1,1,0,0
0.618683368869936,0.7502931769722815,15.0,36.67938531411041,0,1,1,0,0
0.6145522388059701,0.746908315565032,17.0,41.984399213533,0,1,1,0,0
0.6157382729211087,0.7462153518123668,19.0,47.608692285851895,0,1,1,0,0
0.615911513859275,0.746841684434968,16.0,40.501196318587034,0,1,1,0,0
0.6174173773987207,0.7470948827292111,16.0,40.37999680508538,0,1,1,0,0
0.6162846481876333,0.7466417910447761,16.0,38.918358172403096,0,1,1,0,0
0.6159381663113006,0.7460554371002133,20.0,48.911786372740416,0,1,1,0,0
0.6150453091684435,0.7444163113006397,18.0,45.59282383473359,0,1,1,0,0
0.6133928571428572,0.7447361407249466,19.0,46.94450019672417,0,1,1,0,0
0.6152318763326226,0.7462953091684434,18.0,44.842121890915024,0,1,1,0,0
0.6150586353944563,0.7449360341151386,15.0,36.954846616971516,0,1,1,0,0
0.6100396825396825,0.7423544973544973,18.0,44.92135629255952,0,1,1,0,0
0.6141257995735607,0.7440565031982942,16.0,40.46295970684273,0,1,1,0,0
0.6141257995735607,0.7440565031982942,16.0,40.46295970684273,0,1,1,0,0
0.6126599147121535,0.744136460554371,18.0,44.63656928110477,0,1,1,0,0
0.6150186567164179,0.7466018123667377,17.0,41.14765271905428,0,1,1,0,0
0.6150186567164179,0.7466018123667377,17.0,41.14765271905428,0,1,1,0,0
0.6149786780383796,0.7446828358208956,15.0,37.99781447359467,0,1,1,0,0
0.6153251599147121,0.7440964818763326,15.0,37.86431365054343,0,1,1,0,0
0.6109656084656084,0.741904761904762,19.0,46.88026099776838,0,1,1,0,0
0.6141791044776119,0.7408848614072495,16.0,39.65568419140136,0,1,1,0,0
0.6134728144989339,0.7425373134328358,17.0,41.78893638132264,0,1,1,0,0
0.615658315565032,0.7460287846481877,17.0,42.4286979033448,0,1,1,0,0
0.6154984008528784,0.7447494669509594,12.0,30.290037807704238,0,1,1,0,0
0.6146321961620469,0.7436966950959488,16.0,40.282581553628454,0,1,1,0,0
0.614432302771855,0.7444696162046909,16.0,39.51457702574068,0,1,1,0,0
0.6141124733475479,0.7440565031982942,17.0,42.26699899085524,0,1,1,0,0
0.607910052910053,0.7396428571428572,15.0,37.450567818842714,0,1,1,0,0
0.607910052910053,0.7396428571428572,15.0,37.450567818842714,0,1,1,0,0
0.6129264392324094,0.7423374200426439,17.0,42.39998442078572,0,1,1,0,0
0.6126332622601279,0.7407116204690831,15.0,36.984760600206855,0,1,1,0,0
0.6124600213219616,0.7431902985074627,20.0,50.178595543401805,0,1,1,0,0
0.6073677248677248,0.7413624338624338,16.0,39.57730661645671,0,1,1,0,0
0.6100529100529101,0.7400661375661376,15.0,37.34289124495401,0,1,1,0,0
0.6100529100529101,0.7400661375661376,15.0,37.34289124495401,0,1,1,0,0
0.6116204690831557,0.7444429637526653,19.0,47.320334713003135,0,1,1,0,0
0.6109808102345415,0.7443097014925373,18.0,44.81713218675562,0,1,1,0,0
0.6113805970149254,0.7426039445628998,15.0,37.04278016317817,0,1,1,0,0
0.6113805970149254,0.7426039445628998,15.0,37.04278016317817,0,1,1,0,0
0.6139392324093816,0.7451492537313433,16.0,39.26138865993732,0,1,1,0,0
0.6139392324093816,0.7451492537313433,16.0,39.26138865993732,0,1,1,0,0
0.6160847547974414,0.7441098081023454,20.0,49.9609515959601,0,1,1,0,0
0.6155383795309168,0.7453091684434968,16.0,39.92165351346273,0,1,1,0,0
0.6167910447761195,0.7446295309168444,21.0,52.92905307281026,0,1,1,0,0
0.6169109808102345,0.7428171641791045,16.0,40.07430828372437,0,1,1,0,0
0.6164179104477612,0.7442963752665245,20.0,49.36090189186748,0,1,1,0,0
0.6164179104477612,0.7442963752665245,20.0,49.36090189186748,0,1,1,0,0
0.6163246268656717,0.7455223880597015,16.0,39.45825191123443,0,1,1,0,0
0.6160847547974414,0.7448827292110874,16.0,39.944779625933364,0,1,1,0,0
0.6089626993541585,0.7403848688546197,19.0,47.16053528745331,0,1,1,0,0
0.6124050565676953,0.7441573272427896,18.0,44.15523359822787,0,1,1,0,0
0.614045842217484,0.7451359275053305,18.0,44.64028550981902,0,1,1,0,0
0.6140117915759282,0.743666011579115,17.0,42.656235007259696,0,1,1,0,0
0.6154717484008528,0.7465218550106609,17.0,42.49886644182606,0,1,1,0,0
0.6203276047261009,0.7513157894736842,20.0,50.18780788278179,0,1,1,0,0
0.6203276047261009,0.7513157894736842,20.0,50.18780788278179,0,1,1,0,0
0.6149811441015562,0.7477957189143252,16.0,40.18607273917259,0,1,1,0,0
0.6152349952365831,0.749417804594051,15.0,36.97070669206729,0,1,1,0,0
0.6156716417910447,0.7481740234995237,18.0,44.663366234180046,0,1,1,0,0
0.6167698740340849,0.7467846935535091,19.0,46.67661345575694,0,1,1,0,0
0.6161082883455065,0.7481872552132952,17.0,42.061004299091564,0,1,1,0,0
0.6161744469143643,0.7469434741187678,22.0,53.89561954170932,0,1,1,0,0
0.6152614586641262,0.7464142055679052,18.0,44.82650790669316,0,1,1,0,0
0.6156319466497301,0.7474330475283159,15.0,37.58144476856644,0,1,1,0,0
0.6159495077802477,0.7477109135175188,19.0,47.04602660733717,0,1,1,0,0
0.6157378003599027,0.749020853180904,18.0,44.83777358138817,0,1,1,0,0
0.617471154863978,0.7496295120143961,17.0,41.89083706472856,0,1,1,0,0
0.6157378003599027,0.7488620726156452,19.0,47.24367171899735,0,1,1,0,0
0.6157510320736742,0.7498279877209696,18.0,45.022317943161866,0,1,1,0,0
0.6162670689107653,0.7500132317137715,15.0,36.66443156939181,0,1,1,0,0
0.6162670689107653,0.7500132317137715,15.0,36.66443156939181,0,1,1,0,0
0.6207006878899376,0.7544926145150109,15.0,37.46464033407251,0,1,1,0,0
0.6142161532761723,0.7490076214671324,16.0,38.74218633781292,0,1,1,0,0
0.6142161532761723,0.7490076214671324,16.0,38.74218633781292,0,1,1,0,0
0.6206073694875487,0.7546925825201302,18.0,45.485561028854455,0,1,1,0,0
0.6163332274796232,0.7487032920503863,21.0,51.683060831816874,0,1,1,0,0
0.6163332274796232,0.7487032920503863,21.0,51.683060831816874,0,1,1,0,0
0.6203007518796992,0.7544392897136458,18.0,44.43982599436966,0,1,1,0,0
0.6195542046605876,0.7562390017597185,14.0,34.92804387645117,0,1,1,0,0
0.6206606942889138,0.7557190849464086,18.0,45.08543791900758,0,1,1,0,0
0.6165184714724251,0.748716523764158,20.0,49.884243423090375,0,1,1,0,0
0.6165184714724251,0.748716523764158,20.0,49.884243423090375,0,1,1,0,0
0.6221737618066518,0.7543547480801648,17.0,42.04461700863052,0,1,1,0,0
0.6210633344928157,0.7550638161239397,14.0,34.44557499285847,0,1,1,0,0
0.6253235198964736,0.759705596894209,15.0,38.287165843090094,0,1,1,0,0
0.620969683996468,0.7528830974232735,17.0,41.60638069652669,0,1,1,0,0
0.6160156663491055,0.7488488409018736,18.0,43.4379910834809,0,1,1,0,0
0.6160156663491055,0.7488488409018736,18.0,43.4379910834809,0,1,1,0,0
0.620862654857785,0.7539533888101035,15.0,37.46056928777748,0,1,1,0,0
0.620862654857785,0.7539533888101035,15.0,37.46056928777748,0,1,1,0,0
0.6211034704198218,0.7534583790436946,17.0,41.69713797376265,0,1,1,0,0
0.6261323196376577,0.7571578777094792,16.0,39.44707944359162,0,1,1,0,0
0.6204340638831121,0.7520130112515331,19.0,47.736871829987926,0,1,1,0,0
0.6182477470271424,0.7526929024689383,18.0,44.55173302089481,0,1,1,0,0
0.6200733149599978,0.7521472720948278,20.0,48.93338094830591,0,1,1,0,0
0.6167698740340849,0.7495501217317667,17.0,41.56336600464005,0,1,1,0,0
0.6167698740340849,0.7495501217317667,17.0,41.56336600464005,0,1,1,0,0
0.6180955923377348,0.7528760062700922,18.0,43.41179885796598,0,1,1,0,0
0.6180026036823507,0.7533940859215176,17.0,42.11171273438666,0,1,1,0,0
0.6157443077658812,0.7504051648556019,16.0,39.610485867605234,0,1,1,0,0
0.6114788249564896,0.7487737988502716,12.0,29.863919955222947,0,1,1,0,0
0.6077084151289098,0.7451773328098417,14.0,34.897440897685414,0,1,1,0,0
0.611454172797982,0.7445475089342022,22.0,54.29309547262398,0,1,1,0,0
0.611454172797982,0.7445475089342022,22.0,54.29309547262398,0,1,1,0,0
0.6113737851326504,0.7483845547675335,18.0,43.951917890703484,0,1,1,0,0
0.6133359507917812,0.7471142520612485,21.0,52.04708066244987,0,1,1,0,0
0.6111111111111112,0.7460149195131527,19.0,47.50985376919275,0,1,1,0,0
0.6145792435545085,0.7491558696505694,18.0,44.102411597665245,0,1,1,0,0
0.6145792435545085,0.7491558696505694,18.0,44.102411597665245,0,1,1,0,0
0.6151688366677251,0.7535857944320948,15.0,36.37927801414477,0,1,1,0,0
0.6127709508992142,0.7471124940667686,16.0,40.000465173302416,0,1,1,0,0
0.6127709508992142,0.7471124940667686,16.0,40.000465173302416,0,1,1,0,0
0.6176186750130412,0.7540166927490871,15.0,37.260756272154254,0,1,1,0,0
0.6115841073271414,0.7504901960784314,18.0,44.15634112097147,0,1,1,0,0
0.6125951254627725,0.7503599341834636,15.0,36.91238346946666,0,1,1,0,0
0.6198888091822095,0.7560463209674113,16.0,39.86846842937473,0,1,1,0,0
0.6198888091822095,0.7560463209674113,16.0,39.86846842937473,0,1,1,0,0
0.6185565689690511,0.7567508710801394,16.0,39.237146436982115,0,1,1,0,0
0.6209904693584751,0.7572632711621234,19.0,46.71950631215823,0,1,1,0,0
0.6172206821129733,0.7521300134794883,15.0,37.661328473721156,0,1,1,0,0
0.6185431979450139,0.753986622243699,20.0,49.190245830981,0,1,1,0,0
0.6184230535279805,0.7528512773722628,14.0,34.67149112534265,0,1,1,0,0
0.6130862520128825,0.7502641908212561,15.0,36.53044065188556,0,1,1,0,0
0.6102661123696199,0.74502750740584,18.0,44.582785974970214,0,1,1,0,0
0.6102661123696199,0.74502750740584,18.0,44.582785974970214,0,1,1,0,0
0.6137856677197734,0.7514166792036507,15.0,37.50012458312207,0,1,1,0,0
0.6130710596258964,0.751679955869816,15.0,36.94306772955657,0,1,1,0,0
0.6125956119162641,0.7499370974235104,17.0,42.43987151358511,0,1,1,0,0
0.6174219383617194,0.7544606650446066,16.0,39.00254476388118,0,1,1,0,0
0.6152274208916303,0.7501253698410311,19.0,46.23410929367047,0,1,1,0,0
0.6118549721678953,0.7537610952309313,15.0,37.08194133783603,0,1,1,0,0
0.6085111149834458,0.745687187274402,18.0,44.431166937172506,0,1,1,0,0
0.6071668616663762,0.7459112294939135,18.0,45.36069847458541,0,1,1,0,0
0.6080505837544498,0.7468198451619328,16.0,39.872534341186906,0,1,1,0,0
0.6094944113913022,0.7449030395061114,18.0,44.73001877518562,0,1,1,0,0
0.6096313260810037,0.7453013367852431,17.0,41.928210269147876,0,1,1,0,0
0.60831196634388,0.7461726120833437,18.0,44.83830333823542,0,1,1,0,0
0.60831196634388,0.7461726120833437,18.0,44.83830333823542,0,1,1,0,0
0.6120681008976481,0.7508650519031141,18.0,45.50261841760411,0,1,1,0,0
0.6079012222747754,0.745500485424809,18.0,44.232191898670855,0,1,1,0,0
0.610066963730054,0.7484254810684324,16.0,39.68552497898246,0,1,1,0,0
0.6093823902815464,0.7475542057703318,15.0,36.428605525960315,0,1,1,0,0
0.610714196808643,0.7451893156754873,18.0,45.89682450941928,0,1,1,0,0
0.6105648353289687,0.7454631450548903,19.0,47.583988121888474,0,1,1,0,0
0.6098180279305967,0.7458863359139678,17.0,41.72887141518427,0,1,1,0,0
0.5436545240893067,0.6597826086956522,20.0,47.40291990330987,0,1,1,1,0
0.5376469006836162,0.6569917044319841,21.0,50.318088222187285,0,1,1,1,0
0.5381833570576694,0.6583887969838034,22.0,52.24689321119514,0,1,1,1,0
0.539043183255707,0.6573419201502693,18.0,42.645140248563564,0,1,1,1,0
0.5400153609831029,0.657229262672811,17.0,39.29060491596815,0,1,1,1,0
0.5409958345442216,0.6603700474668217,21.0,49.369252422865905,0,1,1,1,0
0.5412868162692848,0.6601118123733832,19.0,44.76622643436065,0,1,1,1,0
0.5424570647931304,0.657416081186573,18.0,42.331874209367456,0,1,1,1,0
0.5430544593528019,0.6579814522494081,22.0,51.744814487975766,0,1,1,1,0
0.5501393866985265,0.6592194344882517,19.0,45.39051535653621,0,1,1,1,0
0.5517610780721252,0.6585971446306642,20.0,48.29304393728328,0,1,1,1,0
0.5530201205604431,0.6608117464972304,20.0,47.95116055629048,0,1,1,1,0
0.5493684597776325,0.6575478253760628,25.0,60.40816480575408,0,1,1,1,0
0.5513155190133607,0.6563412127440904,20.0,47.7822687568881,0,1,1,1,0
0.5471892728210418,0.649922640536359,20.0,47.10313171829035,0,1,1,1,0
0.5515384938292335,0.6526425153219713,20.0,48.598098294884174,0,1,1,1,0
0.5469522591645354,0.6510443307757886,24.0,57.75953386043313,0,1,1,1,0
0.5481270536692223,0.6528806133625411,23.0,55.941564365410066,0,1,1,1,0
0.5427218290691345,0.6471529667936854,18.0,42.73791918211016,0,1,1,1,0
0.5534325068870524,0.6549421487603306,19.0,44.759356098929196,0,1,1,1,0
0.5598884551031791,0.6611042944785276,18.0,42.67992714208399,0,1,1,1,0
0.5595454545454546,0.6595676274944567,22.0,52.43673981256276,0,1,1,1,0
0.5653389006716154,0.6648882113821138,16.0,38.01490462271584,0,1,1,1,0
0.5713968169289588,0.669400729083311,21.0,49.75819588715725,0,1,1,1,0
0.5713968169289588,0.669400729083311,21.0,49.75819588715725,0,1,1,1,0
0.5664788236330017,0.6647332041912477,18.0,44.27409476775025,0,1,1,1,0
0.5676586249558148,0.6657829621774478,20.0,47.521994514708965,0,1,1,1,0
0.5690504595263344,0.6679259455638035,16.0,38.06325375742486,0,1,1,1,0
0.5664141414141414,0.6628238910847607,16.0,38.39155319037422,0,1,1,1,0
0.5635046113306983,0.6616161616161617,20.0,47.845814943294286,0,1,1,1,0
0.5653333333333334,0.6627658402203856,20.0,49.12152697441081,0,1,1,1,0
0.5615942028985508,0.6605731225296443,22.0,53.699627049888726,0,1,1,1,0
0.5642314049586777,0.6617741046831956,18.0,42.84160346770099,0,1,1,1,0
0.5649743725698126,0.6647887946270767,19.0,45.62738300314347,0,1,1,1,0
0.5678403129723482,0.6658331110518361,20.0,48.07320428859503,0,1,1,1,0
0.5661563273241428,0.6647667020148462,23.0,55.93788545530183,0,1,1,1,0
0.5692851427047213,0.6683004356717347,21.0,51.126111018477395,0,1,1,1,0
0.5704298924157553,0.6685227171690229,21.0,51.20591311125931,0,1,1,1,0
0.5718237590630229,0.6691020635805912,20.0,48.06264766450764,0,1,1,1,0
0.5705632613141283,0.6684004623455143,20.0,47.91067267944244,0,1,1,1,0
0.5716857828754335,0.6697452654041077,20.0,47.952054269259065,0,1,1,1,0
0.5756341189674523,0.673939393939394,20.0,47.74913145237679,0,1,1,1,0
0.5715301858273317,0.6709233573397351,22.0,53.16290983294368,0,1,1,1,0
0.5717746954743487,0.6713234640348538,22.0,53.906070324651196,0,1,1,1,0
0.571863608073264,0.670023117275718,20.0,48.63243742144721,0,1,1,1,0
0.5714968436027386,0.6709122432648706,18.0,43.22191408070623,0,1,1,1,0
0.571919178447586,0.6701564861740908,21.0,50.01090370216644,0,1,1,1,0
0.571919178447586,0.6701564861740908,21.0,50.01090370216644,0,1,1,1,0
0.5722065664698515,0.6723698336017176,17.0,40.47154355871463,0,1,1,1,0
0.5697991185134327,0.6681911807047463,19.0,46.24029026406118,0,1,1,1,0
0.5719829128645554,0.6724481123635713,19.0,45.686556561725325,0,1,1,1,0
0.5719829128645554,0.6724481123635713,19.0,45.686556561725325,0,1,1,1,0
0.5673886883273165,0.670555332709364,19.0,45.54255032195647,0,1,1,1,0
0.5705531042474484,0.6698533672059545,20.0,48.019226349617846,0,1,1,1,0
0.5702188349601105,0.6713798636181307,23.0,55.74302930117964,0,1,1,1,0
0.5721130275883585,0.6701430672549806,22.0,53.51215290280492,0,1,1,1,0
0.5721130275883585,0.6701430672549806,22.0,53.51215290280492,0,1,1,1,0
0.5714333467041048,0.6696416633239738,23.0,55.36392244227526,0,1,1,1,0
0.5723358737799171,0.6722155368364755,23.0,55.65156302678797,0,1,1,1,0
0.5705419619378704,0.6700316441592014,23.0,55.74619212758803,0,1,1,1,0
0.5705419619378704,0.6700316441592014,23.0,55.74619212758803,0,1,1,1,0
0.5758459089176402,0.6757853667287037,19.0,46.299859477294014,0,1,1,1,0
0.571723046753131,0.6711124481882604,20.0,48.39088987374433,0,1,1,1,0
0.5724027276373846,0.6718924098587156,17.0,40.642968223408765,0,1,1,1,0
0.5705642465570263,0.6697976556580648,21.0,50.756929041107284,0,1,1,1,0
0.5715113428711504,0.6709453135445915,20.0,48.08637535611615,0,1,1,1,0
0.5715113428711504,0.6709453135445915,20.0,48.08637535611615,0,1,1,1,0
0.5722133083745599,0.6713018674510852,21.0,50.90119128260636,0,1,1,1,0
0.5696505771716361,0.6682934438650443,23.0,56.27274992107099,0,1,1,1,0
0.5696505771716361,0.6682934438650443,23.0,56.27274992107099,0,1,1,1,0
0.5718233275393324,0.6708116058296564,18.0,43.58901950319493,0,1,1,1,0
0.5725252930427419,0.671023309711637,21.0,51.33334383299118,0,1,1,1,0
0.5725141507331639,0.6713798636181307,18.0,43.7704600142214,0,1,1,1,0
0.5729598431162811,0.6737754601773855,17.0,40.65899874746078,0,1,1,1,0
0.572503008423586,0.6731403485314436,20.0,48.295895227379766,0,1,1,1,0
0.572503008423586,0.6731403485314436,20.0,48.295895227379766,0,1,1,1,0
0.5712105005125463,0.6714021482372866,18.0,42.62910764740697,0,1,1,1,0
0.5711436466550787,0.6732963408655346,23.0,55.86827174222564,0,1,1,1,0
0.5725810045906315,0.6742991487275483,17.0,40.92406006493379,0,1,1,1,0
0.571609379163336,0.6725175415223377,22.0,53.17646424445449,0,1,1,1,0
0.5769558490481422,0.6778707087920712,19.0,45.62416367164357,0,1,1,1,0
0.5716561928956634,0.6726612292195926,18.0,42.64034767121625,0,1,1,1,0
0.5716561928956634,0.6726612292195926,18.0,42.64034767121625,0,1,1,1,0
0.5750835257976994,0.6741596968405946,22.0,53.068159425494215,0,1,1,1,0
0.575733793752943,0.6746417920487925,21.0,51.53760847744335,0,1,1,1,0
0.575733793752943,0.6746417920487925,21.0,51.53760847744335,0,1,1,1,0
0.5726032892097874,0.6704996211614743,23.0,55.761785417003814,0,1,1,1,0
0.5719458929446896,0.6706110442572536,17.0,41.10358316467309,0,1,1,1,0
0.5725587199714757,0.6704327673040068,17.0,41.44728588179505,0,1,1,1,0
0.5725587199714757,0.6704327673040068,17.0,41.44728588179505,0,1,1,1,0
0.5737175201675804,0.672761510005794,19.0,44.920818103541535,0,1,1,1,0
0.5737175201675804,0.672761510005794,19.0,44.920818103541535,0,1,1,1,0
0.5738846548112493,0.6739983063689442,16.0,38.16434423590713,0,1,1,1,0
0.5722866151523226,0.6712629896083133,19.0,46.02850301792716,0,1,1,1,0
0.5735522692956746,0.6725508482103206,22.0,54.0141307175335,0,1,1,1,0
0.5726085798028244,0.673172573052669,18.0,42.77963453829225,0,1,1,1,0
0.5772599311854864,0.6741811519728317,20.0,48.604647349246854,0,1,1,1,0
0.5772599311854864,0.6741811519728317,20.0,48.604647349246854,0,1,1,1,0
0.5785030383209633,0.6738009283135636,21.0,50.90560746521871,0,1,1,1,0
0.5785030383209633,0.6738009283135636,21.0,50.90560746521871,0,1,1,1,0
0.5780463129496403,0.6782036870503597,21.0,49.876715323751526,0,1,1,1,0
0.58125,0.6785762635379061,20.0,49.417507463179014,0,1,1,1,0
0.5797437050359712,0.6782711330935252,20.0,47.994711046559615,0,1,1,1,0
0.5762656955181197,0.6754770096965905,18.0,42.57117626302763,0,1,1,1,0
0.5802607913669064,0.6779339028776978,24.0,57.84615997656602,0,1,1,1,0
0.579777428057554,0.6790130395683454,21.0,51.250884208433334,0,1,1,1,0
0.579777428057554,0.6790130395683454,21.0,51.250884208433334,0,1,1,1,0
0.5786563295947094,0.6740582689128201,23.0,54.77766204948809,0,1,1,1,0
0.5776174091782474,0.6738236739800706,24.0,59.13221314874855,0,1,1,1,0
0.5769694803163681,0.675141874078377,22.0,53.28221469152062,0,1,1,1,0
0.5815310251798561,0.6783160971223021,22.0,53.40654029585215,0,1,1,1,0
0.5818570143884892,0.6794851618705036,20.0,48.87528449202187,0,1,1,1,0
0.5809699820788531,0.6783266129032258,21.0,51.44512587470288,0,1,1,1,0
0.5809699820788531,0.6793122759856631,18.0,43.04834373531206,0,1,1,1,0
0.5850269784172661,0.6810813848920864,22.0,52.78618548264973,0,1,1,1,0
0.5839253597122303,0.6819694244604316,23.0,55.70118181373554,0,1,1,1,0
0.5839253597122303,0.6819694244604316,23.0,55.70118181373554,0,1,1,1,0
0.5782742269418286,0.6778089449898707,18.0,43.374851280295154,0,1,1,1,0
0.5831429211469534,0.6802867383512545,21.0,50.26931383187988,0,1,1,1,0
0.5793873416594314,0.6788441416772413,22.0,52.78346246054155,0,1,1,1,0
0.5796878826331842,0.6792003383868741,17.0,40.09480704794644,0,1,1,1,0
0.5845766129032258,0.6829637096774194,16.0,38.643836490137815,0,1,1,1,0
0.5851814516129032,0.6824820788530466,22.0,52.99834155073482,0,1,1,1,0
0.581619623655914,0.6797267025089606,23.0,55.76566825926555,0,1,1,1,0
0.5830757168458781,0.6797491039426523,19.0,45.918963004144395,0,1,1,1,0
0.5830757168458781,0.6797491039426523,19.0,45.918963004144395,0,1,1,1,0
0.5842965949820789,0.6804659498207886,22.0,53.91043296625207,0,1,1,1,0
0.587486756385113,0.6835621379139334,21.0,49.85868973412046,0,1,1,1,0
0.5870020964360587,0.6845990847816776,20.0,48.271673679734214,0,1,1,1,0
0.5879714163341674,0.6859178106895697,19.0,45.01680987679968,0,1,1,1,0
0.5854672057502246,0.6842542677448338,19.0,44.93236112404212,0,1,1,1,0
0.5825111607142858,0.6808928571428572,16.0,38.50308146434543,0,1,1,1,0
0.5836160714285714,0.6809709821428571,18.0,43.23398136708042,0,1,1,1,0
0.5850246415770609,0.681339605734767,23.0,55.449027654014884,0,1,1,1,0
0.5850246415770609,0.681339605734767,23.0,55.449027654014884,0,1,1,1,0
0.586951164874552,0.6832549283154122,18.0,42.33251599960841,0,1,1,1,0
0.586951164874552,0.6832549283154122,18.0,42.33251599960841,0,1,1,1,0
0.5801907719609583,0.6780390417036379,23.0,55.61470864331332,0,1,1,1,0
0.5835825892857143,0.6803348214285714,17.0,41.40939906541808,0,1,1,1,0
0.5810226264418811,0.6779835847382432,21.0,50.92443588922086,0,1,1,1,0
0.5902369198169564,0.68641374180023,20.0,48.310705973568226,0,1,1,1,0
0.5902369198169564,0.68641374180023,20.0,48.310705973568226,0,1,1,1,0
0.5848325892857142,0.6827120535714286,20.0,48.78697924183184,0,1,1,1,0
0.5848102678571429,0.6827120535714286,20.0,48.44295771915199,0,1,1,1,0
0.5824621886120996,0.678914590747331,24.0,58.80737994133299,0,1,1,1,0
0.5872983870967742,0.6837701612903225,24.0,58.397656272354,0,1,1,1,0
0.587421875,0.6840736607142858,20.0,48.2494747958707,0,1,1,1,0
0.5867075892857143,0.6847767857142857,18.0,42.51329577199035,0,1,1,1,0
0.5873772321428572,0.68421875,18.0,43.15430563888713,0,1,1,1,0
0.5908131176999102,0.6876235399820305,18.0,44.13507769794741,0,1,1,1,0
0.5888888888888889,0.6855398745519713,20.0,48.77095006255259,0,1,1,1,0
0.5899820305480683,0.6887578616352201,16.0,38.41547246118903,0,1,1,1,0
0.589706541218638,0.686671146953405,19.0,45.923589647064844,0,1,1,1,0
0.5925813214309866,0.6893893284641915,20.0,47.95137243820204,0,1,1,1,0
0.5933477604201889,0.6896034805347039,18.0,43.30863631947721,0,1,1,1,0
0.590566037735849,0.6869272237196765,20.0,48.59197675219698,0,1,1,1,0
0.5894825268817204,0.6861447132616487,20.0,48.613390901422775,0,1,1,1,0
0.5894825268817204,0.6861447132616487,20.0,48.613390901422775,0,1,1,1,0
0.5895945340501793,0.6857638888888888,18.0,44.236387339844995,0,1,1,1,0
0.5887208781362007,0.6868391577060932,19.0,46.24661976703277,0,1,1,1,0
0.5902329749103943,0.6857862903225806,21.0,51.67400049209724,0,1,1,1,0
0.5902217741935484,0.6854278673835126,21.0,50.23806140856444,0,1,1,1,0
0.5895049283154122,0.6851814516129032,23.0,55.33255803115092,0,1,1,1,0
0.5881832437275986,0.6846438172043011,22.0,53.4341853253168,0,1,1,1,0
0.5882840501792115,0.6847222222222222,19.0,45.80546147942502,0,1,1,1,0
0.589247311827957,0.684375,19.0,46.317239870485984,0,1,1,1,0
0.5901280323450134,0.6870058400718778,16.0,38.6200102393798,0,1,1,1,0
0.5901280323450134,0.6870058400718778,16.0,38.6200102393798,0,1,1,1,0
0.5868080357142857,0.6847991071428572,18.0,43.61266396477948,0,1,1,1,0
0.588203125,0.684921875,16.0,38.690394059013016,0,1,1,1,0
0.5918238993710692,0.6860624438454627,18.0,43.5797168290639,0,1,1,1,0
0.5880133928571428,0.6851227678571429,20.0,48.236433463460266,0,1,1,1,0
0.5911275831087152,0.6897237196765499,17.0,40.032558598389144,0,1,1,1,0
0.5915206648697214,0.6909703504043126,15.0,36.07692633455524,0,1,1,1,0
0.5944748765807805,0.6922071188656703,18.0,42.73472056407559,0,1,1,1,0
0.5893415178571428,0.6883035714285715,17.0,41.35922525871675,0,1,1,1,0
0.590064964157706,0.6890008960573477,19.0,45.54809055501557,0,1,1,1,0
0.590064964157706,0.6890008960573477,19.0,45.54809055501557,0,1,1,1,0
0.5928683737646002,0.6918912848158131,16.0,38.926857215084766,0,1,1,1,0
0.5882142857142857,0.6867857142857143,21.0,50.37348123448984,0,1,1,1,0
0.588984375,0.6854017857142857,23.0,56.08782009108508,0,1,1,1,0
0.5905353942652329,0.6891353046594982,22.0,53.253330357194905,0,1,1,1,0
0.5872879464285714,0.6869419642857143,19.0,45.60170534820545,0,1,1,1,0
0.5884151785714286,0.6874776785714286,17.0,40.51671490065178,0,1,1,1,0
0.5884151785714286,0.6874776785714286,17.0,40.51671490065178,0,1,1,1,0
0.5886607142857143,0.686640625,21.0,49.75070255442929,0,1,1,1,0
0.589426523297491,0.6884856630824373,20.0,47.74555415369424,0,1,1,1,0
0.58765625,0.6858147321428572,18.0,43.0758169596802,0,1,1,1,0
0.5889508928571429,0.68546875,19.0,45.310364200288625,0,1,1,1,0
0.5912286612758311,0.6894204851752022,17.0,41.43208740877191,0,1,1,1,0
0.5882589285714286,0.6864397321428571,18.0,43.003619312359135,0,1,1,1,0
0.5865290178571428,0.6867745535714286,18.0,43.521842065800705,0,1,1,1,0
0.5862946428571428,0.6843303571428572,17.0,40.83436555133242,0,1,1,1,0
0.5857142857142857,0.6843861607142857,17.0,40.9664035232884,0,1,1,1,0
0.5901954177897574,0.6887017070979335,21.0,51.31445324203331,0,1,1,1,0
0.5872544642857143,0.6846316964285715,20.0,47.5636784378155,0,1,1,1,0
0.5940551537070524,0.6928119349005425,21.0,50.16759760111557,0,1,1,1,0
0.589937106918239,0.6880166217430368,18.0,41.94077312279584,0,1,1,1,0
0.5906221922731356,0.6866913746630727,20.0,48.836391556085154,0,1,1,1,0
0.5906221922731356,0.6866913746630727,20.0,48.836391556085154,0,1,1,1,0
0.5892295597484277,0.6869047619047619,18.0,43.825571219575025,0,1,1,1,0
0.594247287522604,0.6894552441229657,17.0,40.02041633463046,0,1,1,1,0
0.593885623869801,0.6909018987341772,18.0,43.068978954201235,0,1,1,1,0
0.5948915009041591,0.6918512658227848,18.0,43.03347218059298,0,1,1,1,0
0.5965076853526221,0.6920320976491863,19.0,45.10049780775161,0,1,1,1,0
0.595999095840868,0.6927328209764919,18.0,42.74696867020717,0,1,1,1,0
0.5952983725135624,0.69125226039783,19.0,45.71086065243494,0,1,1,1,0
0.5951062386980108,0.6919642857142857,20.0,48.1768109468833,0,1,1,1,0
0.5951062386980108,0.6919642857142857,20.0,48.1768109468833,0,1,1,1,0
0.5947332730560578,0.6915461121157324,19.0,45.16345624093426,0,1,1,1,0
0.5952644665461121,0.6919529837251356,20.0,47.691906558413486,0,1,1,1,0
0.5883147321428571,0.6853683035714285,20.0,49.636297154554626,0,1,1,1,0
0.5894196428571429,0.6873549107142857,20.0,47.82297754875939,0,1,1,1,0
0.5907249490812239,0.6873587143848341,19.0,44.8029233489036,0,1,1,1,0
0.5983939802336029,0.6895777178796046,17.0,41.08598914236391,0,1,1,1,0
0.5915543575920934,0.688230008984726,20.0,48.40059137527835,0,1,1,1,0
0.5882254464285714,0.6847544642857143,16.0,38.91352934118192,0,1,1,1,0
0.5882254464285714,0.6847544642857143,16.0,38.91352934118192,0,1,1,1,0
0.5861432384341637,0.6831516903914591,19.0,45.44617714331131,0,1,1,1,0
0.5879910714285714,0.6846875,17.0,40.91578302183277,0,1,1,1,0
0.5908917340521114,0.6876684636118598,18.0,43.31663458962318,0,1,1,1,0
0.5915094339622642,0.6870058400718778,19.0,45.32513370605134,0,1,1,1,0
0.5911612758310871,0.6875224618149146,19.0,46.30000608033086,0,1,1,1,0
0.5898023360287511,0.6851976639712489,20.0,48.99340169257363,0,1,1,1,0
0.5910601976639712,0.6868823000898473,18.0,43.84452918801539,0,1,1,1,0
0.5896338724168912,0.6868710691823899,16.0,37.78815247190452,0,1,1,1,0
0.589173405211141,0.6853212039532794,20.0,48.566448662696494,0,1,1,1,0
0.589173405211141,0.6853212039532794,20.0,48.566448662696494,0,1,1,1,0
0.5893980233602875,0.6873876909254267,20.0,48.0431803346034,0,1,1,1,0
0.5911949685534591,0.6873652291105121,18.0,43.910680615881375,0,1,1,1,0
0.5890386343216532,0.6876010781671159,19.0,45.10636865765835,0,1,1,1,0
0.5993105786618445,0.6896473779385172,17.0,41.80792486558932,0,1,1,1,0
0.5937273960216998,0.6908114828209765,17.0,39.87978055370173,0,1,1,1,0
0.5938969258589512,0.690630650994575,19.0,46.10052433664489,0,1,1,1,0
0.5938969258589512,0.690630650994575,19.0,46.10052433664489,0,1,1,1,0
0.5946089511754069,0.6909697106690778,18.0,43.09259600616905,0,1,1,1,0
0.5946089511754069,0.6909697106690778,18.0,43.09259600616905,0,1,1,1,0
0.5909141958670261,0.6870058400718778,17.0,41.74251756767219,0,1,1,1,0
0.5909029649595687,0.6876460017969452,14.0,33.39910962810874,0,1,1,1,0
0.5900718778077269,0.6880503144654088,20.0,48.10033323180633,0,1,1,1,0
0.591015274034142,0.6873764600179695,18.0,43.346778489073145,0,1,1,1,0
0.5904088050314465,0.6868261455525606,20.0,48.65065751400783,0,1,1,1,0
0.5869866071428571,0.6845870535714286,16.0,37.99935025293345,0,1,1,1,0
0.5896114106019766,0.6862196765498653,15.0,36.095441483196275,0,1,1,1,0
0.5911386127454296,0.6885890759901715,18.0,43.56856332678402,0,1,1,1,0
0.5900044923629829,0.6872641509433962,17.0,42.06622776803479,0,1,1,1,0
0.5950949367088607,0.6926537070524412,16.0,38.98488302826429,0,1,1,1,0
0.5913746630727763,0.6892857142857143,18.0,43.14530686577805,0,1,1,1,0
0.5937542231632056,0.6908306680481103,20.0,48.035014421552084,0,1,1,1,0
0.5918575920934411,0.6899483378256963,19.0,45.482981800117294,0,1,1,1,0
0.5881174601042995,0.6863962935607333,18.0,43.54632806592908,0,1,1,1,0
0.5885427158172744,0.6865753485977752,19.0,45.48225222793664,0,1,1,1,0
0.5929208522906437,0.6927226451641966,17.0,40.45913078441347,0,1,1,1,0
0.590467557465476,0.6888471093802457,20.0,47.19032497025044,0,1,1,1,0
0.590467557465476,0.6888471093802457,20.0,47.19032497025044,0,1,1,1,0
0.589937106918239,0.6872866127583108,18.0,43.13568387148406,0,1,1,1,0
0.5901168014375562,0.6880278526504942,18.0,43.184887813611105,0,1,1,1,0
0.5883984725965858,0.6864218328840971,16.0,37.58442705063326,0,1,1,1,0
0.594247287522604,0.691376582278481,15.0,35.48917099396074,0,1,1,1,0
0.5931849005424955,0.6914443942133816,16.0,38.760443294832726,0,1,1,1,0
0.5918735078156674,0.6917203477634127,18.0,42.617791492360006,0,1,1,1,0
0.5933375377269247,0.6916302536150277,16.0,38.15292928351881,0,1,1,1,0
0.5933375377269247,0.6916302536150277,16.0,38.15292928351881,0,1,1,1,0
0.5950271247739602,0.6936821880650994,14.0,33.03537270214931,0,1,1,1,0
0.5932866184448463,0.6928571428571428,14.0,32.81845357756007,0,1,1,1,0
0.591986889692586,0.6920320976491863,16.0,37.01251711492793,0,1,1,1,0
0.5939647377938517,0.6933205244122965,19.0,45.18454244266077,0,1,1,1,0
0.5944733273056058,0.6937047920433996,16.0,37.96530442638677,0,1,1,1,0
0.5881174601042995,0.6859598469079433,19.0,45.240950811786675,0,1,1,1,0
0.5897289554376777,0.6875153875422458,19.0,45.48598343156754,0,1,1,1,0
0.591501869453579,0.6916189918464796,18.0,43.024799647046095,0,1,1,1,0
0.590633423180593,0.6890049415992813,18.0,43.23873291789824,0,1,1,1,0
0.5912174303683738,0.688162623539982,19.0,44.57903033329996,0,1,1,1,0
0.5902291105121293,0.6872416891284816,19.0,46.48745550707599,0,1,1,1,0
0.5887017070979335,0.6877358490566038,20.0,48.298344422462634,0,1,1,1,0
0.5887017070979335,0.6877358490566038,20.0,48.298344422462634,0,1,1,1,0
0.5908599486463354,0.6910896887247173,18.0,42.55963418554584,0,1,1,1,0
0.5908599486463354,0.6910896887247173,18.0,42.55963418554584,0,1,1,1,0
0.5923014550204965,0.6899972971755485,15.0,35.596806206204874,0,1,1,1,0
0.5922901932519483,0.6893891616739493,17.0,40.18272980431408,0,1,1,1,0
0.5930672552817694,0.6904590296860219,17.0,40.40316559849936,0,1,1,1,0
0.5929996846704807,0.6894342087481418,20.0,47.838837995678944,0,1,1,1,0
0.5929996846704807,0.6894342087481418,20.0,47.838837995678944,0,1,1,1,0
0.5926618316140366,0.6887134555610613,20.0,47.895606738007515,0,1,1,1,0
0.5927969728366143,0.6892089733771791,19.0,45.48771511719801,0,1,1,1,0
0.5918509842785711,0.690132438398126,21.0,51.05966375866786,0,1,1,1,0
0.5930222082075769,0.6901774854723186,14.0,34.34253492889894,0,1,1,1,0
0.591670795981801,0.6894454705166899,18.0,42.850302404561,0,1,1,1,0
0.5904227937062154,0.6874930056626155,22.0,52.789112271202995,0,1,1,1,0
0.5895610913404508,0.6872915687459433,19.0,45.79919468257161,0,1,1,1,0
0.5895610913404508,0.6872915687459433,19.0,45.79919468257161,0,1,1,1,0
0.5903668390071398,0.6882092258107836,20.0,48.36077176302341,0,1,1,1,0
0.5937359727085016,0.6909507137085914,20.0,47.57467686250668,0,1,1,1,0
0.5955898914365512,0.6959097256633182,17.0,40.71667314718947,0,1,1,1,0
0.5962655975494392,0.6953241136988153,19.0,46.07631068319417,0,1,1,1,0
0.5957475561962251,0.6949975224109194,19.0,45.560885520383756,0,1,1,1,0
0.5957475561962251,0.6949975224109194,19.0,45.560885520383756,0,1,1,1,0
0.5958826974188026,0.6949749988738232,19.0,45.25822053185913,0,1,1,1,0
0.5901244480128462,0.6907087738079307,20.0,48.07424104529328,0,1,1,1,0
0.5949591525271568,0.6950130173265104,17.0,40.2603143199438,0,1,1,1,0
0.5939043002064818,0.6927349851871801,18.0,43.0087917354079,0,1,1,1,0
0.5938930783732831,0.6929145345183589,17.0,40.4389567084773,0,1,1,1,0
0.5945875940357673,0.6925086715617821,16.0,37.98106473524349,0,1,1,1,0
0.5943173115906122,0.6928577863867742,20.0,47.90643391083606,0,1,1,1,0
0.5949479706293076,0.6929591423037074,19.0,45.139713901393634,0,1,1,1,0
0.593033469976125,0.6928014775440335,19.0,45.76627662759984,0,1,1,1,0
0.593033469976125,0.6928014775440335,19.0,45.76627662759984,0,1,1,1,0
0.5949029235551151,0.6927113833956484,18.0,42.730490667212315,0,1,1,1,0
0.5933319867133495,0.6917137983661011,22.0,52.6852510747276,0,1,1,1,0
0.5939681967656201,0.6927226451641966,21.0,50.19404969324478,0,1,1,1,0
0.5933487994954728,0.6915176359295464,17.0,40.54134447217629,0,1,1,1,0
0.5939456732285238,0.6915964683093833,18.0,42.85055933491869,0,1,1,1,0
0.5965500827345468,0.6949021918988145,16.0,37.605203999211774,0,1,1,1,0
0.5965500827345468,0.6949021918988145,16.0,37.605203999211774,0,1,1,1,0
0.5966747512296847,0.6956048688714102,18.0,42.8963068210892,0,1,1,1,0
0.5955187342747693,0.6928734954779336,18.0,43.233283634748645,0,1,1,1,0
0.5951787292880295,0.6934515039553913,18.0,42.66946254954299,0,1,1,1,0
0.5960514087539951,0.6937348414443412,18.0,42.75797030239518,0,1,1,1,0
0.5940567128317882,0.6938821769385951,16.0,38.096889966392055,0,1,1,1,0
0.5978275705186533,0.6964513193812557,18.0,43.18332488739743,0,1,1,1,0
0.5978275705186533,0.6964513193812557,18.0,43.18332488739743,0,1,1,1,0
0.5875802949931735,0.6851764811208846,18.0,42.6866447104841,0,1,1,1,0
0.5898238659399072,0.68962565881346,17.0,40.85725950269387,0,1,1,1,0
0.593252712477396,0.6910714285714286,18.0,42.57835483601552,0,1,1,1,0
0.5935465641952984,0.6914896021699819,20.0,46.57718504085368,0,1,1,1,0
0.5935465641952984,0.6914896021699819,20.0,46.57718504085368,0,1,1,1,0
0.5910288751745574,0.6883530789675211,19.0,46.680252471302516,0,1,1,1,0
0.5957916287534122,0.6951205641492265,19.0,45.23896259756403,0,1,1,1,0
0.5925067811934901,0.6896699819168174,16.0,37.74866793713559,0,1,1,1,0
0.5890274034141959,0.6857367475292003,18.0,42.38690340449426,0,1,1,1,0
0.5922129294755877,0.6884267631103074,17.0,40.61026719948705,0,1,1,1,0
0.5922129294755877,0.6884267631103074,17.0,40.61026719948705,0,1,1,1,0
0.5909387810261724,0.6878575611514032,21.0,49.733261481862726,0,1,1,1,0
0.5909387810261724,0.6878575611514032,21.0,49.733261481862726,0,1,1,1,0
0.5897112482544259,0.6862471282490202,19.0,46.146611516898744,0,1,1,1,0
0.5913087703435804,0.6866862567811934,20.0,48.437156139423905,0,1,1,1,0
0.5919303797468355,0.687375678119349,18.0,42.84901944492043,0,1,1,1,0
0.5924615732368896,0.6890935804701628,17.0,41.03930602509758,0,1,1,1,0
0.5919755877034358,0.6888562386980108,20.0,48.22750301271709,0,1,1,1,0
0.5918625678119349,0.6901446654611212,20.0,47.67843761451137,0,1,1,1,0
0.5922355334538879,0.6902576853526221,20.0,48.54413967285487,0,1,1,1,0
0.5922242314647378,0.6888336347197107,18.0,43.68550149731353,0,1,1,1,0
0.592755424954792,0.6896021699819168,16.0,37.75239585835035,0,1,1,1,0
0.5958030027297543,0.693312101910828,18.0,42.427835473697755,0,1,1,1,0
0.5961897179253867,0.6939149226569609,18.0,42.462555620476294,0,1,1,1,0
0.5958257506824386,0.6931528662420382,21.0,49.48558597490615,0,1,1,1,0
0.5942380488247161,0.6911961375433506,17.0,40.40804910235433,0,1,1,1,0
0.5942380488247161,0.6911961375433506,17.0,40.40804910235433,0,1,1,1,0
0.5937280413446064,0.6913548065371625,17.0,40.01311368601785,0,1,1,1,0
0.5937280413446064,0.6913548065371625,17.0,40.01311368601785,0,1,1,1,0
0.5954167327787474,0.6907541310605889,19.0,45.51205277114942,0,1,1,1,0
0.5954167327787474,0.6907541310605889,19.0,45.51205277114942,0,1,1,1,0
0.5950427272933336,0.6909694675521908,17.0,40.4727266923733,0,1,1,1,0
0.5927533603826189,0.6899947865902033,18.0,42.14793957719237,0,1,1,1,0
0.5949973932951017,0.6929188294761657,18.0,42.47334645918872,0,1,1,1,0
0.5949973932951017,0.6929188294761657,18.0,42.47334645918872,0,1,1,1,0
0.5952013962871455,0.6913774735362785,18.0,43.06088320119315,0,1,1,1,0
0.5952013962871455,0.6913774735362785,18.0,43.06088320119315,0,1,1,1,0
0.5948840582995217,0.6918874810163882,20.0,47.29956883137703,0,1,1,1,0
0.5964171974522293,0.6929708826205642,19.0,45.643531783236,0,1,1,1,0
0.5946120543101299,0.6927488269827957,20.0,47.99499399022159,0,1,1,1,0
0.5906572368124691,0.6882291995134916,15.0,35.79879214574054,0,1,1,1,0
0.5963234127433868,0.6908787995557268,20.0,48.029193617286,0,1,1,1,0
0.5963234127433868,0.6908787995557268,20.0,48.029193617286,0,1,1,1,0
0.5963007457442709,0.6929414964752816,17.0,40.684758761137175,0,1,1,1,0
0.596244078246481,0.6929074959766076,18.0,43.27268612949827,0,1,1,1,0
0.5925041668543628,0.6912360917158431,19.0,45.17048106371294,0,1,1,1,0
0.5931460876616064,0.6903689355376368,21.0,50.8818796069035,0,1,1,1,0
0.5940357673769089,0.6899297265642597,19.0,45.200174772630085,0,1,1,1,0
0.5971507582111204,0.694006845433733,17.0,40.63177402216951,0,1,1,1,0
0.5976834326903461,0.6935761724505293,18.0,43.246806086794926,0,1,1,1,0
0.5978194346850421,0.6942675159235668,16.0,38.0466966564531,0,1,1,1,0
0.5939006261543313,0.6903689355376368,18.0,42.68927396314958,0,1,1,1,0
0.5967200852279166,0.6950268603939525,18.0,42.85615618034902,0,1,1,1,0
0.5953147312827255,0.694063512931523,15.0,35.531648810255376,0,1,1,1,0
0.5952353967858195,0.6933381689598114,19.0,45.18998776388449,0,1,1,1,0
0.5953033977831674,0.6925788244894259,15.0,35.65636532372853,0,1,1,1,0
0.5950880612915657,0.6926694924858898,19.0,44.8672564172088,0,1,1,1,0
0.5973157415832575,0.6934030937215651,14.0,32.834398211061895,0,1,1,1,0
0.5951787292880295,0.6924768229934039,15.0,35.88810490495731,0,1,1,1,0
0.596130743250901,0.6915588095292065,11.0,25.891100179977208,0,1,1,1,0
0.596130743250901,0.6915588095292065,11.0,25.891100179977208,0,1,1,1,0
0.5947367228052678,0.692397488496498,12.0,28.04929015475279,0,1,1,1,0
0.5958814062606251,0.6913208060384886,16.0,38.01095481717645,0,1,1,1,0
0.5939433778362083,0.6912074710429086,17.0,40.56131363428081,0,1,1,1,0
0.5949860597955436,0.6912414715415827,18.0,42.87871555704967,0,1,1,1,0
0.5944987193145499,0.6909581340526327,20.0,47.82065090626157,0,1,1,1,0
0.5938073758415123,0.6910148015504227,17.0,40.61749415143749,0,1,1,1,0
0.5951220617902396,0.6906974635627989,18.0,43.02047507565311,0,1,1,1,0
0.5952353967858195,0.6924768229934039,16.0,38.155644864277896,0,1,1,1,0
0.5956434027699072,0.6924881564929619,13.0,30.848416330052782,0,1,1,1,0
0.594419384817644,0.6915588095292065,16.0,37.47432403453122,0,1,1,1,0
0.5949973932951017,0.690572795067661,17.0,40.66415050617051,0,1,1,1,0
0.5941700478273682,0.6898474510959494,21.0,50.29658252789476,0,1,1,1,0
0.5954053992791895,0.6900741210871093,16.0,37.94723385814889,0,1,1,1,0
0.5949293922977537,0.690663463064125,14.0,33.142932770466,0,1,1,1,0
0.5977365787079163,0.6940059144676979,16.0,38.506933662862444,0,1,1,1,0
0.5979981801637853,0.692424931756142,13.0,30.839028163203988,0,1,1,1,0
0.5942267153251581,0.6904707935716391,17.0,40.60850424310429,0,1,1,1,0
0.5945780538114559,0.6917968130199242,14.0,32.566563769413726,0,1,1,1,0
0.5980016424856283,0.6947828269002646,19.0,45.334037328441156,0,1,1,1,0
0.5917900129201895,0.6886007661445701,17.0,40.157645499819445,0,1,1,1,0
0.5917900129201895,0.6886007661445701,17.0,40.157645499819445,0,1,1,1,0
0.5967032967032967,0.6916437728937729,19.0,46.09216808031311,0,1,1,1,0
0.5962568681318682,0.691632326007326,17.0,39.92870170932206,0,1,1,1,0
0.5962568681318682,0.691632326007326,17.0,39.92870170932206,0,1,1,1,0
0.5953869047619048,0.6907051282051282,19.0,44.24798626694143,0,1,1,1,0
0.5941620879120879,0.691128663003663,21.0,51.33464335918484,0,1,1,1,0
0.5962339743589744,0.6919413919413919,17.0,41.23439698111468,0,1,1,1,0
0.5914240218380346,0.6902866242038217,14.0,32.98902507772153,0,1,1,1,0
0.595570054945055,0.6919871794871795,16.0,37.11349555278521,0,1,1,1,0
0.5943910256410256,0.6918154761904762,15.0,35.70026554673144,0,1,1,1,0
0.5935668498168498,0.6932119963369964,18.0,42.87377956441422,0,1,1,1,0
0.5935668498168498,0.6932119963369964,18.0,42.87377956441422,0,1,1,1,0
0.5995245825602968,0.6980055658627087,19.0,45.16903076565987,0,1,1,1,0
0.5995245825602968,0.6980055658627087,19.0,45.16903076565987,0,1,1,1,0
0.6001373178792534,0.6981566820276498,14.0,33.19427275737792,0,1,1,1,0
0.6001373178792534,0.6981566820276498,14.0,33.19427275737792,0,1,1,1,0
0.594901144640999,0.694924268701584,17.0,40.06569908560774,0,1,1,1,0
0.592260385240195,0.6921211417962404,19.0,44.97690894990304,0,1,1,1,0
0.592260385240195,0.6921211417962404,19.0,44.97690894990304,0,1,1,1,0
0.5841780061094141,0.6833981301490327,18.0,43.04443208887474,0,1,1,1,0
0.5829746366749977,0.6813038044987504,23.0,55.00310989073409,0,1,1,1,0
0.5829746366749977,0.6813038044987504,23.0,55.00310989073409,0,1,1,1,0
0.5885883069998593,0.689319705565193,19.0,45.75986590342775,0,1,1,1,0
0.5885883069998593,0.689319705565193,19.0,45.75986590342775,0,1,1,1,0
0.5934408551737071,0.6922499882788692,19.0,44.996011860903224,0,1,1,1,0
0.5852629400538067,0.6856906344132999,15.0,34.88658558824787,0,1,1,1,0
0.5883946688802804,0.6880188157166575,17.0,41.42788880342545,0,1,1,1,0
0.5884869027854639,0.6884569267662792,17.0,40.46337005913369,0,1,1,1,0
0.5884869027854639,0.6884569267662792,17.0,40.46337005913369,0,1,1,1,0
0.5886598413576831,0.6898173768677366,14.0,32.74538779931491,0,1,1,1,0
0.5931190531445811,0.6924576467857971,16.0,38.07870832174001,0,1,1,1,0
0.5925236651043103,0.6923766197959746,18.0,43.23808521352639,0,1,1,1,0
0.5925236651043103,0.6923766197959746,18.0,43.23808521352639,0,1,1,1,0
0.5914206789489305,0.6872816930347236,16.0,37.72189579354779,0,1,1,1,0
0.5933260741345674,0.6855178984619572,19.0,46.407105677652716,0,1,1,1,0
0.5896970527132844,0.6884688263360957,16.0,37.742998015556566,0,1,1,1,0
0.5937413840639647,0.6917677603161474,17.0,41.4504003074934,0,1,1,1,0
0.5932933553901296,0.6913082437275986,17.0,40.493308774462925,0,1,1,1,0
0.5932933553901296,0.6913082437275986,17.0,40.493308774462925,0,1,1,1,0
0.5907775020678246,0.6888842937230034,22.0,53.21569452386189,0,1,1,1,0
0.5872885418806931,0.6842339565783165,23.0,55.83335611350789,0,1,1,1,0
0.5907545262383972,0.6889532212112858,19.0,44.89008722507009,0,1,1,1,0
0.5917424869037772,0.6877584780810587,23.0,55.652171693943586,0,1,1,1,0
0.5924892013601691,0.688160555096039,22.0,53.06679660111708,0,1,1,1,0
0.5874369335433646,0.6857407026915965,18.0,43.316209971197644,0,1,1,1,0
0.5884642604387827,0.6871903750884643,18.0,43.947339739890175,0,1,1,1,0
0.5891149008058809,0.6877268680227382,16.0,37.81705464722867,0,1,1,1,0
0.5892632924685524,0.688423167362966,15.0,35.08805530224251,0,1,1,1,0
0.5892632924685524,0.688423167362966,15.0,35.08805530224251,0,1,1,1,0
0.5896970527132844,0.6875898911033491,17.0,40.28856201095872,0,1,1,1,0
0.5852842430016787,0.6824667664806497,15.0,35.569496035982134,0,1,1,1,0
0.5887039700477136,0.6865283199780837,20.0,48.034708477514656,0,1,1,1,0
0.5883272835193937,0.6851927950140402,18.0,43.78469625606204,0,1,1,1,0
0.5883272835193937,0.6851927950140402,18.0,43.78469625606204,0,1,1,1,0
0.5887382142775609,0.6871903750884643,18.0,43.089162616971365,0,1,1,1,0
0.5887382142775609,0.6871903750884643,18.0,43.089162616971365,0,1,1,1,0
0.5922364672364673,0.6895505927763992,20.0,47.76841474178961,0,1,1,1,0
0.5886240668447367,0.6867452001004497,16.0,38.66102068173507,0,1,1,1,0
0.5862057189691285,0.6843525179856115,17.0,40.77082409814536,0,1,1,1,0
0.5840365682137834,0.680481829318089,15.0,35.2683963283084,0,1,1,1,0
0.5857946554149086,0.6809922417313189,20.0,47.77130597586162,0,1,1,1,0
0.5904664803189296,0.6859276909682445,16.0,38.14553946766883,0,1,1,1,0
0.5875853252060361,0.6834235098052645,20.0,47.749024812048894,0,1,1,1,0
0.5880076707074858,0.6837773668470196,16.0,38.317874947010644,0,1,1,1,0
0.5857039154303344,0.6839299487319087,18.0,43.29917487848253,0,1,1,1,0
0.5852615580055351,0.6827730139285876,19.0,45.838094391967005,0,1,1,1,0
0.5871701546860782,0.6851797088262056,16.0,38.70493804754641,0,1,1,1,0
0.5895943200237427,0.687909503915257,18.0,43.839043188432676,0,1,1,1,0
0.5852842430016787,0.68527970600245,15.0,36.07767693703783,0,1,1,1,0
0.5858059979129804,0.6817521891021279,17.0,41.16959445011073,0,1,1,1,0
0.5859874778821288,0.6826709314459417,21.0,50.51554113019333,0,1,1,1,0
0.5876766431522955,0.6855238225692304,18.0,42.8564958559654,0,1,1,1,0
0.5883501130059585,0.6858662648677031,15.0,35.60375925118648,0,1,1,1,0
0.589765541172979,0.686402757801977,19.0,45.4249016444617,0,1,1,1,0
0.5904161815400771,0.686996324452663,17.0,40.8221312789119,0,1,1,1,0
0.5907700385818323,0.6877268680227382,19.0,45.6820498234924,0,1,1,1,0
0.5909869187041984,0.6874757436705249,20.0,49.022215733066425,0,1,1,1,0
0.5876775100948233,0.6840547162106982,19.0,46.369214732503146,0,1,1,1,0
0.5878476475658999,0.6845991561181435,18.0,42.714297912600124,0,1,1,1,0
0.5874620026314595,0.6845991561181435,17.0,40.186608872532226,0,1,1,1,0
0.5888989990900819,0.6874772520473157,17.0,41.68910030841024,0,1,1,1,0
0.5873939476430289,0.6855405834581008,17.0,41.454376115068136,0,1,1,1,0
0.5873939476430289,0.6855405834581008,17.0,41.454376115068136,0,1,1,1,0
0.5873939476430289,0.6855405834581008,17.0,41.454376115068136,0,1,1,1,0
0.5819856244384546,0.6802785265049416,17.0,41.05103257215662,0,1,1,1,0
0.5853639240506329,0.683250452079566,18.0,43.41890363321002,0,1,1,1,0
0.5930266726943942,0.6847988245931284,17.0,41.803931506034466,0,1,1,1,0
0.5863698010849909,0.6837929475587703,15.0,35.429666670775504,0,1,1,1,0
0.5869462025316455,0.6843015370705244,18.0,43.459086958277794,0,1,1,1,0
0.5917993630573248,0.6895473157415832,15.0,35.54170425487288,0,1,1,1,0
0.5891492265696088,0.6870905368516833,19.0,45.30832196309515,0,1,1,1,0
0.5865205752915023,0.6860396533732589,16.0,37.94109823478935,0,1,1,1,0
0.5865205752915023,0.6860396533732589,16.0,37.94109823478935,0,1,1,1,0
0.5888409469671028,0.6877953564824327,20.0,47.62252717684648,0,1,1,1,0
0.5894915873342008,0.6885373147957903,18.0,43.182263829295636,0,1,1,1,0
0.5846830906038746,0.6826255614536546,19.0,45.65428801087221,0,1,1,1,0
0.5889436796566445,0.6875442321302194,16.0,38.02029031837657,0,1,1,1,0
0.5889436796566445,0.6875442321302194,16.0,38.02029031837657,0,1,1,1,0
0.5882393084622384,0.6865787079162875,15.0,34.91353073988924,0,1,1,1,0
0.5891948040088578,0.6888112686345684,18.0,43.15717378940924,0,1,1,1,0
0.5887056414922657,0.6876251137397634,19.0,45.141218286136144,0,1,1,1,0
0.5896383075523203,0.6880800727934486,16.0,38.274688672294914,0,1,1,1,0
0.5897406733393995,0.6878867151956324,17.0,41.59490233615442,0,1,1,1,0
0.5900022747952685,0.6881028207461328,18.0,43.22467352189496,0,1,1,1,0
0.5861437613019892,0.685375226039783,12.0,27.79238150744112,0,1,1,1,0
0.5843354430379747,0.6841772151898734,18.0,43.539322179417496,0,1,1,1,0
0.5843354430379747,0.6841772151898734,18.0,43.539322179417496,0,1,1,1,0
0.5837816455696202,0.6831374321880651,19.0,46.09377739328994,0,1,1,1,0
0.5849909584086799,0.6829113924050633,15.0,35.33479264464978,0,1,1,1,0
0.5893880800727934,0.6872156505914467,18.0,43.34844383173538,0,1,1,1,0
0.5919229276533571,0.6883546789032715,19.0,45.0595711662704,0,1,1,1,0
0.5918201949638152,0.6891194667031938,18.0,43.44549563473073,0,1,1,1,0
0.5900705186533212,0.6862261146496815,17.0,40.30617681043407,0,1,1,1,0
0.5900705186533212,0.6862261146496815,17.0,40.30617681043407,0,1,1,1,0
0.5892402183803458,0.6856005459508644,21.0,51.07020058652549,0,1,1,1,0
0.58500226039783,0.6829000904159132,18.0,43.158126726328796,0,1,1,1,0
0.5900591446769791,0.6890354868061874,17.0,41.08328036577578,0,1,1,1,0
0.5900591446769791,0.6890354868061874,17.0,41.08328036577578,0,1,1,1,0
0.5902411282984531,0.6887852593266606,21.0,50.654771670825454,0,1,1,1,0
0.5902411282984531,0.6885009099181074,17.0,40.952422696571034,0,1,1,1,0
0.5945398351648352,0.6926625457875458,19.0,45.56751805210233,0,1,1,1,0
0.594047619047619,0.6913919413919414,16.0,39.05881844062298,0,1,1,1,0
0.593543956043956,0.6918154761904762,18.0,43.34827612595593,0,1,1,1,0
0.593543956043956,0.6918154761904762,18.0,43.34827612595593,0,1,1,1,0
0.5910259326660601,0.6893880800727934,18.0,42.476405277597735,0,1,1,1,0
0.5917083712465878,0.6901728844404004,19.0,45.47492354911174,0,1,1,1,0
0.5887997287522604,0.6867427667269439,19.0,45.4344527046856,0,1,1,1,0
0.5915946314831665,0.6906164695177434,21.0,50.622256350425076,0,1,1,1,0
0.5912989080982711,0.689695177434031,22.0,52.691783805868546,0,1,1,1,0
0.5898657870791629,0.6870450409463148,19.0,46.03806455145453,0,1,1,1,0
0.5882798372513562,0.6858838155515371,17.0,40.16787084549102,0,1,1,1,0
0.5882798372513562,0.6858838155515371,17.0,40.16787084549102,0,1,1,1,0
0.5891048824593128,0.6851830922242315,22.0,52.79470184121276,0,1,1,1,0
0.5970313921747042,0.6893539581437671,21.0,50.944694692934135,0,1,1,1,0
0.5921064604185623,0.6908553230209281,17.0,41.00181679483608,0,1,1,1,0
0.5882798372513562,0.6863471971066908,20.0,48.23130323061274,0,1,1,1,0
0.5872852622061483,0.6860307414104883,18.0,43.701784729226624,0,1,1,1,0
0.5877260397830019,0.68624547920434,20.0,47.68185101398499,0,1,1,1,0
0.5888223327305606,0.6873417721518987,20.0,47.492509152584105,0,1,1,1,0
0.5904572338489535,0.6887966333030028,18.0,43.36878502203015,0,1,1,1,0
0.586754068716094,0.6843354430379747,21.0,50.27553349567169,0,1,1,1,0
0.586754068716094,0.6843354430379747,21.0,50.27553349567169,0,1,1,1,0
0.5913102820746133,0.6904344858962693,14.0,32.93852564895659,0,1,1,1,0
0.4990445232466509,0.6621256895193065,11.0,25.191273737779166,0,1,1,1,0
0.5030736084756483,0.669779807084124,16.0,36.78536750554285,0,1,1,1,0
0.5045477211528872,0.67407001097038,14.0,31.67201336544731,0,1,1,1,0
0.4956975357710652,0.6697436406995231,17.0,39.414535672653834,0,1,1,1,0
0.4957976402133506,0.6680539841603362,16.0,36.41352398145253,0,1,1,1,0
0.4957976402133506,0.6680539841603362,16.0,36.41352398145253,0,1,1,1,0
0.4889380086406109,0.6601024816638199,16.0,36.863762815724726,0,1,1,1,0
0.4923142439974043,0.6597582738481506,16.0,37.4153924526575,0,1,1,1,0
0.4890693698094773,0.6563772186940238,16.0,37.05582303972528,0,1,1,1,0
0.48752656096763647,0.651816361556064,14.0,32.42854436407813,0,1,1,1,0
0.48960035959463877,0.6505087446878065,14.0,32.00593808095511,0,1,1,1,0
0.4896636587366694,0.6486361771944217,15.0,34.52242955395743,0,1,1,1,0
0.4896636587366694,0.6486361771944217,15.0,34.52242955395743,0,1,1,1,0
0.48976183111661,0.6473450871223837,13.0,29.32654059717128,0,1,1,1,0
0.48976183111661,0.6473450871223837,13.0,29.32654059717128,0,1,1,1,0
0.48499322075681006,0.645034717942397,15.0,34.92839180470201,0,1,1,1,0
0.4825316193240722,0.6471594443292557,13.0,29.427329192273085,0,1,1,1,0
0.4843358784944234,0.6489022699526145,12.0,26.688419386899614,0,1,1,1,0
0.48622555139409074,0.6484706616729089,16.0,36.66383603344195,0,1,1,1,0
0.48870220763847066,0.655645780980665,16.0,36.9961283495453,0,1,1,1,0
0.4911048689138577,0.657896379525593,15.0,34.396865216588964,0,1,1,1,0
0.4939213224523959,0.6587779870265746,14.0,32.35596506108704,0,1,1,1,0
0.49937669033130494,0.6688112745098039,16.0,36.19377203812692,0,1,1,1,0
0.49522957662492545,0.6689879887554306,17.0,39.20615407987722,0,1,1,1,0
0.49426031234085893,0.6681272279748769,15.0,33.84765610331144,0,1,1,1,0
0.49426031234085893,0.6681272279748769,15.0,33.84765610331144,0,1,1,1,0
0.5125577678918498,0.6862177687556689,15.0,34.12574936987455,0,1,1,1,0
0.5107272727272727,0.6831550802139037,18.0,42.177292437853936,0,1,1,1,0
0.5175255513717052,0.6857019903173749,18.0,40.74896558880459,0,1,1,1,0
0.5163098440021517,0.6863152232383002,19.0,43.241408536786224,0,1,1,1,0
0.5197417966648736,0.6907584722969339,14.0,31.10066552356934,0,1,1,1,0
0.5173894375268355,0.6900279089738085,16.0,36.272784586817394,0,1,1,1,0
0.5173894375268355,0.6900279089738085,16.0,36.272784586817394,0,1,1,1,0
0.5202033368091762,0.6966675356273896,18.0,41.43918822373862,0,1,1,1,0
0.5205319288430439,0.7012653525066656,17.0,38.90359048494097,0,1,1,1,0
0.5256580402565804,0.7064034505640345,17.0,38.923368957435144,0,1,1,1,0
0.5256580402565804,0.7064034505640345,17.0,38.923368957435144,0,1,1,1,0
0.5329691116254228,0.7126023678119993,17.0,38.818524821966314,0,1,1,1,0
0.5379405311002642,0.7190228829877748,15.0,33.84115401676157,0,1,1,1,0
0.5354837991810575,0.7151615631119815,19.0,42.58213159408376,0,1,1,1,0
0.547016174010039,0.722409369771333,19.0,43.492850883650455,0,1,1,1,0
0.547016174010039,0.722409369771333,19.0,43.492850883650455,0,1,1,1,0
0.5467287627065515,0.7232770587971877,19.0,43.016050567364815,0,1,1,1,0
0.5447183491355271,0.7244506413831567,17.0,38.49852961083589,0,1,1,1,0
0.5485746352413019,0.7268462401795736,19.0,44.0912999084033,0,1,1,1,0
0.5551978963594324,0.7319218388720135,18.0,41.365116449369324,0,1,1,1,0
0.5597184065934065,0.7391826923076923,20.0,46.29750752554859,0,1,1,1,0
0.5597184065934065,0.7391826923076923,20.0,46.29750752554859,0,1,1,1,0
0.5855757490372875,0.7685028646567108,16.0,37.37154241242076,0,1,1,1,0
0.5861024698340875,0.7701027526395173,17.0,38.99781734230017,0,1,1,1,0
0.5766008935219658,0.7590981012658228,15.0,34.46770325295935,0,1,1,1,0
0.5823715562174236,0.763030528667163,16.0,36.64352712126213,0,1,1,1,0
0.5873627140729709,0.7669513216679077,17.0,39.218904583597364,0,1,1,1,0
0.5930309007232084,0.7757936507936508,19.0,43.95014307560798,0,1,1,1,0
0.596502422308874,0.7846508330379298,14.0,31.717646214426477,0,1,1,1,0
0.5980780168736373,0.7835339842639113,14.0,32.12290186949781,0,1,1,1,0
0.5980780168736373,0.7835339842639113,14.0,32.12290186949781,0,1,1,1,0
0.5966917824346598,0.782458205792324,15.0,34.73365073167795,0,1,1,1,0
0.6026021080368906,0.7879728966685489,17.0,39.470231566126074,0,1,1,1,0
0.6042621015348288,0.788642266824085,16.0,36.773809059154914,0,1,1,1,0
0.6123588829471183,0.7974212715389186,19.0,43.828723457668914,0,1,1,1,0
0.6122875816993464,0.7967795603089721,14.0,32.176190944005974,0,1,1,1,0
0.6111229946524064,0.7966488413547237,15.0,33.758724237943625,0,1,1,1,0
0.6123232323232323,0.7982174688057041,16.0,36.320748951274005,0,1,1,1,0
0.6086133069828722,0.7927371541501976,15.0,35.12122587701062,0,1,1,1,0
0.6080368906455863,0.7913019951063429,15.0,33.78572443307186,0,1,1,1,0
0.6080368906455863,0.7913019951063429,15.0,33.78572443307186,0,1,1,1,0
0.6117052881758764,0.7952703505644683,16.0,36.91083653495714,0,1,1,1,0
0.6097849767926494,0.7934427394146064,16.0,37.00733491987788,0,1,1,1,0
0.6111703135360425,0.794449180638439,13.0,29.470445549979946,0,1,1,1,0
0.611596570995548,0.795349057497395,16.0,35.91815070579203,0,1,1,1,0
0.6090485601355167,0.7909255599472991,15.0,33.82764117899639,0,1,1,1,0
0.6100249388292867,0.7913490495012234,14.0,31.24300322184573,0,1,1,1,0
0.6142962015724164,0.7974803447949228,14.0,32.77180143595632,0,1,1,1,0
0.6135414454590501,0.7960524763455322,15.0,34.96819906941716,0,1,1,1,0
0.617197890936728,0.8014202926087782,17.0,39.89262841514624,0,1,1,1,0
0.6144262759255327,0.7988249451405111,19.0,44.36707426444667,0,1,1,1,0
0.6187298118943568,0.8026790803724112,20.0,47.322139004029445,0,1,1,1,0
0.6175454373343431,0.8049626088602801,18.0,42.0945676980406,0,1,1,1,0
0.6292779783393502,0.8169675090252707,16.0,36.95178749045546,0,1,1,1,0
0.627505995203837,0.8136450839328537,15.0,34.345001676238546,0,1,1,1,0
0.6275539568345324,0.8171702637889688,16.0,36.32528221270341,0,1,1,1,0
0.627252090800478,0.8177658303464755,20.0,46.81320231869706,0,1,1,1,0
0.627252090800478,0.8177658303464755,20.0,46.81320231869706,0,1,1,1,0
0.6284229390681003,0.8190561529271206,17.0,39.32448014217576,0,1,1,1,0
0.6324240456087176,0.8224122585456207,20.0,46.79260847281311,0,1,1,1,0
0.6350127951330211,0.8244652600067597,18.0,41.520988620859896,0,1,1,1,0
0.6350127951330211,0.8244652600067597,18.0,41.520988620859896,0,1,1,1,0
0.638020013083614,0.828471397766094,20.0,46.70956086924472,0,1,1,1,0
0.6386467112273564,0.8291799864380509,18.0,41.436719141094365,0,1,1,1,0
0.634673209689447,0.8266339515527652,13.0,29.859150677914847,0,1,1,1,0
0.634673209689447,0.8266339515527652,13.0,29.859150677914847,0,1,1,1,0
0.64049937033808,0.8308994478349317,17.0,39.374786443614745,0,1,1,1,0
0.6405478058703865,0.8335997287610191,17.0,39.2597589517028,0,1,1,1,0
0.6327937649880095,0.822242206235012,13.0,30.74771849459586,0,1,1,1,0
0.633648785669451,0.8213026893921105,14.0,32.47011911568604,0,1,1,1,0
0.6331297378204819,0.8215923905171165,17.0,39.61214469186353,0,1,1,1,0
0.6331297378204819,0.8215923905171165,17.0,39.61214469186353,0,1,1,1,0
0.631331421349407,0.8149183356017888,17.0,39.67090788073566,0,1,1,1,0
0.631331421349407,0.8149183356017888,17.0,39.67090788073566,0,1,1,1,0
0.626435520444737,0.8160827054836272,17.0,38.52055782631221,0,1,1,1,0
0.6340771836794815,0.8172288505916433,15.0,34.01939127882634,0,1,1,1,0
0.6427216748768473,0.826564039408867,18.0,40.79029185123264,0,1,1,1,0
0.6532009159697332,0.8317776782158502,16.0,36.948684656776834,0,1,1,1,0
0.6545076662684189,0.8368802270011948,16.0,36.5623817573449,0,1,1,1,0
0.6558144165671047,0.8386598964555954,16.0,37.05254150218037,0,1,1,1,0
0.6558144165671047,0.8386598964555954,16.0,37.05254150218037,0,1,1,1,0
0.6590284715284715,0.8425324675324676,18.0,41.7218467858464,0,1,1,1,0
0.6554377522119458,0.8392485650550167,17.0,38.920330777438004,0,1,1,1,0
0.6572705097570689,0.8411489446435683,18.0,41.517828453613824,0,1,1,1,0
0.6508128078817734,0.8329433497536946,23.0,54.03092795898502,0,1,1,1,0
0.6528448275862069,0.8329679802955665,15.0,34.55316107964763,0,1,1,1,0
0.6513928089336115,0.8340041722910787,19.0,44.99336791153759,0,1,1,1,0
0.6513928089336115,0.8340041722910787,19.0,44.99336791153759,0,1,1,1,0
0.656907242063492,0.8396453373015873,14.0,33.13942154407921,0,1,1,1,0
0.6605654761904762,0.840860615079365,18.0,43.67162364148324,0,1,1,1,0
0.6605654761904762,0.840860615079365,18.0,43.67162364148324,0,1,1,1,0
0.6604067104739147,0.8425428116288332,13.0,29.513399721362717,0,1,1,1,0
0.6566625615763547,0.8354433497536946,15.0,35.037887541663345,0,1,1,1,0
0.6644469246031746,0.844171626984127,15.0,34.99721720965288,0,1,1,1,0
0.6644469246031746,0.844171626984127,15.0,34.99721720965288,0,1,1,1,0
0.6574443459416863,0.8409549842395587,22.0,50.518634772208884,0,1,1,1,0
0.6605748319493872,0.8418841439304072,17.0,40.49428801610228,0,1,1,1,0
0.6581215524034673,0.837852147360126,18.0,42.680204276029606,0,1,1,1,0
0.6657491444725487,0.8458934682338938,13.0,29.67533510726817,0,1,1,1,0
0.6660095223925011,0.847058969399395,14.0,32.01688026259815,0,1,1,1,0
0.6660095223925011,0.847058969399395,14.0,32.01688026259815,0,1,1,1,0
0.6664558845409909,0.8484228537420027,16.0,36.173275269589624,0,1,1,1,0
0.6657119476268413,0.8478773000049595,17.0,40.20203328768158,0,1,1,1,0
0.6646772439699487,0.845158659549229,20.0,46.951669713076974,0,1,1,1,0
0.6598822892040977,0.8434175531914894,16.0,36.72165255709861,0,1,1,1,0
0.6582538517975055,0.8404255319148937,22.0,50.99960202204226,0,1,1,1,0
0.6603203717290291,0.8401565174859379,18.0,41.315925470058296,0,1,1,1,0
0.652144545761567,0.8306556665219279,19.0,44.52466889249353,0,1,1,1,0
0.652144545761567,0.8306556665219279,19.0,44.52466889249353,0,1,1,1,0
0.6562955406587001,0.8367215583406198,17.0,39.29756339168508,0,1,1,1,0
0.6560769454969396,0.8383731662294763,17.0,38.981693393303175,0,1,1,1,0
0.6565141358204605,0.8359929078014184,18.0,42.53095719268889,0,1,1,1,0
0.6544982026620033,0.8323617992810648,17.0,38.68720111745986,0,1,1,1,0
0.6589630716556615,0.836451455123502,17.0,38.15175679860068,0,1,1,1,0
0.6566886769381267,0.8349107361213011,16.0,37.07532485500531,0,1,1,1,0
0.6572267057960381,0.8357789190511128,17.0,38.54618051463704,0,1,1,1,0
0.652445836976586,0.8315967162149034,18.0,41.295578135028165,0,1,1,1,0
0.6562712523073934,0.8365151073545127,17.0,38.82671852431422,0,1,1,1,0
0.6583016321020985,0.8425205546692845,14.0,32.00745328139424,0,1,1,1,0
0.6589397472082464,0.8489262486194625,18.0,40.76686703416136,0,1,1,1,0
0.6597701149425287,0.8485204206407435,19.0,42.97388060966952,0,1,1,1,0
0.6611576354679803,0.8521428571428571,13.0,28.700069111103282,0,1,1,1,0
0.6611576354679803,0.8521428571428571,13.0,28.700069111103282,0,1,1,1,0
0.6535367815531614,0.8410276410081412,14.0,32.04482068201268,0,1,1,1,0
0.6569885875567554,0.8431341268867346,20.0,45.803228474879575,0,1,1,1,0
0.654408866995074,0.8438177339901478,16.0,36.68856620870241,0,1,1,1,0
0.657093253968254,0.8475198412698413,15.0,34.79281548592312,0,1,1,1,0
0.6538225549147134,0.8385814210332556,18.0,41.52515874321222,0,1,1,1,0
0.6551354679802955,0.842167487684729,18.0,41.456002442193565,0,1,1,1,0
0.655295566502463,0.841243842364532,16.0,36.96284916960191,0,1,1,1,0
0.6522627201565557,0.8388087084148728,17.0,39.37801359737416,0,1,1,1,0
0.6524584148727984,0.8389554794520548,17.0,39.62604324853144,0,1,1,1,0
0.6520670254403131,0.8394936399217221,18.0,42.870525673605584,0,1,1,1,0
0.6509662426614481,0.8393224070450098,14.0,32.98929793528022,0,1,1,1,0
0.6510018037342173,0.8378345439477405,16.0,37.13891716930564,0,1,1,1,0
0.6495027543508994,0.8375176717203724,17.0,39.42234739436459,0,1,1,1,0
0.6580295566502463,0.8421305418719212,15.0,34.37310044943567,0,1,1,1,0
0.6586206896551724,0.8444334975369459,15.0,34.94003742195892,0,1,1,1,0
0.6564778325123153,0.8419581280788178,14.0,31.8997785400288,0,1,1,1,0
0.6549147134617744,0.8392563504724506,16.0,36.94353381022143,0,1,1,1,0
0.6537489262486195,0.8403730519082095,20.0,46.49159055258637,0,1,1,1,0
0.6537489262486195,0.8403730519082095,20.0,46.49159055258637,0,1,1,1,0
0.6573152709359605,0.8439901477832512,17.0,39.00299104156428,0,1,1,1,0
0.6521168241502024,0.8411829672352436,14.0,31.830779580877923,0,1,1,1,0
0.6569827586206897,0.8400738916256157,17.0,38.72862411929034,0,1,1,1,0
0.6535591133004927,0.8374384236453202,16.0,36.260509687046834,0,1,1,1,0
0.6555209568999605,0.8359529458283906,16.0,36.699034245452694,0,1,1,1,0
0.6553232502965599,0.8347543495452748,17.0,39.50379508887571,0,1,1,1,0
0.6537326388888889,0.832452876984127,17.0,38.432783343610346,0,1,1,1,0
0.6534573942269671,0.8319741004349546,19.0,43.97625991428299,0,1,1,1,0
0.6486877224199288,0.8236333531039937,21.0,48.208546376950956,0,1,1,1,0
0.6489197530864198,0.8274467343687774,15.0,34.97383747598911,0,1,1,1,0
0.6502232142857143,0.8290178571428571,19.0,44.11527042473115,0,1,1,1,0
0.6460714285714285,0.8250985221674877,16.0,36.798970859880484,0,1,1,1,0
0.6499137931034483,0.8270935960591133,20.0,46.55361583849005,0,1,1,1,0
0.6521443579285626,0.8283154121863799,13.0,30.211787130485362,0,1,1,1,0
0.6516259663762425,0.8320775555282857,19.0,44.35542241647575,0,1,1,1,0
0.6485689823874755,0.828816046966732,13.0,29.331004222756807,0,1,1,1,0
0.6548275862068965,0.8335344827586207,15.0,33.35253495266205,0,1,1,1,0
0.6499693213891276,0.8310344827586207,18.0,42.047009139577625,0,1,1,1,0
0.6485399502754351,0.8303636718178716,17.0,39.94046373268852,0,1,1,1,0
0.6487349485692,0.8276580704918832,17.0,39.82802297806419,0,1,1,1,0
0.6494418173840979,0.8300711743772242,18.0,41.68236019906377,0,1,1,1,0
0.6494418173840979,0.8300711743772242,18.0,41.68236019906377,0,1,1,1,0
0.6491371325500902,0.8301564861307463,19.0,44.21014103606146,0,1,1,1,0
0.646675279091308,0.828364939306781,19.0,43.38063739836319,0,1,1,1,0
0.6464071564373812,0.8271705747574709,18.0,41.91095297677063,0,1,1,1,0
0.6495643637256105,0.8313903546447416,16.0,36.66224797379849,0,1,1,1,0
0.6480402671476625,0.8267562033832204,19.0,44.27650720041685,0,1,1,1,0
0.6517977665971285,0.8324947846361517,18.0,40.75055948535783,0,1,1,1,0
0.6539901477832513,0.8324261083743842,15.0,34.79648963722617,0,1,1,1,0
0.6504969934961345,0.8315989691986747,18.0,42.15824052325483,0,1,1,1,0
0.6509019511596514,0.8330347281875077,15.0,33.44328354870057,0,1,1,1,0
0.6509019511596514,0.8330347281875077,15.0,33.44328354870057,0,1,1,1,0
0.6486304719980436,0.8276962582538518,17.0,39.82023720045814,0,1,1,1,0
0.6486304719980436,0.8276962582538518,17.0,39.82023720045814,0,1,1,1,0
0.6502659574468085,0.8316710992907801,15.0,33.98028680552554,0,1,1,1,0
0.6513196915776986,0.8297251878212732,18.0,41.5066459442307,0,1,1,1,0
0.6533482142857143,0.8325272817460317,13.0,29.94058528758173,0,1,1,1,0
0.6498522167487685,0.8256773399014778,17.0,39.00741322494946,0,1,1,1,0
0.6482428825622776,0.83302441676552,16.0,36.42758714167651,0,1,1,1,0
0.6482428825622776,0.83302441676552,16.0,36.42758714167651,0,1,1,1,0
0.648797123015873,0.8287326388888889,18.0,41.59080184072919,0,1,1,1,0
0.6410234384587066,0.8227758007117437,17.0,39.099026492376396,0,1,1,1,0
0.6456418581418581,0.8270854145854146,13.0,29.339452881728572,0,1,1,1,0
0.6454319062232732,0.8252502892790663,15.0,35.04319606742694,0,1,1,1,0
0.6360911270983214,0.8137115307753797,15.0,35.70434614072261,0,1,1,1,0
0.6385898274387483,0.8196533682145193,14.0,33.01567316530813,0,1,1,1,0
0.6400999722299361,0.816452500568024,17.0,39.2827670374936,0,1,1,1,0
0.6432729953729598,0.821719123404688,16.0,37.02366750611421,0,1,1,1,0
0.641840171463564,0.8199887732190243,15.0,34.612491613112574,0,1,1,1,0
0.641840171463564,0.8199887732190243,15.0,34.612491613112574,0,1,1,1,0
0.6407814220242211,0.8209923957293187,21.0,49.518052657827575,0,1,1,1,0
0.6366141129649472,0.8159855094647687,20.0,47.09770790831804,0,1,1,1,0
0.5827495421245421,0.7568681318681318,18.0,40.719182746422106,0,1,1,1,0
0.5852106227106227,0.7605311355311355,18.0,42.395192835478746,0,1,1,1,0
0.5819024725274725,0.7581043956043956,17.0,40.04861462455878,0,1,1,1,0
0.5754471065575628,0.7533263821202711,20.0,47.250158721633426,0,1,1,1,0
0.5772634212920837,0.7527979981801638,19.0,44.19601925952587,0,1,1,1,0
0.5841013824884793,0.7625345622119816,16.0,37.545664200857495,0,1,1,1,0
0.5841013824884793,0.7625345622119816,16.0,37.545664200857495,0,1,1,1,0
0.576407967032967,0.7559752747252747,20.0,47.27539511593698,0,1,1,1,0
0.5780069124423963,0.759815668202765,19.0,44.40910938360773,0,1,1,1,0
0.5780069124423963,0.759815668202765,19.0,44.40910938360773,0,1,1,1,0
0.5803225806451613,0.7586751152073733,15.0,34.87199606669166,0,1,1,1,0
0.5742445054945055,0.7544986263736264,18.0,43.17801527585739,0,1,1,1,0
0.5730654761904762,0.7536858974358974,16.0,37.08109789713124,0,1,1,1,0
0.5718292124542125,0.7488209706959706,19.0,44.62449824835905,0,1,1,1,0
0.5841359447004608,0.7595737327188941,12.0,27.89552379202943,0,1,1,1,0
0.5841359447004608,0.7595737327188941,12.0,27.89552379202943,0,1,1,1,0
0.5770852534562212,0.7567972350230415,15.0,34.54379604007483,0,1,1,1,0
0.5762820512820512,0.7518315018315018,16.0,37.861741759353784,0,1,1,1,0
0.5812384044526901,0.7608418367346939,16.0,36.60227054669146,0,1,1,1,0
0.5792396313364055,0.7570506912442396,16.0,37.15063053331038,0,1,1,1,0
0.5816244239631336,0.758905529953917,21.0,48.55656895689329,0,1,1,1,0
0.5821774193548387,0.7591013824884792,20.0,46.21192627658489,0,1,1,1,0
0.581523875592554,0.7587582379465834,15.0,35.227201777908775,0,1,1,1,0
0.5809216589861751,0.7605069124423963,19.0,45.090089362675066,0,1,1,1,0
0.5810599078341013,0.758905529953917,14.0,32.56052289964554,0,1,1,1,0
0.5810599078341013,0.758905529953917,14.0,32.56052289964554,0,1,1,1,0
0.5829197588126159,0.76180426716141,19.0,43.78077921047926,0,1,1,1,0
0.5829197588126159,0.76180426716141,19.0,43.78077921047926,0,1,1,1,0
0.5837430426716141,0.7624188311688311,20.0,47.361799832880095,0,1,1,1,0
0.5848098330241187,0.7645524118738405,18.0,42.323035338038615,0,1,1,1,0
0.5850997217068645,0.7657351576994434,19.0,45.40136655388183,0,1,1,1,0
0.5830406248555715,0.7626057216804548,17.0,39.93911460451716,0,1,1,1,0
0.5843460111317255,0.7632189239332097,18.0,42.08544019368801,0,1,1,1,0
0.5843460111317255,0.7632189239332097,18.0,42.08544019368801,0,1,1,1,0
0.5817574954062289,0.7616705045007327,17.0,38.590356500321185,0,1,1,1,0
0.5817574954062289,0.7616705045007327,17.0,38.590356500321185,0,1,1,1,0
0.5676156583629893,0.7596928263719798,17.0,38.51481540585097,0,1,1,1,0
0.5735943060498221,0.771791221826809,14.0,30.632520658479212,0,1,1,1,0
0.5906998813760379,0.7711387900355872,22.0,51.227293270352874,0,1,1,1,0
0.6003534673463499,0.7829542175627585,16.0,37.55605414588589,0,1,1,1,0
0.5938761374764145,0.7803028493634909,20.0,46.244121550114706,0,1,1,1,0
0.596385976724055,0.782365105318842,18.0,41.36906627177221,0,1,1,1,0
0.6043406686518024,0.7875299586026582,13.0,28.4636680162173,0,1,1,1,0
0.5948711166682696,0.7830263537558911,17.0,38.2759370915962,0,1,1,1,0
0.5948711166682696,0.7830263537558911,17.0,38.2759370915962,0,1,1,1,0
0.5925983424490673,0.7786906780673052,16.0,37.31555718691326,0,1,1,1,0
0.5934223411115622,0.782404643053333,16.0,36.466304604585865,0,1,1,1,0
0.5941746877164489,0.7802192552962812,13.0,29.486293205570348,0,1,1,1,0
0.5941746877164489,0.7802192552962812,13.0,29.486293205570348,0,1,1,1,0
0.6009666249879773,0.7829301721650476,18.0,41.15045771068545,0,1,1,1,0
0.6009666249879773,0.7829301721650476,18.0,41.15045771068545,0,1,1,1,0
0.5954361835144754,0.7826536500913726,17.0,38.67679918651206,0,1,1,1,0
0.5967466576897182,0.7860440511686063,17.0,39.00072353300799,0,1,1,1,0
0.5967466576897182,0.7860440511686063,17.0,39.00072353300799,0,1,1,1,0
0.5965903626045975,0.7839641242666153,16.0,37.38866536967002,0,1,1,1,0
0.594714821583149,0.7820284697508897,20.0,46.471934472760466,0,1,1,1,0
0.59166686570016,0.7797296329026249,13.0,28.93699319113295,0,1,1,1,0
0.59166686570016,0.7797296329026249,13.0,28.93699319113295,0,1,1,1,0
0.5952317976339329,0.7826776954890834,13.0,29.178239101684966,0,1,1,1,0
0.5952317976339329,0.7826776954890834,13.0,29.178239101684966,0,1,1,1,0
0.5928252406314934,0.7796221548162124,16.0,36.29196326272241,0,1,1,1,0
0.5988386072905646,0.7840843512551697,15.0,33.57971400830512,0,1,1,1,0
0.6010026930845436,0.7858757333846301,16.0,35.97567350863018,0,1,1,1,0
0.6046215254400308,0.7858757333846301,16.0,36.81837647343593,0,1,1,1,0
0.60528277387708,0.7858396652880638,14.0,31.751195409821072,0,1,1,1,0
0.60528277387708,0.7858396652880638,14.0,31.751195409821072,0,1,1,1,0
0.6050904106953929,0.7865490045205348,22.0,50.88714852605384,0,1,1,1,0
0.6085529479657593,0.7876310474175243,17.0,39.8107015285646,0,1,1,1,0
0.6099956718284121,0.7852024622487256,18.0,42.52557174774565,0,1,1,1,0
0.6131164209456025,0.7927590965211707,17.0,39.04581112504631,0,1,1,1,0
0.6079397903241319,0.7861161873617389,15.0,34.74505822179208,0,1,1,1,0
0.6047417524285852,0.782942194863903,18.0,42.32445019900609,0,1,1,1,0
0.6070140425122632,0.7835553525055304,17.0,39.278263698306,0,1,1,1,0
0.6098603142324546,0.7908707967172635,16.0,36.85457471056331,0,1,1,1,0
0.6081802443012407,0.78600798307204,17.0,39.59341861548934,0,1,1,1,0
0.6081802443012407,0.78600798307204,17.0,39.59341861548934,0,1,1,1,0
0.6131615766874126,0.7905992184107685,16.0,37.37206214186371,0,1,1,1,0
0.6068382211999234,0.7852453517347134,15.0,34.539991672133006,0,1,1,1,0
0.6070418823078397,0.7853172321257428,16.0,37.29132536149474,0,1,1,1,0
0.6103391711294447,0.7917330052588412,17.0,39.66593749217851,0,1,1,1,0
0.6126067448255899,0.79087663434168,15.0,34.87098060165134,0,1,1,1,0
0.6135957929270999,0.7908042649683987,14.0,32.338657450981835,0,1,1,1,0
0.6119071742172046,0.7908525112172529,12.0,27.483853849204944,0,1,1,1,0
0.6152226014961144,0.7895514077517127,14.0,31.601535350045676,0,1,1,1,0
0.613733749727649,0.7905560800832788,17.0,38.746681797163696,0,1,1,1,0
0.613733749727649,0.7905560800832788,17.0,38.746681797163696,0,1,1,1,0
0.6176071852228436,0.7907860653158061,19.0,43.63512348289407,0,1,1,1,0
0.6179340063427506,0.7933522163313724,17.0,40.173149917362856,0,1,1,1,0
0.6138732088580113,0.7893448159405606,15.0,34.649264152952334,0,1,1,1,0
0.6165056770038977,0.790858692231341,15.0,34.64174123184305,0,1,1,1,0
0.6131095508319707,0.7871140713667404,17.0,39.861524446296805,0,1,1,1,0
0.6133019140136577,0.7852866211407137,13.0,30.15982923248954,0,1,1,1,0
0.6133019140136577,0.7852866211407137,13.0,30.15982923248954,0,1,1,1,0
0.6208380051674548,0.7944474235850436,14.0,32.642047859087704,0,1,1,1,0
0.6160941244825332,0.788728302708984,16.0,37.006838600592324,0,1,1,1,0
0.6159609751373859,0.7902050499915269,16.0,37.148132282664264,0,1,1,1,0
0.6094828002122835,0.7887417378298838,16.0,36.95412797563314,0,1,1,1,0
0.6157924243162872,0.7954346024472286,13.0,30.304684513559877,0,1,1,1,0
0.6200092624189538,0.7935699312631015,16.0,37.12002868874973,0,1,1,1,0
0.6218617462097207,0.7944474235850436,15.0,35.28732293236326,0,1,1,1,0
0.6226051772046994,0.7927655633013211,14.0,31.979274011501875,0,1,1,1,0
0.6190220835567689,0.793435869936138,13.0,30.13796608789912,0,1,1,1,0
0.612353838332486,0.7895271987798678,18.0,41.703231989572494,0,1,1,1,0
0.6123901517902535,0.7882925412157745,17.0,39.031089413384265,0,1,1,1,0
0.6140121529038661,0.7896724526109377,14.0,32.22800994332051,0,1,1,1,0
0.6190979306324687,0.7924681822597882,17.0,39.04999825467811,0,1,1,1,0
0.6145245332175423,0.7868360110001448,18.0,41.36870757508198,0,1,1,1,0
0.6143873919674632,0.7910523640061007,16.0,37.90715820606594,0,1,1,1,0
0.6192780188173354,0.7947642958124116,15.0,33.97320591947931,0,1,1,1,0
0.6192658314239751,0.796043972115244,17.0,39.578783158808406,0,1,1,1,0
0.615864139250006,0.7901808410196819,13.0,30.153807963823798,0,1,1,1,0
0.6153799598131068,0.7915849613866899,15.0,34.03200292708804,0,1,1,1,0
0.622349241944133,0.7991517574221225,17.0,39.945708124308,0,1,1,1,0
0.62149033323618,0.8001068687457495,16.0,36.87527199019871,0,1,1,1,0
0.6216179983425145,0.8038439038658411,19.0,44.75741492259517,0,1,1,1,0
0.6208014429873738,0.8023082923024424,15.0,34.378398220174454,0,1,1,1,0
0.6208014429873738,0.8023082923024424,15.0,34.378398220174454,0,1,1,1,0
0.6180792601738204,0.7948047546420703,19.0,44.43885613903285,0,1,1,1,0
0.6167438606648333,0.7921430983741015,16.0,37.39957526895637,0,1,1,1,0
0.622923345963276,0.79688866219761,15.0,34.6284237974743,0,1,1,1,0
0.6175278622087133,0.7937955323973561,15.0,34.88685988623799,0,1,1,1,0
0.6184181857796499,0.7935822015638996,14.0,32.30448049775331,0,1,1,1,0
0.6206523851160983,0.7965729136306228,13.0,29.995744324111673,0,1,1,1,0
0.61979014864471,0.7948362965121928,16.0,38.16297096221069,0,1,1,1,0
0.6184181857796499,0.7949136950153727,17.0,39.745052445858946,0,1,1,1,0
0.6215996308170602,0.7974958709802779,16.0,37.76610432014794,0,1,1,1,0
0.6215996308170602,0.7974958709802779,16.0,37.76610432014794,0,1,1,1,0
0.6223525697075682,0.7957228213348878,14.0,31.5863649552385,0,1,1,1,0
0.6238482913274509,0.7968239652903037,15.0,34.27879982815858,0,1,1,1,0
0.623494856920002,0.7979208306927315,14.0,32.29874381028556,0,1,1,1,0
0.6215024774118333,0.7951763334304868,19.0,44.26491086011831,0,1,1,1,0
0.6158151203743909,0.7902976793554302,18.0,41.61767270757264,0,1,1,1,0
0.6226075973962888,0.7970222481297969,13.0,29.236230821889148,0,1,1,1,0
0.6253960902842101,0.797945205479452,17.0,39.15276560154682,0,1,1,1,0
0.6234455455163703,0.7993782182065481,16.0,37.183833217867516,0,1,1,1,0
0.6235426989215972,0.7981759448168658,15.0,34.72265638383203,0,1,1,1,0
0.6235426989215972,0.7981759448168658,15.0,34.72265638383203,0,1,1,1,0
0.6202217541820999,0.7968383082770475,17.0,39.19055011544098,0,1,1,1,0
0.6272607614683372,0.8086579242431629,19.0,44.700955487095804,0,1,1,1,0
0.6269795006314971,0.813671912950549,15.0,34.305013378212806,0,1,1,1,0
0.6261415525114156,0.8144369960167104,15.0,35.438798788891894,0,1,1,1,0
0.6254736228504809,0.8132711551539882,13.0,30.051133767446988,0,1,1,1,0
0.6254736228504809,0.8132711551539882,13.0,30.051133767446988,0,1,1,1,0
0.6236398523268241,0.8105022831050228,13.0,29.866646537843092,0,1,1,1,0
0.6251335859321869,0.8109759059555037,12.0,28.113494378359547,0,1,1,1,0
0.6275166967289036,0.8133744454736022,13.0,29.59846759378289,0,1,1,1,0
0.6234657564093253,0.8074176289732975,16.0,36.774367569741074,0,1,1,1,0
0.6288207478184565,0.8105469702140107,14.0,31.95313546516894,0,1,1,1,0
0.6258258039444282,0.8069804721655494,16.0,36.67294853583354,0,1,1,1,0
0.6330224567431587,0.8109829426923549,14.0,32.39372135596101,0,1,1,1,0
0.6295276166333544,0.8073294983668893,16.0,36.612492959439024,0,1,1,1,0
0.6295276166333544,0.8073294983668893,16.0,36.612492959439024,0,1,1,1,0
0.6247814048382396,0.8040294374817837,12.0,27.51459503723566,0,1,1,1,0
0.6295419216943554,0.8054260176819198,14.0,32.004948787506486,0,1,1,1,0
0.6295419216943554,0.8054260176819198,14.0,32.004948787506486,0,1,1,1,0
0.6272132966661842,0.801707917209437,14.0,31.458308597215286,0,1,1,1,0
0.6275570726511245,0.8027452974072191,16.0,37.185057439412184,0,1,1,1,0
0.6276296995666594,0.8012927590965212,15.0,35.12648824907327,0,1,1,1,0
0.6305635450689806,0.8026982888899722,17.0,39.63109117208328,0,1,1,1,0
0.6305635450689806,0.8026982888899722,17.0,39.63109117208328,0,1,1,1,0
0.6216891011723839,0.7973898779369905,14.0,32.15899237051532,0,1,1,1,0
0.6241979061127997,0.7957495054759492,21.0,49.24688161938802,0,1,1,1,0
0.6238481208086071,0.793276885222174,17.0,39.478607091338105,0,1,1,1,0
0.6251507695276692,0.7940367636416269,17.0,40.02330331804964,0,1,1,1,0
0.6222086448150278,0.7911754839946329,18.0,41.80526120362908,0,1,1,1,0
0.6260553866936845,0.7946036570656632,14.0,31.68207961596285,0,1,1,1,0
0.6260553866936845,0.7946036570656632,14.0,31.68207961596285,0,1,1,1,0
0.6262339467126701,0.79469762315507,15.0,35.42314213921813,0,1,1,1,0
0.6260302856047537,0.7969498754073222,16.0,36.658386626243086,0,1,1,1,0
0.6169729093050648,0.7884334511189635,12.0,26.758999203602265,0,1,1,1,0
0.6185983510011779,0.789469964664311,14.0,32.57269183174502,0,1,1,1,0
0.6155792370114728,0.7873449305102136,21.0,48.8857372022297,0,1,1,1,0
0.6128347183748846,0.7899584487534625,17.0,38.99589032413263,0,1,1,1,0
0.6200887927861612,0.7965587044534413,18.0,42.59432658427302,0,1,1,1,0
0.6135006108873705,0.7924679849766958,15.0,34.9618874623241,0,1,1,1,0
0.6228242243867244,0.8004712301587301,16.0,36.880167332822595,0,1,1,1,0
0.6228242243867244,0.8004712301587301,16.0,36.880167332822595,0,1,1,1,0
0.6239495798319328,0.799263020716308,16.0,37.309380762952806,0,1,1,1,0
0.6194327030033371,0.7950055617352614,19.0,43.10720570895883,0,1,1,1,0
0.6255561047948591,0.8038354379184829,17.0,39.75618984434448,0,1,1,1,0
0.6236677115987461,0.8012987012987013,17.0,39.632200883690125,0,1,1,1,0
0.6186095661846496,0.7974416017797553,17.0,38.47931661534959,0,1,1,1,0
0.624151799757336,0.800487574709028,18.0,40.64162950944188,0,1,1,1,0
0.6192436040044493,0.7962291434927697,17.0,38.968374371162454,0,1,1,1,0
0.6222234661889834,0.8001119570085087,18.0,41.883296642674274,0,1,1,1,0
0.6233318405732199,0.8005597850425437,16.0,36.31373345973948,0,1,1,1,0
0.6233318405732199,0.8005597850425437,16.0,36.31373345973948,0,1,1,1,0
0.6201779755283648,0.7981646273637375,20.0,46.81229045362354,0,1,1,1,0
0.6219132369299222,0.7996662958843159,20.0,46.02793353989397,0,1,1,1,0
0.6241353148569644,0.8031530325344758,20.0,46.999827917755916,0,1,1,1,0
0.6200421239330451,0.7990355836381776,17.0,38.08864290037966,0,1,1,1,0
0.6257948947604121,0.8037169726824899,18.0,41.83169017327991,0,1,1,1,0
0.6257948947604121,0.8037169726824899,18.0,41.83169017327991,0,1,1,1,0
0.6240683714910519,0.802405498281787,16.0,37.42126948900079,0,1,1,1,0
0.6203525108081144,0.7981598492406606,18.0,41.38956290406496,0,1,1,1,0
0.6208453837597331,0.7981646273637375,20.0,47.08118906940841,0,1,1,1,0
0.6232198835647111,0.8020824003582624,18.0,42.55804049496507,0,1,1,1,0
0.6203781979977753,0.7982647385984427,18.0,41.998639567509535,0,1,1,1,0
0.6261964678919696,0.8022738507167573,12.0,27.123338602326392,0,1,1,1,0
0.6261964678919696,0.8022738507167573,12.0,27.123338602326392,0,1,1,1,0
0.618476084538376,0.7954727474972191,17.0,39.20717334360599,0,1,1,1,0
0.618476084538376,0.7954727474972191,17.0,39.20717334360599,0,1,1,1,0
0.6194441343899989,0.7968634892287085,15.0,34.71303756834997,0,1,1,1,0
0.6194441343899989,0.7968634892287085,15.0,34.71303756834997,0,1,1,1,0
0.6235451399811262,0.801464971015144,15.0,33.80010301629699,0,1,1,1,0
0.6225705329153605,0.8013434841021048,15.0,33.94510085682302,0,1,1,1,0
0.6210815047021944,0.7996753246753247,17.0,39.89864336679251,0,1,1,1,0
0.6224249888042992,0.8004478280340349,18.0,40.45206935856266,0,1,1,1,0
0.6137931034482759,0.7931808134394341,18.0,41.271597965018834,0,1,1,1,0
0.6200803661122893,0.7972988056702757,20.0,46.53133050311995,0,1,1,1,0
0.6211822660098523,0.7986229287953426,18.0,41.545469605501744,0,1,1,1,0
0.6226936856247202,0.8002351097178684,18.0,41.78873241249853,0,1,1,1,0
0.6182647385984427,0.7957285873192436,19.0,43.52023618182839,0,1,1,1,0
0.6175528364849833,0.7963403781979977,20.0,46.03772314773807,0,1,1,1,0
0.6188876529477196,0.796607341490545,17.0,38.702847803711684,0,1,1,1,0
0.6178309232480534,0.7941935483870968,19.0,43.920684199648235,0,1,1,1,0
0.617174638487208,0.795984427141268,21.0,48.34422356083742,0,1,1,1,0
0.617575083426029,0.7943826473859844,19.0,44.40983333045445,0,1,1,1,0
0.617575083426029,0.7943826473859844,19.0,44.40983333045445,0,1,1,1,0
0.617285873192436,0.7941601779755284,21.0,49.895153717149306,0,1,1,1,0
0.6211598746081505,0.8003694581280788,18.0,41.7085568669916,0,1,1,1,0
0.6194357366771159,0.7975929243170623,17.0,39.32354507152878,0,1,1,1,0
0.6207568293775191,0.7985781459919391,16.0,37.23115719666683,0,1,1,1,0
0.618964170108271,0.797376939390557,18.0,41.028627557317805,0,1,1,1,0
0.6194917151813704,0.799205105239588,16.0,37.22115821461543,0,1,1,1,0
0.618964170108271,0.7955575399040071,15.0,33.84205067379647,0,1,1,1,0
0.618964170108271,0.7955575399040071,15.0,33.84205067379647,0,1,1,1,0
0.618104699185177,0.7957472932246903,17.0,38.38820805627437,0,1,1,1,0
0.6253024854693896,0.8016939186285817,18.0,40.73653630867836,0,1,1,1,0
0.6201522615315719,0.7962158531124048,18.0,41.681348181484566,0,1,1,1,0
0.6231124633761551,0.80122830741492,15.0,34.88267024981705,0,1,1,1,0
0.6230561189993239,0.800709939148073,21.0,48.495964003614674,0,1,1,1,0
0.6221520693839033,0.797195883701074,18.0,42.02461681508163,0,1,1,1,0
0.6203761755485894,0.7981639050604568,18.0,42.127883449812565,0,1,1,1,0
0.6232251521298174,0.8020960108181203,17.0,39.09577908866317,0,1,1,1,0
0.6210703090013435,0.796204657411554,17.0,39.470931434170055,0,1,1,1,0
0.6210703090013435,0.796204657411554,17.0,39.470931434170055,0,1,1,1,0
0.6209695476936856,0.7977272727272727,16.0,36.92144133052166,0,1,1,1,0
0.6204209583519928,0.796204657411554,13.0,29.450607525509728,0,1,1,1,0
0.6195141065830722,0.7996081504702194,17.0,39.47456098874722,0,1,1,1,0
0.620051500223914,0.7988804299149127,15.0,34.1555155411736,0,1,1,1,0
0.6220555306762203,0.7977160770264219,16.0,36.21510668878269,0,1,1,1,0
0.6207232422749664,0.7957344379758173,21.0,48.36576021502195,0,1,1,1,0
0.621383788625168,0.7973130317957904,16.0,36.62936986220743,0,1,1,1,0
0.625050709939148,0.8017579445571332,18.0,41.44569456565975,0,1,1,1,0
0.6264367816091954,0.8036060401171963,18.0,42.35728046165203,0,1,1,1,0
0.6270212814076034,0.8042042653278151,21.0,48.075598413239334,0,1,1,1,0
0.6209135691894313,0.7981862964621586,18.0,41.41838467465524,0,1,1,1,0
0.6208351992834752,0.7972794446932377,15.0,34.396152702739876,0,1,1,1,0
0.6240304834054834,0.799614448051948,18.0,42.06161252499857,0,1,1,1,0
0.6240304834054834,0.799614448051948,18.0,42.06161252499857,0,1,1,1,0
0.6221745382645036,0.7989259875073024,18.0,41.13399548016468,0,1,1,1,0
0.6230786567500564,0.802929907595222,17.0,39.32491450200013,0,1,1,1,0
0.6230786567500564,0.802929907595222,17.0,39.32491450200013,0,1,1,1,0
0.6285629992737836,0.8066562273057372,15.0,34.14978744808774,0,1,1,1,0
0.6285629992737836,0.8066562273057372,15.0,34.14978744808774,0,1,1,1,0
0.6211409697568867,0.8003864647463264,17.0,39.31028162913106,0,1,1,1,0
0.6211409697568867,0.8003864647463264,17.0,39.31028162913106,0,1,1,1,0
0.6214555340852919,0.798409203253494,17.0,39.355344213850266,0,1,1,1,0
0.6255625664337245,0.8052332813171404,13.0,29.544238972365697,0,1,1,1,0
0.6255625664337245,0.8052332813171404,13.0,29.544238972365697,0,1,1,1,0
0.6223430548690064,0.7991169729924055,16.0,36.24157386871053,0,1,1,1,0
0.6201634572324227,0.7961262875055979,22.0,50.52380661314977,0,1,1,1,0
0.6198611733094491,0.797346618898343,19.0,44.92106726596383,0,1,1,1,0
0.6240703177822853,0.8002817218841559,18.0,41.06774479762352,0,1,1,1,0
0.625811339530045,0.8019539995929168,17.0,39.02562369638114,0,1,1,1,0
0.624228238008006,0.8033900988307664,19.0,43.441702900328046,0,1,1,1,0
0.620916280950883,0.7986788298206984,19.0,43.08254382077614,0,1,1,1,0
0.6208264054284816,0.7982182177683907,16.0,37.38473802432772,0,1,1,1,0
0.6242734694800642,0.8025872402017323,17.0,38.199441955340085,0,1,1,1,0
0.6247370920686613,0.8020218468010042,16.0,37.47903760689841,0,1,1,1,0
0.6188759516345723,0.7964285714285714,19.0,44.20802408609958,0,1,1,1,0
0.6252572539973313,0.8016486871565235,19.0,44.58119466147878,0,1,1,1,0
0.6219498494585,0.7999258526940188,19.0,44.078043888607944,0,1,1,1,0
0.6274055918663762,0.8047158678286129,17.0,40.489537821146705,0,1,1,1,0
0.6238550783635254,0.8031978650745188,16.0,37.115865543565285,0,1,1,1,0
0.6265545570079883,0.8041371641249092,17.0,39.50236795054076,0,1,1,1,0
0.6262184227785693,0.8034579460388538,16.0,36.218244270555516,0,1,1,1,0
0.621399361883791,0.7972745247831753,16.0,37.19887916193861,0,1,1,1,0
0.6250084809010109,0.8010719858877807,17.0,38.63754474378136,0,1,1,1,0
0.6250084809010109,0.8010719858877807,17.0,38.63754474378136,0,1,1,1,0
0.6275304103122731,0.8052264887436456,15.0,34.0449457368556,0,1,1,1,0
0.6240246963837438,0.8012755275120429,22.0,51.11516189271815,0,1,1,1,0
0.6265205156136529,0.8026733841684822,18.0,42.77667098595624,0,1,1,1,0
0.6249971730329964,0.8033900988307664,19.0,44.185285798018214,0,1,1,1,0
0.6249971730329964,0.8033900988307664,19.0,44.185285798018214,0,1,1,1,0
0.6255286428296809,0.8049958160888346,16.0,36.173548785571505,0,1,1,1,0
0.6255286428296809,0.8049958160888346,16.0,36.173548785571505,0,1,1,1,0
0.6255964900377683,0.8053011285252278,19.0,43.555984134868275,0,1,1,1,0
0.6237097137705657,0.8037299977462249,18.0,41.01341085469212,0,1,1,1,0
0.6237097137705657,0.8037299977462249,18.0,41.01341085469212,0,1,1,1,0
0.6247031684646177,0.8035484089829703,14.0,31.940354073163086,0,1,1,1,0
0.6247031684646177,0.8035484089829703,14.0,31.940354073163086,0,1,1,1,0
0.6265772512708787,0.8040236928104575,17.0,39.2602651242165,0,1,1,1,0
0.6226325757575758,0.7999751984126984,17.0,39.00875116932401,0,1,1,1,0
0.6213881274434908,0.7990608007909046,17.0,38.36310589514058,0,1,1,1,0
0.6269970951343501,0.8040123456790124,16.0,37.10648416295908,0,1,1,1,0
0.6269970951343501,0.8040123456790124,16.0,37.10648416295908,0,1,1,1,0
0.6225987554112554,0.7997497294372294,21.0,49.81893812774566,0,1,1,1,0
0.620276424963925,0.7976528679653679,15.0,34.78628536427549,0,1,1,1,0
0.6222719768414863,0.8008910599995477,17.0,39.007988915776444,0,1,1,1,0
0.6214442996449917,0.798476609895295,16.0,37.19565106490021,0,1,1,1,0
0.6269744008714597,0.803796750181554,16.0,36.295343574452716,0,1,1,1,0
0.6261687545388526,0.8037627087872186,13.0,29.567302740330664,0,1,1,1,0
0.6250453885257807,0.8033088235294118,15.0,33.639893043862266,0,1,1,1,0
0.6250453885257807,0.8033088235294118,15.0,33.639893043862266,0,1,1,1,0
0.6260893246187363,0.8039669571532316,13.0,29.321301142936107,0,1,1,1,0
0.6250650202410838,0.8017843815726983,17.0,39.03308135969943,0,1,1,1,0
0.624850170748807,0.8023271592373974,20.0,47.37024213426463,0,1,1,1,0
0.6244317796322681,0.8025420087296741,17.0,38.85288420764066,0,1,1,1,0
0.6272240377632534,0.8047952977487292,17.0,38.94148532025653,0,1,1,1,0
0.624748399936676,0.8012868353800574,17.0,39.17695714219457,0,1,1,1,0
0.6260666303558461,0.8032747821350763,15.0,35.03481784418278,0,1,1,1,0
0.62565813362382,0.8017656136528686,17.0,39.1594894840586,0,1,1,1,0
0.6218885281385281,0.799310064935065,15.0,34.87443507512164,0,1,1,1,0
0.6252155954974582,0.8009826615831518,17.0,40.266401621937575,0,1,1,1,0
0.6230522197344912,0.8000203541624262,21.0,48.813905008033466,0,1,1,1,0
0.6187030962117467,0.7945220869096301,21.0,49.74468320405014,0,1,1,1,0
0.6204219655776749,0.795005167842538,16.0,36.95437915537536,0,1,1,1,0
0.6223281926406926,0.796322601010101,19.0,44.03832533254375,0,1,1,1,0
0.6240360042517584,0.8004048216749214,15.0,33.70485498877648,0,1,1,1,0
0.6240360042517584,0.8004048216749214,15.0,33.70485498877648,0,1,1,1,0
0.62503109663704,0.8017617658366691,18.0,40.891702446773266,0,1,1,1,0
0.6252911776013751,0.8024628536535722,16.0,37.080739110194195,0,1,1,1,0
0.6190545050055617,0.7938153503893215,20.0,45.96093862910969,0,1,1,1,0
0.6249216300940439,0.80141065830721,14.0,31.399577150202102,0,1,1,1,0
0.6252947719688543,0.8024805339265851,17.0,40.061242986473914,0,1,1,1,0
0.6202314895092769,0.8033422923530432,19.0,44.525801905843146,0,1,1,1,0
0.6469426778068753,0.860362888140666,21.0,49.36116492661464,0,1,1,1,0
0.6427648578811369,0.8622171325659698,22.0,50.559174751533405,0,1,1,1,0
0.6427648578811369,0.8622171325659698,22.0,50.559174751533405,0,1,1,1,0
0.6345474341591684,0.8467377460043551,18.0,43.333949625756006,0,1,1,1,0
0.6132748357963875,0.7063321018062397,18.0,43.296127887991204,0,1,1,1,0
0.4349157275356537,0.6641667497756059,11.0,20.195706649377684,1,1,1,1,1
0.44724668713639304,0.6695418552036199,15.0,29.915864215663305,1,1,1,1,1
0.4539182317723284,0.6805749200360863,13.0,25.657825308449766,1,1,1,1,1
0.4578202479338843,0.6872004132231405,12.0,23.419242266206233,1,1,1,1,1
0.4617729643000401,0.6805956678700361,15.0,30.191483136375208,1,1,1,1,1
0.4634644968018784,0.6834770463930047,15.0,30.695133947048372,1,1,1,1,1
0.46602847523627955,0.6867318379101934,14.0,28.351114623441127,1,1,1,1,1
0.4452427740931794,0.6723061491852944,12.0,22.49941915319241,1,1,1,1,1
0.4629275808936826,0.6861941448382126,11.0,20.60058403904622,1,1,1,1,1
0.4522107438016529,0.6769111570247934,11.0,20.561142442188025,1,1,1,1,1
0.4513097072419106,0.6772675911658963,12.0,22.97736362563062,1,1,1,1,1
0.45618900873138163,0.6836671802773497,12.0,22.684602277778968,1,1,1,1,1
0.45617873651771956,0.6826399589111454,11.0,20.508209077649713,1,1,1,1,1
0.4605649717514124,0.6846738572162301,11.0,20.56229286010926,1,1,1,1,1
0.462557781201849,0.6826296866974834,12.0,22.914543759678217,1,1,1,1,1
0.4642210144927536,0.6801918642951251,16.0,32.17690602911498,1,1,1,1,1
0.4646533267457181,0.6842370718050066,10.0,18.219985106725055,1,1,1,1,1
0.46648550724637683,0.6826930994729907,12.0,22.894453910069434,1,1,1,1,1
0.4660013948145717,0.6767619789957335,11.0,20.645464297648207,1,1,1,1,1
0.4671724897509637,0.681810765057415,13.0,25.336212588156904,1,1,1,1,1
0.4673356584878337,0.6822492810377532,12.0,23.383571353185413,1,1,1,1,1
0.46867820807351496,0.677572202166065,10.0,18.359676778326396,1,1,1,1,1
0.4694063833278635,0.6856641778798819,11.0,20.780086647764577,1,1,1,1,1
0.469980718739744,0.6779414177879882,12.0,23.03502289343969,1,1,1,1,1
0.4681551526091237,0.6835411880538235,15.0,30.081562250942767,1,1,1,1,1
0.4673458565338881,0.6843194843867915,14.0,28.557343628344892,1,1,1,1,1
0.4685390279222501,0.6850741397948154,14.0,27.374223926502477,1,1,1,1,1
0.47145962732919255,0.6919254658385093,12.0,22.645513699367626,1,1,1,1,1
0.4696627830653101,0.6895511978995733,13.0,25.814674140785055,1,1,1,1,1
0.4707246376811594,0.6931159420289855,15.0,30.542367732544445,1,1,1,1,1
0.4693264163372859,0.6921730895915679,12.0,22.688726066539846,1,1,1,1,1
0.4694628099173554,0.6949070247933884,11.0,20.77458328033146,1,1,1,1,1
0.4658569418099492,0.682351261498297,13.0,25.30238062054555,1,1,1,1,1
0.46521446490852353,0.6858185971567847,13.0,25.76995072454257,1,1,1,1,1
0.4654261852124785,0.6849463686235978,11.0,20.47922860701988,1,1,1,1,1
0.4669614345369688,0.686870547776959,15.0,31.176442382936017,1,1,1,1,1
0.4656922950953902,0.685018013592074,15.0,29.9876410714186,1,1,1,1,1
0.46758576926226153,0.687024072709408,10.0,18.138552932158774,1,1,1,1,1
0.46723777941537703,0.6885490870384017,12.0,22.87428912196136,1,1,1,1,1
0.46717636944239743,0.6848440186686318,15.0,30.09087906366105,1,1,1,1,1
0.46723777941537703,0.6881396872185376,13.0,25.1117488120038,1,1,1,1,1
0.46663391468107757,0.6879145173176123,13.0,25.16239866292533,1,1,1,1,1
0.46622451486121347,0.6852431834929993,14.0,27.475863619837003,1,1,1,1,1
0.4708703886693017,0.687397068511199,10.0,18.165258830774043,1,1,1,1,1
0.4699645915678524,0.6904850131752306,12.0,23.160712956174415,1,1,1,1,1
0.46708070733647433,0.6855840420975341,10.0,18.376701358160677,1,1,1,1,1
0.47187911725955206,0.6915555006587615,13.0,25.10976459698651,1,1,1,1,1
0.46652132973061494,0.6833190043396381,13.0,26.02476939442839,1,1,1,1,1
0.4674324769433465,0.6892292490118577,11.0,20.76686105987507,1,1,1,1,1
0.4664292147711455,0.6857549332678293,14.0,28.272594521553465,1,1,1,1,1
0.46674649963154013,0.6886514369933677,12.0,22.778763355581052,1,1,1,1,1
0.4683382740447958,0.6837430006587615,11.0,20.534619772995995,1,1,1,1,1
0.4669000245639892,0.6855502333578973,13.0,25.223790335899164,1,1,1,1,1
0.46868091378039795,0.6811798902808482,13.0,25.209412293175088,1,1,1,1,1
0.46360527601367857,0.685423790913532,13.0,25.577540970781396,1,1,1,1,1
0.4690084336362892,0.6895214116105789,14.0,27.458653980393954,1,1,1,1,1
0.46455178309721545,0.6827878195733594,13.0,26.152959453182746,1,1,1,1,1
0.46762670924424793,0.6863895029886187,11.0,20.465052634656093,1,1,1,1,1
0.46885293148880103,0.6883440382081687,10.0,18.056741213375286,1,1,1,1,1
0.46703307950544504,0.6852431834929993,11.0,20.561075074739563,1,1,1,1,1
0.4664803897486285,0.6831347744206993,11.0,20.621162130909884,1,1,1,1,1
0.4659174649963154,0.68617456808319,12.0,22.824348419571823,1,1,1,1,1
0.4599526354141365,0.6807343534936442,13.0,26.17758130762484,1,1,1,1,1
0.46329995114802147,0.6873066275850839,11.0,20.455662385246463,1,1,1,1,1
0.4598514290340863,0.6776779208161282,10.0,18.365589543003523,1,1,1,1,1
0.46095457857663347,0.6848433325236823,11.0,20.553182389429598,1,1,1,1,1
0.4610153024046636,0.6825560683345478,11.0,20.680819817738705,1,1,1,1,1
0.46046023838815725,0.6836314865982293,11.0,20.65991471502769,1,1,1,1,1
0.45915563578018453,0.6801744885679903,11.0,20.47780114343292,1,1,1,1,1
0.4625778996833592,0.680283564931529,10.0,18.271279572434437,1,1,1,1,1
0.4613594040968343,0.6822018460043722,12.0,22.968992680456818,1,1,1,1,1
0.46374765544642316,0.6867575580340036,11.0,21.346583303748222,1,1,1,1,1
0.4604118902680054,0.683137006878014,10.0,18.171457726107114,1,1,1,1,1
0.46272203409968515,0.6838353234717519,14.0,28.22656709584558,1,1,1,1,1
0.46440929815990883,0.6816479400749064,14.0,27.97741872332423,1,1,1,1,1
0.4659868099658036,0.6903802312326982,12.0,22.843947590857685,1,1,1,1,1
0.4836375929682218,0.6844714897453235,14.0,30.333536932740166,0,1,1,1,1
0.45553164783934014,0.642684238838085,13.0,27.93864874386718,0,1,1,1,1
0.4442422161172161,0.621474358974359,14.0,29.838623091929982,0,1,1,1,1
0.40937983573384124,0.5784668491846209,11.0,22.829998948947324,0,1,1,1,1
0.40356901870059764,0.5662232504337767,12.0,25.33308209349616,0,1,1,1,1
0.40140518084066473,0.5626099706744868,14.0,30.028191327885196,0,1,1,1,1
0.40140518084066473,0.5626099706744868,14.0,30.028191327885196,0,1,1,1,1
0.415078960774325,0.5753183902190525,16.0,35.61875896289777,0,1,1,1,1
0.4295167088270537,0.5961523099454134,10.0,19.959410723049817,0,1,1,1,1
0.44200416506823037,0.6183345207431359,14.0,30.395917436889086,0,1,1,1,1
0.4478115905173632,0.596168517419683,11.0,23.380136451435785,0,1,1,1,1
0.49112977099236643,0.6608702290076336,15.0,32.93714825591623,0,1,1,1,1
0.4788550724637681,0.6562608695652173,14.0,30.289328268582036,0,1,1,1,1
0.4794004789244396,0.6500533741092294,13.0,28.756220873788116,0,1,1,1,1
0.4774008873622442,0.6507513954486904,14.0,30.181084559837164,0,1,1,1,1
0.4562445746527778,0.6331244574652778,15.0,32.90343686644899,0,1,1,1,1
0.4562445746527778,0.6331244574652778,15.0,32.90343686644899,0,1,1,1,1
0.4377006635273973,0.6199700342465754,12.0,27.0437310778844,0,1,1,1,1
0.42885592087677094,0.585231221598503,11.0,23.50613673264993,0,1,1,1,1
0.43647717484926785,0.5885820413436692,10.0,21.364143020145384,0,1,1,1,1
0.43647717484926785,0.5885820413436692,10.0,21.364143020145384,0,1,1,1,1
0.47215568018487725,0.6505086943043148,19.0,41.81370143710655,0,1,1,1,1
0.47526100134710375,0.6521806241580602,14.0,30.721661617200432,0,1,1,1,1
0.47847578347578346,0.6613675213675214,15.0,32.70223371059294,0,1,1,1,1
0.5020562130177515,0.6699260355029586,13.0,27.985235760184143,0,1,1,1,1
0.48850557839107456,0.6667792131532589,11.0,22.110839792250427,0,1,1,1,1
0.4881812019216599,0.6765009284093254,14.0,29.185701176020938,0,1,1,1,1
0.4881812019216599,0.6765009284093254,14.0,29.185701176020938,0,1,1,1,1
0.5230726117822893,0.6873988043342882,12.0,25.864597246099102,0,1,1,1,1
0.5096899224806202,0.6851967799642218,14.0,30.92680094008656,0,1,1,1,1
0.5096899224806202,0.6851967799642218,14.0,30.92680094008656,0,1,1,1,1
0.5174509099616859,0.6959111590038314,13.0,27.64302842266204,0,1,1,1,1
0.5287925602811099,0.70662183448443,11.0,22.615429655953733,0,1,1,1,1
0.5285835918019826,0.7083561393906221,16.0,34.58939918918135,0,1,1,1,1
0.5300345328971283,0.7164364473524779,11.0,22.388740721095218,0,1,1,1,1
0.5309250136836344,0.7124612297026091,11.0,22.302532242420014,0,1,1,1,1
0.535095785440613,0.7108199233716475,10.0,20.423419849664825,0,1,1,1,1
0.535095785440613,0.7108199233716475,10.0,20.423419849664825,0,1,1,1,1
0.5368244274809161,0.708030534351145,16.0,34.91139874361556,0,1,1,1,1
0.5291579931818867,0.7046037348779678,15.0,32.53998961431467,0,1,1,1,1
0.530128628959548,0.7066628598906053,18.0,40.55499311948875,0,1,1,1,1
0.5446329254727474,0.7184835001853912,16.0,35.04384378718562,0,1,1,1,1
0.5454362872327277,0.7245705104437029,13.0,28.598191690926082,0,1,1,1,1
0.5374627501064283,0.720960287052241,14.0,30.256049693470946,0,1,1,1,1
0.535557251908397,0.7225190839694656,18.0,39.974646130589996,0,1,1,1,1
0.5350175693687144,0.7213286077789894,10.0,20.515255904428507,0,1,1,1,1
0.5446564885496183,0.7277557251908396,12.0,25.244347983586746,0,1,1,1,1
0.5446564885496183,0.7277557251908396,12.0,25.244347983586746,0,1,1,1,1
0.5493836624555378,0.7287961486569361,12.0,25.699547548221812,0,1,1,1,1
0.5570342205323194,0.7361310228760207,11.0,23.071442343422973,0,1,1,1,1
0.5489465810633921,0.7424110203827214,11.0,23.24078015081459,0,1,1,1,1
0.5420532319391635,0.7327756653992396,11.0,22.83955229836619,0,1,1,1,1
0.5497967479674797,0.7380974377925598,14.0,30.258902310435662,0,1,1,1,1
0.5624217380415728,0.755259203606311,14.0,30.134043426599124,0,1,1,1,1
0.5754249068048272,0.7675333291211222,18.0,39.56502688776709,0,1,1,1,1
0.5752338671317584,0.7668463611859838,15.0,31.913363663867475,0,1,1,1,1
0.5454837672774028,0.7242044358727098,13.0,27.77435961873207,0,1,1,1,1
0.5454837672774028,0.7242044358727098,13.0,27.77435961873207,0,1,1,1,1
0.5445515911282546,0.7224847315975571,14.0,30.081160338993918,0,1,1,1,1
0.5501561788247543,0.7225222880197827,14.0,30.094886289034136,0,1,1,1,1
0.5501561788247543,0.7225222880197827,14.0,30.094886289034136,0,1,1,1,1
0.5475345294952885,0.7203756292758488,11.0,23.02334373727862,0,1,1,1,1
0.560756446613467,0.7364142979621447,14.0,29.955046432173706,0,1,1,1,1
0.5530361757105943,0.7335755813953488,17.0,37.08268110604991,0,1,1,1,1
0.5634455128205128,0.7428525641025641,12.0,25.501977955704103,0,1,1,1,1
0.6080936454849498,0.7656521739130435,18.0,40.46162779378739,0,1,1,1,1
0.5884284748382111,0.7491870311342927,19.0,42.79412898753727,0,1,1,1,1
0.6040146593369982,0.7609195402298851,15.0,33.56465399327562,0,1,1,1,1
0.5561101170857269,0.7188686944784506,17.0,37.18728152148008,0,1,1,1,1
0.5665464756373847,0.7296818660455024,17.0,37.71274400655769,0,1,1,1,1
0.5596572181938035,0.7261198480710676,19.0,42.8794404988807,0,1,1,1,1
0.5701626685233243,0.7338439141717831,12.0,25.420296910119944,0,1,1,1,1
0.5584754665677913,0.7272277839574837,18.0,39.8019319602971,0,1,1,1,1
0.5690731399747794,0.7330390920554855,16.0,34.95331218592674,0,1,1,1,1
0.5690731399747794,0.7330390920554855,16.0,34.95331218592674,0,1,1,1,1
0.5683395872420263,0.7352564102564103,16.0,35.89443393982235,0,1,1,1,1
0.5670809581659035,0.7291218889200386,16.0,35.52998613235812,0,1,1,1,1
0.5659128430364764,0.7279537737906114,18.0,39.65390524947197,0,1,1,1,1
0.5619515511061673,0.7266561611667285,15.0,32.45776440935624,0,1,1,1,1
0.5655318886973651,0.7281303866042846,20.0,45.245554761650595,0,1,1,1,1
0.5632824427480916,0.7284122137404581,12.0,25.068228383314132,0,1,1,1,1
0.5705486253335815,0.7357723577235772,15.0,31.85504052949992,0,1,1,1,1
0.5618403041825095,0.7310114068441065,15.0,32.96411484466004,0,1,1,1,1
0.5674827660824137,0.7353241213020495,19.0,41.871442015164654,0,1,1,1,1
0.584711660329531,0.752328897338403,13.0,28.05447382061442,0,1,1,1,1
0.5815025252525252,0.7541508838383838,16.0,34.879257077366944,0,1,1,1,1
0.5821924216435366,0.7520037423982535,15.0,31.52914191532643,0,1,1,1,1
0.5849829879369007,0.7537581193937519,16.0,36.202819684363575,0,1,1,1,1
0.5829260748530777,0.7490256727497681,14.0,30.35718912582618,0,1,1,1,1
0.5868236394823015,0.7541868080461562,15.0,32.57914232263399,0,1,1,1,1
0.5827844404399428,0.741269496054185,15.0,32.78404737907966,0,1,1,1,1
0.5878798235257565,0.7530914062014541,15.0,33.49758946374462,0,1,1,1,1
0.5858603119368669,0.7505281799540173,16.0,35.3433992339629,0,1,1,1,1
0.5791582243507092,0.745364401056057,13.0,27.626297682393623,0,1,1,1,1
0.5779302511205255,0.7561705654816725,17.0,36.86117163047334,0,1,1,1,1
0.5765987137483315,0.7496966387574323,15.0,32.27260224453506,0,1,1,1,1
0.5787493981704381,0.7468103033220992,18.0,39.08817624503211,0,1,1,1,1
0.5803903345724907,0.7614222328816405,11.0,22.694030708596546,0,1,1,1,1
0.5879002278450653,0.7623216212975177,12.0,25.034314705284963,0,1,1,1,1
0.5829450418160096,0.7495818399044205,13.0,28.78578702893434,0,1,1,1,1
0.5829450418160096,0.7495818399044205,13.0,28.78578702893434,0,1,1,1,1
0.5809741697416975,0.7529446494464944,17.0,37.58743630240331,0,1,1,1,1
0.5806051660516606,0.7510848708487085,14.0,30.03044148162617,0,1,1,1,1
0.5798962962962962,0.7498074074074074,12.0,25.56470603993768,0,1,1,1,1
0.5857078853046594,0.7508811230585424,13.0,27.9311451184204,0,1,1,1,1
0.5857078853046594,0.7508811230585424,13.0,27.9311451184204,0,1,1,1,1
0.5810479704797048,0.7483837638376384,18.0,39.991997719675204,0,1,1,1,1
0.5810479704797048,0.7483837638376384,18.0,39.991997719675204,0,1,1,1,1
0.5855055350553505,0.7536088560885609,13.0,28.1363304192307,0,1,1,1,1
0.5862435424354243,0.7622878228782288,15.0,32.64808936341945,0,1,1,1,1
0.5865481481481482,0.7557925925925926,17.0,36.906220809629,0,1,1,1,1
0.5874686346863469,0.7483690036900369,18.0,41.161776675148204,0,1,1,1,1
0.5819129619867627,0.7457388859602881,14.0,30.558320967770232,0,1,1,1,1
0.5880590405904059,0.7518819188191882,14.0,30.494878330336306,0,1,1,1,1
0.5880590405904059,0.7518819188191882,14.0,30.494878330336306,0,1,1,1,1
0.5857494289228606,0.754920049200492,13.0,27.572482937043304,0,1,1,1,1
0.5857494289228606,0.754920049200492,13.0,27.572482937043304,0,1,1,1,1
0.5920442804428044,0.7601476014760148,15.0,33.37607627916521,0,1,1,1,1
0.5850735294117647,0.7517205882352941,19.0,43.954439740509386,0,1,1,1,1
0.5891026767410531,0.7629297721548645,15.0,32.52591717093036,0,1,1,1,1
0.5944649446494465,0.7640442804428045,15.0,33.088415143202944,0,1,1,1,1
0.5864116479925303,0.7505981559290383,18.0,40.39402634169332,0,1,1,1,1
0.5864116479925303,0.7505981559290383,18.0,40.39402634169332,0,1,1,1,1
0.5886176470588236,0.7591176470588236,20.0,44.48313620445635,0,1,1,1,1
0.5895940959409595,0.7571365313653137,13.0,28.316762036017877,0,1,1,1,1
0.5901176470588235,0.75425,13.0,27.543460444417484,0,1,1,1,1
0.5905092250922509,0.7613284132841328,14.0,30.290926067260102,0,1,1,1,1
0.5893076787910736,0.7486382006677209,18.0,40.2972528117158,0,1,1,1,1
0.5877830298786181,0.755718954248366,15.0,32.54250341471825,0,1,1,1,1
0.5898450184501846,0.7591586715867159,16.0,34.550858168015935,0,1,1,1,1
0.5903025830258303,0.7557785977859779,15.0,32.66461431973557,0,1,1,1,1
0.5921180811808118,0.7558081180811808,16.0,35.49239115774043,0,1,1,1,1
0.5921180811808118,0.7558081180811808,16.0,35.49239115774043,0,1,1,1,1
0.5892693726937269,0.7561623616236163,16.0,34.9845494094278,0,1,1,1,1
0.5891703703703703,0.7582518518518518,13.0,27.904551593496393,0,1,1,1,1
0.5862580834803057,0.758641975308642,15.0,32.755755123901494,0,1,1,1,1
0.5967443249701314,0.7640382317801673,13.0,28.34540320943209,0,1,1,1,1
0.5967443249701314,0.7640382317801673,13.0,28.34540320943209,0,1,1,1,1
0.5931899641577061,0.7689665471923537,15.0,33.25079791759381,0,1,1,1,1
0.5954599761051373,0.7655017921146954,11.0,23.131430074949133,0,1,1,1,1
0.5954599761051373,0.7655017921146954,11.0,23.131430074949133,0,1,1,1,1
0.5898518518518518,0.7613629629629629,12.0,25.83445091439534,0,1,1,1,1
0.5885018450184502,0.753889298892989,16.0,35.517316616421695,0,1,1,1,1
0.5932347670250896,0.754778972520908,14.0,30.302632907390272,0,1,1,1,1
0.5911647422925842,0.7573205570765386,14.0,30.30322370065571,0,1,1,1,1
0.587690036900369,0.7533579335793358,18.0,39.875119165919436,0,1,1,1,1
0.587690036900369,0.7533579335793358,18.0,39.875119165919436,0,1,1,1,1
0.5867453874538745,0.758140221402214,16.0,34.964020546012726,0,1,1,1,1
0.5867453874538745,0.758140221402214,16.0,34.964020546012726,0,1,1,1,1
0.587350553505535,0.7576088560885609,17.0,37.499253479878014,0,1,1,1,1
0.5852058823529411,0.7540441176470588,19.0,42.704152895465704,0,1,1,1,1
0.5852058823529411,0.7540441176470588,19.0,42.704152895465704,0,1,1,1,1
0.5874538745387454,0.7561918819188191,16.0,35.196033914590345,0,1,1,1,1
0.5879261992619926,0.7581107011070111,15.0,33.938304744080206,0,1,1,1,1
0.5902962962962963,0.7608592592592592,15.0,32.616270509350244,0,1,1,1,1
0.5890332103321033,0.7600147601476015,13.0,28.47960017252595,0,1,1,1,1
0.5858958589585895,0.7557693434077198,17.0,38.13658769957808,0,1,1,1,1
0.5861008610086101,0.7519475194751948,15.0,32.91953325158156,0,1,1,1,1
0.585017278744216,0.7505710771393428,19.0,42.28110967375143,0,1,1,1,1
0.5888447971781305,0.7499706055261611,15.0,32.44321574184492,0,1,1,1,1
0.5912619926199262,0.7503911439114391,15.0,32.7911363843705,0,1,1,1,1
0.5909667896678967,0.7603837638376384,18.0,39.42093781833111,0,1,1,1,1
0.5912324723247232,0.7568708487084871,17.0,37.568599239714054,0,1,1,1,1
0.589579335793358,0.7607970479704798,17.0,37.36288580380965,0,1,1,1,1
0.589579335793358,0.7607970479704798,17.0,37.36288580380965,0,1,1,1,1
0.5924888888888888,0.7600148148148148,10.0,20.671537651434296,0,1,1,1,1
0.5939471491489109,0.7639715510058327,17.0,37.921750861052004,0,1,1,1,1
0.5972968936678614,0.7649492234169654,12.0,25.57813612025562,0,1,1,1,1
0.5949291750982026,0.763331746220688,11.0,23.02915038914329,0,1,1,1,1
0.5952444444444445,0.7629333333333334,14.0,30.684992957904445,0,1,1,1,1
0.5946464706582549,0.7661587906201642,20.0,45.400890028254885,0,1,1,1,1
0.5946464706582549,0.7661587906201642,20.0,45.400890028254885,0,1,1,1,1
0.5933222235448161,0.7637037257469349,17.0,37.67384582267893,0,1,1,1,1
0.5944827996667064,0.762974645875491,16.0,35.29495155651212,0,1,1,1,1
0.5943488870372575,0.7627812165218426,16.0,36.09125818275018,0,1,1,1,1
0.5962831805737412,0.7621265325556481,16.0,35.30678062626615,0,1,1,1,1
0.5934858945363647,0.7637930008332341,13.0,27.61126744177889,0,1,1,1,1
0.5865401511157968,0.754246471036139,17.0,38.36325111796176,0,1,1,1,1
0.5908782287822878,0.7589225092250923,16.0,35.02116761899808,0,1,1,1,1
0.5895055350553505,0.7586568265682657,19.0,43.0644760030076,0,1,1,1,1
0.5905925925925926,0.7564444444444445,15.0,33.679654934577485,0,1,1,1,1
0.5905925925925926,0.7564444444444445,15.0,33.679654934577485,0,1,1,1,1
0.5897712177121771,0.7613874538745388,15.0,32.75232582815731,0,1,1,1,1
0.5885608856088561,0.7555719557195572,19.0,43.307527993955205,0,1,1,1,1
0.5894464944649447,0.7580959409594096,18.0,39.67749252082724,0,1,1,1,1
0.5851116990005879,0.7560552616108172,12.0,25.589550760875884,0,1,1,1,1
0.5870814814814814,0.7575111111111111,14.0,30.102302088021354,0,1,1,1,1
0.5874686346863469,0.756929889298893,11.0,23.46905871342711,0,1,1,1,1
0.5895851851851852,0.7582222222222222,13.0,28.09731086918029,0,1,1,1,1
0.58255725414397,0.7530018157324431,13.0,28.071777333040256,0,1,1,1,1
0.5819276049903356,0.7518157324430387,17.0,37.44103876109223,0,1,1,1,1
0.5819276049903356,0.7518157324430387,17.0,37.44103876109223,0,1,1,1,1
0.5911439114391144,0.7542287822878229,12.0,25.984393751474084,0,1,1,1,1
0.5949074074074074,0.7620519713261649,13.0,27.7063987975808,0,1,1,1,1
0.583655479411937,0.746309963099631,16.0,35.25258324671921,0,1,1,1,1
0.5893726937269372,0.7565756457564575,18.0,40.49543930731627,0,1,1,1,1
0.5887232472324724,0.7624649446494465,17.0,38.00946187802403,0,1,1,1,1
0.5946666666666667,0.7660444444444444,14.0,30.005441181092355,0,1,1,1,1
0.5965658850136889,0.7613528151410547,15.0,32.91424838730137,0,1,1,1,1
0.5956391875746715,0.7663231780167264,15.0,32.74857936011954,0,1,1,1,1
0.5923401975955244,0.7581240328532317,19.0,42.11783514686808,0,1,1,1,1
0.5941457586618877,0.7672341696535245,13.0,28.41700590381303,0,1,1,1,1
0.5978306154029283,0.7631531960480895,16.0,35.63331967695787,0,1,1,1,1
0.5922509225092251,0.762498512081895,18.0,39.539929530265226,0,1,1,1,1
0.5875719557195572,0.7569151291512916,20.0,44.392843233126555,0,1,1,1,1
0.5885333333333334,0.7539407407407407,17.0,37.17431600343747,0,1,1,1,1
0.5932795698924731,0.7651881720430107,12.0,25.49784962279773,0,1,1,1,1
0.5920872515176765,0.762974645875491,13.0,27.656458076429665,0,1,1,1,1
0.5918938221640281,0.766545649327461,16.0,35.62606516616659,0,1,1,1,1
0.5912688965599333,0.7633466254017379,15.0,32.51230446064212,0,1,1,1,1
0.5912688965599333,0.7633466254017379,15.0,32.51230446064212,0,1,1,1,1
0.5943488870372575,0.7640608260921319,14.0,30.681021071925503,0,1,1,1,1
0.5899630996309964,0.7592619926199262,18.0,40.80708946633789,0,1,1,1,1
0.5899630996309964,0.7592619926199262,18.0,40.80708946633789,0,1,1,1,1
0.5920297397769517,0.757635687732342,15.0,32.59264420190435,0,1,1,1,1
0.5954599761051373,0.767099761051374,15.0,33.372057735445416,0,1,1,1,1
0.5967780788919,0.7713038241493526,14.0,30.49038078567709,0,1,1,1,1
0.590068697729988,0.7597819593787336,16.0,35.09522881344321,0,1,1,1,1
0.590068697729988,0.7597819593787336,16.0,35.09522881344321,0,1,1,1,1
0.5903673835125448,0.7503882915173238,14.0,30.439700357559065,0,1,1,1,1
0.5943608346324499,0.7646450413718672,16.0,35.37647664268707,0,1,1,1,1
0.5920698924731183,0.763873954599761,15.0,32.847693076641036,0,1,1,1,1
0.5920698924731183,0.763873954599761,15.0,32.847693076641036,0,1,1,1,1
0.5918608124253285,0.7617831541218638,16.0,35.32337609456462,0,1,1,1,1
0.5918608124253285,0.7617831541218638,16.0,35.32337609456462,0,1,1,1,1
0.5955750089938842,0.7672232881640485,18.0,40.150454199896785,0,1,1,1,1
0.5983014476984918,0.7709523377761659,15.0,33.16005848736603,0,1,1,1,1
0.5983014476984918,0.7709523377761659,15.0,33.16005848736603,0,1,1,1,1
0.5937312627413359,0.7679727785106127,16.0,35.620430123260846,0,1,1,1,1
0.5943399044205496,0.7682497013142174,16.0,34.73995196332159,0,1,1,1,1
0.5931451612903226,0.7629480286738352,18.0,40.06970426991139,0,1,1,1,1
0.5918757467144564,0.7618876941457586,18.0,40.28936958866184,0,1,1,1,1
0.597214694369166,0.7729147847034026,17.0,38.149443713542006,0,1,1,1,1
0.5917712066905615,0.7616338112305854,20.0,44.95071271336859,0,1,1,1,1
0.5926669864492146,0.7643002758124475,13.0,27.488779950842375,0,1,1,1,1
0.59541012111764,0.7662489507135148,15.0,33.32552301097492,0,1,1,1,1
0.59541012111764,0.7662489507135148,15.0,33.32552301097492,0,1,1,1,1
0.5920848267622462,0.7622759856630824,16.0,35.10956231652836,0,1,1,1,1
0.592010155316607,0.7630973715651135,17.0,37.51637879922051,0,1,1,1,1
0.5944357836671064,0.7636707039213335,14.0,30.43895273031476,0,1,1,1,1
0.5944357836671064,0.7636707039213335,14.0,30.43895273031476,0,1,1,1,1
0.5948105288403885,0.769186952872047,16.0,35.75455889973074,0,1,1,1,1
0.5984827878018557,0.7729470789131683,14.0,30.24264006413796,0,1,1,1,1
0.5984827878018557,0.7729470789131683,14.0,30.24264006413796,0,1,1,1,1
0.5946456409641444,0.769966422832474,18.0,40.30157461766703,0,1,1,1,1
0.5992383715658718,0.7768458911354913,15.0,32.342843882759425,0,1,1,1,1
0.591816009557945,0.7669653524492234,17.0,37.71615670531224,0,1,1,1,1
0.5966842547067994,0.768977095575009,12.0,26.009107884643175,0,1,1,1,1
0.5966842547067994,0.768977095575009,12.0,26.009107884643175,0,1,1,1,1
0.5920848267622462,0.7594086021505376,13.0,27.994601533824333,0,1,1,1,1
0.5973098440661826,0.7639566718247828,15.0,32.964936238267015,0,1,1,1,1
0.59834229390681,0.7710722819593787,14.0,30.483033265701117,0,1,1,1,1
0.5979390681003585,0.7739994026284349,15.0,32.86036625443065,0,1,1,1,1
0.5978046594982079,0.7678912783751494,16.0,35.76401473102473,0,1,1,1,1
0.5904296296296296,0.7620444444444444,16.0,35.261556768007246,0,1,1,1,1
0.5904296296296296,0.7620444444444444,16.0,35.261556768007246,0,1,1,1,1
0.5908888888888889,0.7579259259259259,17.0,37.637607605860026,0,1,1,1,1
0.5908888888888889,0.7605333333333333,13.0,27.607331249974845,0,1,1,1,1
0.5888592592592593,0.7557037037037037,16.0,35.56062728541767,0,1,1,1,1
0.5903703703703703,0.76,14.0,30.59697913231262,0,1,1,1,1
0.5907259259259259,0.7647111111111111,15.0,32.96026432077511,0,1,1,1,1
0.5923407407407407,0.7653481481481481,13.0,28.107506556076604,0,1,1,1,1
0.5923407407407407,0.7653481481481481,13.0,28.107506556076604,0,1,1,1,1
0.5975657108721625,0.7661589008363202,14.0,30.093321758391784,0,1,1,1,1
0.591437037037037,0.7617481481481482,17.0,38.64277704040338,0,1,1,1,1
0.5913185185185185,0.7635407407407407,17.0,38.811401798438695,0,1,1,1,1
0.5966248506571087,0.7660991636798088,17.0,37.39051998519999,0,1,1,1,1
0.5966248506571087,0.7660991636798088,17.0,37.39051998519999,0,1,1,1,1
0.5891808118081181,0.7544944649446494,16.0,35.11688078541567,0,1,1,1,1
0.5887232472324724,0.7548339483394834,14.0,30.530571815875113,0,1,1,1,1
0.5887232472324724,0.7548339483394834,14.0,30.530571815875113,0,1,1,1,1
0.5937834781573622,0.763450779669087,16.0,35.6051306346683,0,1,1,1,1
0.5883542435424354,0.763070110701107,15.0,32.91541143165334,0,1,1,1,1
0.5932347670250896,0.7673387096774194,12.0,25.85156789465309,0,1,1,1,1
0.5941756272401434,0.7664874551971326,13.0,27.878683141875342,0,1,1,1,1
0.5898666666666667,0.7553481481481481,17.0,37.82635872455031,0,1,1,1,1
0.595310633213859,0.7589904420549581,15.0,32.87794654145167,0,1,1,1,1
0.5925328554360813,0.7566308243727599,16.0,35.214395811334725,0,1,1,1,1
0.5913730508272824,0.7559070348768003,18.0,39.5030257982408,0,1,1,1,1
0.59240092400924,0.7558725587255872,16.0,35.06419058106847,0,1,1,1,1
0.59240092400924,0.7558725587255872,16.0,35.06419058106847,0,1,1,1,1
0.5978927144643347,0.7598578878350767,15.0,33.131917338481955,0,1,1,1,1
0.600530248999969,0.7634500294582778,14.0,29.978090037923145,0,1,1,1,1
0.6138076765383038,0.7709180937963226,18.0,40.67758810909652,0,1,1,1,1
0.6243319760783814,0.7675276752767528,15.0,34.726601529851386,0,1,1,1,1
0.6281565859136852,0.7667736242579817,16.0,36.861366344950525,0,1,1,1,1
0.6281565859136852,0.7667736242579817,16.0,36.861366344950525,0,1,1,1,1
0.632433138490677,0.7702380563628645,18.0,42.870576780798935,0,1,1,1,1
0.632433138490677,0.7702380563628645,18.0,42.870576780798935,0,1,1,1,1
0.6319922933742612,0.7685889690755314,15.0,35.052252540692855,0,1,1,1,1
0.6275838422101035,0.7692257453547987,15.0,34.70665991560342,0,1,1,1,1
0.627436893837965,0.7638213107794795,14.0,32.95361448250697,0,1,1,1,1
0.6291512915129152,0.7673480717108057,16.0,37.12741554298751,0,1,1,1,1
0.6310942755445254,0.7665806746563041,17.0,39.87491772179192,0,1,1,1,1
0.6255198180636777,0.7625568551007148,14.0,31.784374913094204,0,1,1,1,1
0.6255198180636777,0.7625568551007148,14.0,31.784374913094204,0,1,1,1,1
0.6301169590643275,0.7632878492527615,16.0,37.60829831932155,0,1,1,1,1
0.6285899935022742,0.7660331384015594,17.0,39.830876125688576,0,1,1,1,1
0.6304136725577782,0.763918560238234,17.0,39.79675837707965,0,1,1,1,1
0.6304136725577782,0.763918560238234,17.0,39.79675837707965,0,1,1,1,1
0.6244825926520134,0.7583667575806193,15.0,34.405941812839984,0,1,1,1,1
0.6311905224315401,0.7649705444422865,16.0,37.09814591573017,0,1,1,1,1
0.6311905224315401,0.7649705444422865,16.0,37.09814591573017,0,1,1,1,1
0.6244184180972244,0.7589764158511151,15.0,35.81198188752457,0,1,1,1,1
0.6236964543558479,0.7616877907909514,15.0,35.17284172818581,0,1,1,1,1
0.6244825926520134,0.7609497834108776,17.0,39.44770001986855,0,1,1,1,1
0.6241135889619766,0.7620728381196855,20.0,46.92103859145944,0,1,1,1,1
0.6306078850262187,0.7644364601540752,18.0,41.694479541639275,0,1,1,1,1
0.6324043503592931,0.7689519000453162,16.0,36.8668132381505,0,1,1,1,1
0.6352501624431449,0.7664717348927875,14.0,32.30846431758766,0,1,1,1,1
0.6213365539452496,0.7656521739130435,16.0,35.30000062206884,0,1,1,1,1
0.6017736752567576,0.7489446159662277,13.0,28.468271600803156,0,1,1,1,1
0.6017736752567576,0.7489446159662277,13.0,28.468271600803156,0,1,1,1,1
0.5930348258706468,0.7408271144278606,18.0,41.691611537371095,0,1,1,1,1
0.6029913989375159,0.7539526941563369,19.0,42.872729816928214,0,1,1,1,1
0.5943820224719101,0.7432896379525593,18.0,40.79560354813054,0,1,1,1,1
0.5920398009950248,0.7429259950248757,15.0,32.70930642598278,0,1,1,1,1
0.5939054726368159,0.7451181592039801,17.0,38.54821510317478,0,1,1,1,1
0.5938121890547263,0.7486629353233831,14.0,30.98171706069872,0,1,1,1,1
0.5870852349821142,0.7436166276057727,15.0,32.3221035181303,0,1,1,1,1
0.5885721360695825,0.7414027919645897,13.0,27.512361230832703,0,1,1,1,1
0.5869156284692242,0.7417972122856791,15.0,32.057294366225605,0,1,1,1,1
0.5912340978735259,0.7446683381310552,15.0,33.36255167390788,0,1,1,1,1
0.5887888073792057,0.7429194911319529,16.0,35.367525304950746,0,1,1,1,1
0.5884328473705389,0.738245581452936,15.0,32.81176997022466,0,1,1,1,1
0.5821048446293124,0.7379343038903842,15.0,32.79167212788562,0,1,1,1,1
0.5840631552978907,0.7385130134451708,15.0,32.60524730665379,0,1,1,1,1
0.5877328234858764,0.7388059701492538,16.0,36.58351025376015,0,1,1,1,1
0.5891821882323918,0.7451585049956827,12.0,25.53331957744964,0,1,1,1,1
0.59056860742254,0.7436933172377503,11.0,23.249893496876396,0,1,1,1,1
0.5892221499984523,0.7429040146098369,10.0,20.616400107002356,0,1,1,1,1
0.5879178487726656,0.7406408042432466,13.0,27.9227334300242,0,1,1,1,1
0.5876403108424818,0.7425989885284322,20.0,44.7646615798133,0,1,1,1,1
0.5919150648466277,0.746881480793636,13.0,27.78700302813661,0,1,1,1,1
0.5911257622187142,0.743507598972359,13.0,28.11519363781019,0,1,1,1,1
0.5906007154311089,0.7464999383249044,13.0,28.654136722818873,0,1,1,1,1
0.5901689897619341,0.7467158011594918,16.0,35.927639233542465,0,1,1,1,1
0.5862490824565696,0.7430266699290433,14.0,30.667354378171495,0,1,1,1,1
0.5862490824565696,0.7430266699290433,14.0,30.667354378171495,0,1,1,1,1
0.587054397434316,0.7427994325891205,14.0,31.081672169634018,0,1,1,1,1
0.587054397434316,0.7427994325891205,14.0,31.081672169634018,0,1,1,1,1
0.5877019859380782,0.7431540643887998,19.0,43.10650834842377,0,1,1,1,1
0.5876248920685827,0.7442950536573332,19.0,43.42408493487186,0,1,1,1,1
0.5880257801899593,0.7418743061551746,17.0,37.39743424299059,0,1,1,1,1
0.588904650302208,0.7421210065375601,16.0,35.23830230876459,0,1,1,1,1
0.5892901196496855,0.7427377574935241,15.0,32.22444102118193,0,1,1,1,1
0.5854844629312455,0.7365274039637876,14.0,30.997519391159262,0,1,1,1,1
0.5851327379495963,0.7359004159530218,15.0,32.63473506240382,0,1,1,1,1
0.5931125621890547,0.7426927860696517,16.0,36.08056396107034,0,1,1,1,1
0.5918221393034826,0.7420864427860696,14.0,30.978323307672028,0,1,1,1,1
0.5918221393034826,0.7420864427860696,14.0,30.978323307672028,0,1,1,1,1
0.592490671641791,0.7448849502487562,17.0,37.74877721774162,0,1,1,1,1
0.5932680348258706,0.7463930348258706,17.0,36.994672931531504,0,1,1,1,1
0.5943407960199005,0.7408426616915423,15.0,33.156314819181,0,1,1,1,1
0.5955845771144279,0.7398009950248756,17.0,38.70328478558429,0,1,1,1,1
0.5955845771144279,0.7398009950248756,17.0,38.70328478558429,0,1,1,1,1
0.5996722846441948,0.7493289637952559,13.0,27.786655431520547,0,1,1,1,1
0.5996722846441948,0.7493289637952559,13.0,27.786655431520547,0,1,1,1,1
0.5935167910447762,0.7433146766169154,17.0,37.433949610548915,0,1,1,1,1
0.5965759438103599,0.7432114636899536,21.0,48.10627947537386,0,1,1,1,1
0.5915267412935323,0.7477456467661692,14.0,30.5331266588432,0,1,1,1,1
0.592646144278607,0.7512748756218905,15.0,34.17504335830981,0,1,1,1,1
0.5954941678163803,0.7498275429574816,15.0,33.55685374006697,0,1,1,1,1
0.5923196517412935,0.7492537313432835,17.0,38.21028963511627,0,1,1,1,1
0.5922108208955223,0.746268656716418,18.0,40.60258803559506,0,1,1,1,1
0.5922108208955223,0.746268656716418,18.0,40.60258803559506,0,1,1,1,1
0.5930037313432835,0.7450715174129353,14.0,30.444602421120553,0,1,1,1,1
0.5937189054726368,0.7453669154228856,15.0,33.58015347730626,0,1,1,1,1
0.5951026119402985,0.7459732587064677,19.0,42.88510414365929,0,1,1,1,1
0.5936567164179104,0.7441386815920398,17.0,38.615554503444315,0,1,1,1,1
0.5936567164179104,0.7441386815920398,17.0,38.615554503444315,0,1,1,1,1
0.5873918340570429,0.7465402517884477,16.0,35.83872730895813,0,1,1,1,1
0.5943977591036415,0.7611577964519141,18.0,41.34769601550125,0,1,1,1,1
0.5943977591036415,0.7611577964519141,18.0,41.34769601550125,0,1,1,1,1
0.601976856316297,0.7482973722275795,19.0,42.12882316910021,0,1,1,1,1
0.601976856316297,0.7482973722275795,19.0,42.12882316910021,0,1,1,1,1
0.5940872135994087,0.74169992609017,18.0,40.59384819810218,0,1,1,1,1
0.592115523465704,0.7508303249097473,15.0,33.52269125450978,0,1,1,1,1
0.5900383674377224,0.7462605649466192,17.0,38.65263237726457,0,1,1,1,1
0.584673271614964,0.7407693140598777,18.0,39.786543467348864,0,1,1,1,1
0.584673271614964,0.7407693140598777,18.0,39.786543467348864,0,1,1,1,1
0.5953528860318735,0.7493102986473819,17.0,37.762741362800796,0,1,1,1,1
0.6027052363733761,0.7555912682469532,13.0,28.18307973333309,0,1,1,1,1
0.6027052363733761,0.7555912682469532,13.0,28.18307973333309,0,1,1,1,1
0.5991295031471809,0.7588188027320208,16.0,35.84772455497534,0,1,1,1,1
0.597557745285018,0.7536554354736172,19.0,43.090196211942356,0,1,1,1,1
0.5947767145135566,0.7544258373205741,17.0,37.231205229300336,0,1,1,1,1
0.5990850405463082,0.7545747972684592,18.0,40.87962433491242,0,1,1,1,1
0.5872661341181417,0.733865881858314,20.0,46.47617075673226,0,1,1,1,1
0.5872661341181417,0.733865881858314,20.0,46.47617075673226,0,1,1,1,1
0.5847698129072945,0.737045406768972,19.0,43.34762835403505,0,1,1,1,1
0.5936432991890739,0.7509736448997012,20.0,46.268910809931455,0,1,1,1,1
0.5930964575330773,0.7432244985061887,18.0,41.52709703675342,0,1,1,1,1
0.5933904956456295,0.7504972583593162,15.0,33.005166072431116,0,1,1,1,1
0.5906815504872042,0.747055359246172,17.0,37.29671227692772,0,1,1,1,1
0.5944083295120438,0.7523669516899091,18.0,39.64204749134711,0,1,1,1,1
0.5941790521403717,0.7518274755212688,15.0,32.34772150375568,0,1,1,1,1
0.5967280770371969,0.7572357241118873,17.0,37.43345395078673,0,1,1,1,1
0.5929517438567151,0.7552261753837024,16.0,34.77964467526394,0,1,1,1,1
0.5937339843012435,0.7561432848703908,15.0,33.313121932965366,0,1,1,1,1
0.5937339843012435,0.7561432848703908,15.0,33.313121932965366,0,1,1,1,1
0.5935181938337873,0.7562511801041188,16.0,35.46056837514803,0,1,1,1,1
0.5961481401559087,0.7504652981954523,18.0,41.61087912871264,0,1,1,1,1
0.5935181938337873,0.7488738434979635,17.0,38.77115480690362,0,1,1,1,1
0.5993340581679805,0.7522968197879859,16.0,36.571725587206,0,1,1,1,1
0.5958140799130198,0.751046480021745,16.0,36.81712408914824,0,1,1,1,1
0.5963441152487089,0.7447540092416417,16.0,36.06469685853883,0,1,1,1,1
0.5992089470812875,0.7526868521549372,17.0,37.987993256266094,0,1,1,1,1
0.6003780096967705,0.7550469772920262,16.0,36.174173305412424,0,1,1,1,1
0.6009274413529733,0.7545280960174577,16.0,36.58455168651143,0,1,1,1,1
0.5972040370976541,0.7565602836879433,16.0,36.66986452931768,0,1,1,1,1
0.5967539552645935,0.7533142389525368,20.0,46.57491123446503,0,1,1,1,1
0.6007064709439771,0.7592500962119962,16.0,36.03489051702694,0,1,1,1,1
0.6007064709439771,0.7592500962119962,16.0,36.03489051702694,0,1,1,1,1
0.603056792566936,0.7585216339545879,15.0,33.561501822331365,0,1,1,1,1
0.6024717923253056,0.7606002924218599,19.0,43.62035295048045,0,1,1,1,1
0.6016855637396894,0.7567243234296118,18.0,40.693811350966506,0,1,1,1,1
0.6033959557505034,0.7575243454991862,19.0,43.262097919570486,0,1,1,1,1
0.6046373693067395,0.7528069739854892,22.0,51.078513432748665,0,1,1,1,1
0.6012579657369859,0.7554691163894176,18.0,41.69837442980018,0,1,1,1,1
0.6033222591362126,0.7566998892580288,14.0,31.07721067438171,0,1,1,1,1
0.6025131727771801,0.7532621589561092,15.0,33.62674170027027,0,1,1,1,1
0.6007889872824078,0.7570691605285663,16.0,34.76382880599013,0,1,1,1,1
0.6020855747744766,0.757814008662308,15.0,32.8806437720307,0,1,1,1,1
0.6020855747744766,0.757814008662308,15.0,32.8806437720307,0,1,1,1,1
0.601188998317195,0.7590968026704185,17.0,38.0111358551178,0,1,1,1,1
0.6007889872824078,0.7591105961543767,19.0,42.385067637896896,0,1,1,1,1
0.6019022486117983,0.7549755346638078,18.0,40.798233295855646,0,1,1,1,1
0.6022458628841607,0.7586178459508495,20.0,45.717523553443414,0,1,1,1,1
0.5981774698993897,0.7561300786189455,15.0,33.95443011081144,0,1,1,1,1
0.5955128205128205,0.7504773595199127,17.0,38.071217043415416,0,1,1,1,1
0.5955264593562466,0.7528777959629024,19.0,43.125303171383095,0,1,1,1,1
0.5958401527550464,0.7527959629023458,19.0,42.74625474871262,0,1,1,1,1
0.5958401527550464,0.7527959629023458,19.0,42.74625474871262,0,1,1,1,1
0.5974952094169176,0.7554475773336984,18.0,40.14809027869667,0,1,1,1,1
0.6014761669140689,0.7564874374622025,19.0,43.37091680261559,0,1,1,1,1
0.6054373913763138,0.761000303456647,16.0,35.14534580250886,0,1,1,1,1
0.5964129841789416,0.7559056192034915,19.0,42.77025442140431,0,1,1,1,1
0.5992225859247136,0.75740589198036,17.0,37.57533541076404,0,1,1,1,1
0.5992225859247136,0.75740589198036,17.0,37.57533541076404,0,1,1,1,1
0.5957906530089628,0.7538945795988049,18.0,40.244946389023404,0,1,1,1,1
0.5943571615606179,0.7536004189578424,18.0,40.023276838050585,0,1,1,1,1
0.5921767381416504,0.7579467186484731,15.0,33.172247704909694,0,1,1,1,1
0.5992229992229993,0.7581844081844081,15.0,32.89847678912242,0,1,1,1,1
0.6004645760743321,0.7567040908504323,17.0,36.92140908417357,0,1,1,1,1
0.6021422118983094,0.7590914956768615,18.0,40.92485435095215,0,1,1,1,1
0.5972605187908496,0.7511616625816994,18.0,39.923842972394965,0,1,1,1,1
0.5972605187908496,0.7511616625816994,18.0,39.923842972394965,0,1,1,1,1
0.5959341053494569,0.7569686411149826,15.0,33.86602957040914,0,1,1,1,1
0.5959341053494569,0.7569686411149826,15.0,33.86602957040914,0,1,1,1,1
0.5942674025280399,0.7552074060886594,16.0,34.635938807151526,0,1,1,1,1
0.59482692845698,0.7544444161855591,15.0,32.610110239658646,0,1,1,1,1
0.5966708207228058,0.7577888552608154,15.0,32.6852152237403,0,1,1,1,1
0.5975796568627451,0.757531658496732,17.0,38.40300941610651,0,1,1,1,1
0.5924447485806975,0.754219890510949,19.0,42.52242853513496,0,1,1,1,1
0.5924447485806975,0.754219890510949,19.0,42.52242853513496,0,1,1,1,1
0.5982399057183849,0.7582880713260914,18.0,40.05745220034379,0,1,1,1,1
0.5962265114379085,0.7521063112745098,20.0,45.58678948639972,0,1,1,1,1
0.5950010212418301,0.7513531454248366,21.0,47.69934973991262,0,1,1,1,1
0.5977711397058824,0.7527956495098039,19.0,43.3329750269136,0,1,1,1,1
0.6035875596851207,0.7623177184152794,16.0,35.94875922172972,0,1,1,1,1
0.5953584558823529,0.7541615604575164,17.0,38.51885010101869,0,1,1,1,1
0.5979881535947712,0.7537275326797386,18.0,40.007539878028815,0,1,1,1,1
0.5981796364379085,0.7550806781045751,18.0,41.038022016566835,0,1,1,1,1
0.5971839256535948,0.7556551266339869,21.0,47.45416948264525,0,1,1,1,1
0.5971839256535948,0.7556551266339869,21.0,47.45416948264525,0,1,1,1,1
0.598779616013072,0.7568423202614379,17.0,37.71616849492938,0,1,1,1,1
0.598779616013072,0.7568423202614379,17.0,37.71616849492938,0,1,1,1,1
0.5985881331699346,0.7557827818627451,16.0,35.534573206762474,0,1,1,1,1
0.5983328227124183,0.7591528799019608,17.0,37.91467086304979,0,1,1,1,1
0.5971328635620915,0.7557572508169934,16.0,35.37668777763482,0,1,1,1,1
0.598703022875817,0.7551955678104575,17.0,37.55219086155518,0,1,1,1,1
0.5958307802287581,0.7548891952614379,19.0,43.386037181401754,0,1,1,1,1
0.5968775531045751,0.7586677900326797,15.0,33.27175843225623,0,1,1,1,1
0.5968775531045751,0.7586677900326797,15.0,33.27175843225623,0,1,1,1,1
0.5980775122549019,0.7582720588235294,15.0,33.746025888051754,0,1,1,1,1
0.6011284722222222,0.7610038807189542,16.0,35.18753919613242,0,1,1,1,1
0.5995327818627451,0.7606592116013072,17.0,37.413924695945056,0,1,1,1,1
0.598562602124183,0.7593698937908496,19.0,42.54765642814518,0,1,1,1,1
0.599609375,0.7570210375816994,16.0,34.71733502788683,0,1,1,1,1
0.5977200776143791,0.7587443831699346,16.0,36.26352479651373,0,1,1,1,1
0.5987413194444444,0.7564210580065359,18.0,41.75580951251299,0,1,1,1,1
0.5987413194444444,0.7564210580065359,18.0,41.75580951251299,0,1,1,1,1
0.6010837261733962,0.7580574912891986,17.0,38.78734881610487,0,1,1,1,1
0.601570506251281,0.7581343513014962,20.0,46.1125020250644,0,1,1,1,1
0.5991881127450981,0.7580422794117647,15.0,34.23120351444027,0,1,1,1,1
0.6028677983539095,0.764158950617284,16.0,35.98498230927188,0,1,1,1,1
0.5946497364152473,0.756779703974047,15.0,33.923833310857006,0,1,1,1,1
0.6005284926470589,0.7579273897058824,19.0,42.97719602978598,0,1,1,1,1
0.6005284926470589,0.7579273897058824,19.0,42.97719602978598,0,1,1,1,1
0.6039223251028807,0.7623456790123457,20.0,45.860704752487294,0,1,1,1,1
0.6031764403292181,0.7623456790123457,18.0,40.98638995743804,0,1,1,1,1
0.6028292181069959,0.7612397119341564,15.0,33.27368534390266,0,1,1,1,1
0.6024819958847737,0.7623971193415637,18.0,40.44734407977148,0,1,1,1,1
0.6001671810699588,0.7595293209876544,17.0,37.820828202179975,0,1,1,1,1
0.6001671810699588,0.7595293209876544,17.0,37.820828202179975,0,1,1,1,1
0.6022890946502057,0.7626671810699589,14.0,30.18605043704819,0,1,1,1,1
0.6033564814814815,0.7586934156378601,20.0,45.46091143359404,0,1,1,1,1
0.6015560699588477,0.7628343621399177,18.0,40.29244516262337,0,1,1,1,1
0.609258395522388,0.7674388474295191,16.0,35.198921804960264,0,1,1,1,1
0.6115242602319413,0.7689037391440012,18.0,40.32345748259733,0,1,1,1,1
0.6131735588972431,0.7689014202172096,18.0,41.28066381476812,0,1,1,1,1
0.6085717247097844,0.7682680348258707,17.0,37.64843696525213,0,1,1,1,1
0.6082478233830846,0.7650419776119403,17.0,37.09289933724539,0,1,1,1,1
0.6106921836808986,0.7641583025638359,18.0,40.98191356679812,0,1,1,1,1
0.6106921836808986,0.7641583025638359,18.0,40.98191356679812,0,1,1,1,1
0.6128867464829321,0.7696811715700401,18.0,42.00251417767785,0,1,1,1,1
0.6089701605931205,0.7655288045898719,17.0,37.83817730286069,0,1,1,1,1
0.6108564093159728,0.7632364884336276,16.0,35.69561708368809,0,1,1,1,1
0.6142228393282859,0.7665374236986193,15.0,33.24192540488777,0,1,1,1,1
0.6142170837292789,0.7702196177805933,16.0,35.58440751833621,0,1,1,1,1
0.610345550286867,0.7696942705195043,18.0,40.22937736742877,0,1,1,1,1
0.610345550286867,0.7696942705195043,18.0,40.22937736742877,0,1,1,1,1
0.6159724421919544,0.775974025974026,17.0,37.527595168642314,0,1,1,1,1
0.6105813313772236,0.7689476304000419,18.0,40.19340360469807,0,1,1,1,1
0.6105813313772236,0.7689476304000419,18.0,40.19340360469807,0,1,1,1,1
0.6144810474078767,0.7722521381057966,17.0,37.751965096958735,0,1,1,1,1
0.6169359096188365,0.7723049308415162,14.0,30.460568025713492,0,1,1,1,1
0.6163947840777109,0.7735587583148559,17.0,37.84853154790407,0,1,1,1,1
0.6167643332277478,0.775723260479358,13.0,28.445521595391273,0,1,1,1,1
0.6166455495723788,0.773664343786295,13.0,28.211513629193938,0,1,1,1,1
0.61772780065463,0.7749841621792841,15.0,32.605797486423974,0,1,1,1,1
0.6214857568423012,0.7797430646062186,18.0,41.06426843875149,0,1,1,1,1
0.6182807138867463,0.7801686304758358,15.0,32.769287269726405,0,1,1,1,1
0.6182807138867463,0.7801686304758358,15.0,32.769287269726405,0,1,1,1,1
0.6189057637577466,0.7805011038114743,15.0,32.77199056550656,0,1,1,1,1
0.6183073117535973,0.7795435806048355,16.0,34.71653623135766,0,1,1,1,1
0.6205149347022368,0.7797430646062186,18.0,41.186533778047966,0,1,1,1,1
0.6196904008298535,0.7768305981860255,17.0,38.691181824605245,0,1,1,1,1
0.6147978038221941,0.7763303769401331,19.0,42.55621507412863,0,1,1,1,1
0.6150617675007919,0.7724237144968852,13.0,27.71361456179195,0,1,1,1,1
0.622514071294559,0.7803403913160011,15.0,33.212317806214394,0,1,1,1,1
0.622514071294559,0.7803403913160011,15.0,33.212317806214394,0,1,1,1,1
0.6146634039949996,0.7764183312498337,13.0,27.918822436059976,0,1,1,1,1
0.6176689629491715,0.7751549325744075,17.0,37.81060183995089,0,1,1,1,1
0.6176689629491715,0.7751549325744075,17.0,37.81060183995089,0,1,1,1,1
0.618174322419342,0.7772162672553661,18.0,39.519279179736124,0,1,1,1,1
0.621283296855816,0.7828698019537714,17.0,37.282322790818576,0,1,1,1,1
0.6170572120115967,0.7760858579141953,19.0,41.742130215215404,0,1,1,1,1
0.6186131872223848,0.7761922493815996,19.0,43.192447459132445,0,1,1,1,1
0.6198100912306833,0.7779743064606218,21.0,48.24028560887976,0,1,1,1,1
0.6198100912306833,0.7779743064606218,21.0,48.24028560887976,0,1,1,1,1
0.6211931803069394,0.7805144027448998,16.0,35.02396918468238,0,1,1,1,1
0.6214192621751735,0.7807537835465596,14.0,30.39526467543596,0,1,1,1,1
0.6252747252747253,0.783717502010185,15.0,32.34026581401953,0,1,1,1,1
0.6240418118466899,0.7859153042079872,16.0,35.24672251869141,0,1,1,1,1
0.6226346823907799,0.7841329402305012,15.0,33.24058447792142,0,1,1,1,1
0.6226346823907799,0.7841329402305012,15.0,33.24058447792142,0,1,1,1,1
0.6205282336356625,0.7796632710056653,16.0,36.02613057114156,0,1,1,1,1
0.6249932993835433,0.7843875636558564,18.0,40.51047242865506,0,1,1,1,1
0.6203154507008538,0.7796898688725165,17.0,38.683639803691214,0,1,1,1,1
0.6172699949464053,0.7787722424661542,19.0,43.27426737543262,0,1,1,1,1
0.6192217981340119,0.7815283078880407,14.0,30.93052211161634,0,1,1,1,1
0.6261994103457518,0.7868399892790137,13.0,27.736206227464844,0,1,1,1,1
0.6299660852713178,0.788234819121447,16.0,35.57418365929478,0,1,1,1,1
0.6307565567350025,0.7867541798341572,14.0,30.699322386657666,0,1,1,1,1
0.6320810971973763,0.7873366943134384,18.0,40.09447970263291,0,1,1,1,1
0.6320810971973763,0.7873366943134384,18.0,40.09447970263291,0,1,1,1,1
0.6301218161683277,0.7890365448504983,14.0,30.302687207695154,0,1,1,1,1
0.6250133547008547,0.7801415598290599,19.0,43.739415615934874,0,1,1,1,1
0.6270168855534709,0.785285446261056,14.0,30.32800576472636,0,1,1,1,1
0.6286337209302325,0.7866063738156761,17.0,38.28453760848855,0,1,1,1,1
0.6254623425355132,0.7844143661216832,18.0,40.560889209306126,0,1,1,1,1
0.6253149289734655,0.7829536317341196,18.0,40.7894115739764,0,1,1,1,1
0.6221955128205128,0.7773504273504274,16.0,36.3331053314632,0,1,1,1,1
0.6249332264957265,0.7816773504273504,15.0,33.55392821658161,0,1,1,1,1
0.6249332264957265,0.7816773504273504,15.0,33.55392821658161,0,1,1,1,1
0.6249465811965812,0.7789930555555555,19.0,43.10481862623439,0,1,1,1,1
0.6245912623961405,0.782779415706245,17.0,38.7015328759673,0,1,1,1,1
0.6245912623961405,0.782779415706245,17.0,38.7015328759673,0,1,1,1,1
0.6231171267756633,0.7782900026802466,17.0,38.63900917159669,0,1,1,1,1
0.6217770034843205,0.782310372554275,15.0,32.6010737674733,0,1,1,1,1
0.6235191637630662,0.7871348164031091,15.0,33.582836756126284,0,1,1,1,1
0.6265344411685875,0.7886089520235862,16.0,35.50438481899022,0,1,1,1,1
0.6236933797909407,0.7818547306352185,16.0,35.93606579367972,0,1,1,1,1
0.6193446285607894,0.780221826209538,17.0,37.79181842437915,0,1,1,1,1
0.6193446285607894,0.780221826209538,17.0,37.79181842437915,0,1,1,1,1
0.6166316461419794,0.779357395536878,14.0,30.228602658511125,0,1,1,1,1
0.6192442173211404,0.7824905863367402,16.0,34.466162347724094,0,1,1,1,1
0.6170731707317073,0.7791074778879656,17.0,38.20494139423901,0,1,1,1,1
0.6170731707317073,0.7791074778879656,17.0,38.20494139423901,0,1,1,1,1
0.6162154918252479,0.7762262128115787,18.0,39.165500201554714,0,1,1,1,1
0.6221943116441131,0.7793668800475381,17.0,37.18755900350097,0,1,1,1,1
0.6209997319753418,0.7753819351380327,18.0,41.066780386813846,0,1,1,1,1
0.6177753544165758,0.7792377051360481,15.0,32.395747811782414,0,1,1,1,1
0.6177753544165758,0.7792377051360481,15.0,32.395747811782414,0,1,1,1,1
0.6141592451229856,0.7782681297709924,18.0,39.7568897720003,0,1,1,1,1
0.6157852564102564,0.7766826923076923,13.0,27.394614708545728,0,1,1,1,1
0.6132478632478633,0.777457264957265,16.0,34.89711459155557,0,1,1,1,1
0.6142761752136752,0.7765357905982906,19.0,42.40908840622172,0,1,1,1,1
0.6142761752136752,0.7765357905982906,19.0,42.40908840622172,0,1,1,1,1
0.6148868168731345,0.7773580918671914,15.0,33.60769245894195,0,1,1,1,1
0.6162075068015531,0.7809107477746374,15.0,32.1030398510477,0,1,1,1,1
0.6162075068015531,0.7809107477746374,15.0,32.1030398510477,0,1,1,1,1
0.6123907129084234,0.7773580918671914,18.0,40.070518715689005,0,1,1,1,1
0.60651776384535,0.7820010449320794,16.0,33.91114968889093,0,1,1,1,1
0.6174782837588839,0.7847196630692287,15.0,32.24236439248721,0,1,1,1,1
0.6210676457381336,0.7875274043160146,14.0,29.96723381196747,0,1,1,1,1
0.6210676457381336,0.7875274043160146,14.0,29.96723381196747,0,1,1,1,1
0.6190205763490848,0.7836709897250324,15.0,32.29926315875739,0,1,1,1,1
0.6188885073562429,0.783076679257244,17.0,37.72006515408682,0,1,1,1,1
0.6124567474048442,0.781875851945056,17.0,38.22268611158277,0,1,1,1,1
